date,temperature_mean,temperature_max,temperature_min,pressure_hpa,wind_speed_max_kmh,wind_direction_deg,precipitation_mm
2000-01-01,-8.4,-6.4,-10.9,1020.3,10.0,269,0.0
2000-01-02,-9.8,-8.5,-11.6,1025.2,6.1,22,0.0
2000-01-03,-11.7,-10.2,-13.7,1019.4,14.0,149,0.0
2000-01-04,-5.4,-0.3,-10.5,1008.8,21.3,197,2.3
2000-01-05,-0.0,0.5,-0.6,1003.5,23.0,254,0.6
2000-01-06,-2.6,-0.3,-4.8,1017.9,16.6,276,0.0
2000-01-07,-4.7,-2.9,-5.9,1017.7,23.7,239,0.5
2000-01-08,-2.9,-1.3,-4.6,1015.9,21.1,248,0.0
2000-01-09,-0.2,1.1,-1.1,1017.1,20.9,251,0.0
2000-01-10,-0.9,-0.4,-1.5,1021.3,14.7,266,0.0
2000-01-11,-1.8,-0.6,-2.7,1027.4,16.5,269,0.0
2000-01-12,-0.9,0.3,-2.7,1027.6,23.3,244,0.5
2000-01-13,-1.5,0.1,-4.0,1022.5,23.8,246,0.5
2000-01-14,-4.6,-3.2,-6.6,1023.9,20.0,256,0.0
2000-01-15,-5.3,-4.2,-6.3,1023.9,10.9,245,0.0
2000-01-16,-6.2,-5.2,-7.1,1016.8,20.9,250,0.0
2000-01-17,-3.8,-2.5,-6.0,985.6,24.3,213,5.0
2000-01-18,-5.7,-4.0,-7.8,980.2,9.7,152,0.0
2000-01-19,-9.0,-7.8,-10.8,990.7,12.9,346,1.7
2000-01-20,-12.3,-10.8,-16.0,993.8,17.3,312,0.0
2000-01-21,-16.0,-14.5,-17.3,988.8,13.3,312,0.0
2000-01-22,-12.5,-10.1,-14.8,994.5,20.3,294,0.0
2000-01-23,-13.6,-12.5,-15.6,1006.9,18.2,303,0.0
2000-01-24,-15.6,-14.0,-17.5,1013.3,15.5,252,0.0
2000-01-25,-18.2,-16.6,-21.1,1013.7,10.9,348,0.0
2000-01-26,-21.7,-18.7,-23.5,1011.1,16.0,307,0.0
2000-01-27,-9.0,-2.7,-20.1,997.5,20.0,263,3.7
2000-01-28,-2.6,0.0,-4.3,995.0,21.7,233,2.7
2000-01-29,-2.6,-0.9,-4.4,1001.2,22.5,228,0.0
2000-01-30,-1.4,-0.1,-2.3,990.4,31.4,181,2.0
2000-01-31,-3.4,0.5,-7.9,992.2,22.5,255,0.6
2000-02-01,-8.7,-5.3,-13.4,1004.7,20.9,258,0.4
2000-02-02,-3.4,1.8,-7.9,995.5,25.6,230,2.0
2000-02-03,-3.0,-0.6,-7.8,992.0,22.0,295,1.0
2000-02-04,-8.4,-4.7,-10.4,1008.7,25.0,267,0.7
2000-02-05,-2.3,-0.2,-4.1,997.0,24.2,286,3.3
2000-02-06,-6.3,-4.5,-7.7,1011.8,19.2,272,1.2
2000-02-07,-0.0,2.1,-4.3,1007.7,21.7,255,0.3
2000-02-08,0.7,2.0,-0.8,1000.3,19.7,223,1.5
2000-02-09,0.9,2.3,-0.3,994.5,15.4,214,0.4
2000-02-10,0.3,1.7,-1.5,1006.9,12.6,285,1.0
2000-02-11,-2.0,0.4,-3.6,1014.0,20.4,231,0.4
2000-02-12,0.8,2.5,-0.2,1015.4,21.8,267,0.4
2000-02-13,-0.2,0.6,-1.6,1015.4,17.1,222,0.0
2000-02-14,-1.7,-0.1,-2.6,1008.2,18.1,208,1.0
2000-02-15,-2.6,-0.7,-4.4,1007.1,16.0,253,2.1
2000-02-16,-3.4,-1.3,-5.8,1007.6,17.6,203,0.6
2000-02-17,-1.3,0.8,-2.8,1008.3,21.3,186,0.6
2000-02-18,-2.3,-1.1,-3.5,1010.5,22.0,171,5.6
2000-02-19,-1.2,-0.4,-2.0,1009.7,16.4,41,6.9
2000-02-20,-2.3,-1.7,-4.0,1012.0,16.6,30,15.8
2000-02-21,-6.2,-4.2,-8.0,1012.0,18.8,360,9.0
2000-02-22,-8.7,-7.1,-10.0,1017.7,14.6,344,0.0
2000-02-23,-10.3,-9.5,-11.0,1017.1,20.2,343,0.4
2000-02-24,-11.4,-10.1,-12.9,1018.3,20.8,334,0.0
2000-02-25,-12.9,-8.8,-16.3,1014.5,11.8,328,0.0
2000-02-26,-17.8,-13.3,-22.0,1016.2,8.2,51,0.0
2000-02-27,-18.1,-11.0,-23.7,1026.6,16.4,269,0.0
2000-02-28,-1.7,2.5,-10.4,1015.1,30.5,238,0.0
2000-02-29,2.2,4.1,0.9,1007.6,26.8,247,0.4
2000-03-01,0.5,2.7,-1.7,1008.0,23.7,201,1.2
2000-03-02,1.6,2.9,0.7,1004.0,27.2,206,0.6
2000-03-03,-0.9,0.6,-2.9,1006.9,25.2,213,0.6
2000-03-04,0.0,3.0,-2.7,997.6,29.7,198,2.2
2000-03-05,-2.2,-0.1,-5.4,1003.6,21.6,244,0.2
2000-03-06,-6.3,-2.9,-9.3,1011.5,19.3,241,0.1
2000-03-07,-2.7,2.0,-6.8,994.8,30.3,208,3.7
2000-03-08,-1.9,-0.4,-5.1,992.9,25.2,269,0.6
2000-03-09,-4.2,-1.7,-6.4,989.6,17.7,4,4.1
2000-03-10,-6.1,-3.5,-8.7,992.0,21.6,309,0.5
2000-03-11,-6.7,-3.1,-9.4,1001.8,17.8,286,0.5
2000-03-12,-7.8,-3.9,-12.3,1010.5,17.4,294,0.0
2000-03-13,-8.0,-3.7,-12.1,1019.0,11.4,286,0.0
2000-03-14,-4.1,0.8,-12.1,1014.5,26.1,200,1.2
2000-03-15,1.1,3.3,-0.2,1005.0,25.7,186,0.1
2000-03-16,0.3,1.5,-1.0,1002.2,20.1,159,2.0
2000-03-17,-1.6,0.3,-2.6,1007.3,18.7,128,2.1
2000-03-18,-3.1,0.8,-7.6,1018.8,10.1,142,0.0
2000-03-19,-3.4,0.2,-8.6,1023.7,18.6,42,0.0
2000-03-20,-0.8,1.5,-2.5,1020.5,19.7,196,0.0
2000-03-21,-0.6,2.9,-4.1,1016.9,19.6,230,0.0
2000-03-22,0.8,2.5,-0.5,1007.5,17.2,246,4.7
2000-03-23,0.1,2.9,-1.8,1003.7,13.7,247,0.3
2000-03-24,-1.8,1.1,-5.4,1003.3,13.5,295,0.3
2000-03-25,-2.6,0.5,-5.8,1010.1,21.9,299,0.1
2000-03-26,-3.5,0.2,-6.8,1013.8,16.7,297,0.2
2000-03-27,-5.2,0.2,-11.6,1021.2,11.8,332,0.0
2000-03-28,-6.2,-0.4,-12.4,1029.1,10.4,81,0.0
2000-03-29,-4.2,1.3,-10.7,1030.3,11.7,199,0.0
2000-03-30,-0.5,4.8,-5.7,1022.2,19.2,240,0.0
2000-03-31,1.5,5.7,-2.5,1013.0,16.4,213,0.0
2000-04-01,1.8,4.3,0.3,1004.4,17.7,183,2.1
2000-04-02,2.5,4.1,1.1,1009.8,17.8,248,0.3
2000-04-03,0.9,1.5,0.2,1009.0,18.0,78,9.4
2000-04-04,1.4,3.9,0.1,1010.6,16.3,348,0.0
2000-04-05,2.3,6.0,-0.1,1012.6,21.0,153,1.7
2000-04-06,3.6,7.7,0.7,1007.2,18.0,131,0.5
2000-04-07,-0.1,0.4,-0.8,1009.9,20.3,21,15.0
2000-04-08,3.0,7.2,-0.3,1012.1,15.3,62,5.9
2000-04-09,5.0,9.1,1.6,1017.1,17.7,102,0.0
2000-04-10,4.1,7.9,0.8,1018.9,12.8,192,0.0
2000-04-11,5.0,8.7,1.7,1015.2,9.7,104,1.8
2000-04-12,4.5,9.7,-1.8,1009.7,10.9,139,0.0
2000-04-13,7.4,12.8,2.2,1006.6,16.0,197,0.2
2000-04-14,8.3,15.2,0.5,1005.4,19.9,203,6.5
2000-04-15,9.4,17.4,4.3,1005.5,21.6,222,5.1
2000-04-16,7.8,14.0,1.1,1013.8,15.1,147,0.0
2000-04-17,11.9,16.0,8.1,1011.3,19.1,161,0.0
2000-04-18,11.0,15.8,4.8,1015.1,14.7,105,1.0
2000-04-19,10.6,15.1,5.3,1016.6,10.5,100,0.5
2000-04-20,12.0,17.2,6.8,1018.4,12.9,93,0.0
2000-04-21,13.4,19.8,4.8,1018.8,10.8,109,0.0
2000-04-22,14.0,20.0,6.6,1016.8,9.4,104,0.0
2000-04-23,14.7,20.6,7.0,1015.6,15.8,19,0.0
2000-04-24,14.7,21.7,6.0,1018.9,10.4,166,0.0
2000-04-25,16.6,22.7,9.5,1018.1,10.6,217,0.0
2000-04-26,16.7,22.9,8.8,1014.9,11.2,235,0.0
2000-04-27,13.9,17.3,10.9,1020.0,15.9,355,0.0
2000-04-28,11.3,16.0,5.9,1027.4,12.0,78,0.0
2000-04-29,11.9,16.4,8.4,1021.6,16.7,328,0.1
2000-04-30,8.0,10.1,3.4,1018.6,22.1,357,0.0
2000-05-01,0.9,3.1,-1.3,1021.7,27.2,358,0.0
2000-05-02,1.6,6.1,-2.5,1023.6,21.7,353,0.0
2000-05-03,4.9,10.2,-1.5,1021.6,15.0,311,0.0
2000-05-04,6.2,8.5,4.4,1015.2,21.8,281,0.9
2000-05-05,7.5,11.9,1.9,1016.2,18.4,291,2.1
2000-05-06,7.7,11.0,4.8,1012.0,21.9,299,3.0
2000-05-07,6.4,9.5,2.9,1021.4,20.2,355,0.0
2000-05-08,9.4,14.9,1.9,1019.9,19.0,287,0.0
2000-05-09,10.1,13.2,6.1,1017.8,22.2,343,0.0
2000-05-10,9.5,13.8,2.8,1018.3,11.3,28,0.0
2000-05-11,10.5,17.4,5.1,1006.5,23.4,252,4.0
2000-05-12,3.9,5.9,1.5,1000.7,33.8,322,2.8
2000-05-13,1.8,4.7,-1.1,1006.5,35.7,321,0.0
2000-05-14,2.5,5.5,-0.3,1007.7,33.7,327,0.0
2000-05-15,5.6,11.8,-0.8,1009.9,26.5,300,1.1
2000-05-16,3.8,7.0,0.2,1015.6,21.6,347,0.0
2000-05-17,6.5,12.0,-1.2,1016.6,16.1,306,0.0
2000-05-18,7.2,11.3,2.1,1013.9,15.0,64,0.0
2000-05-19,8.5,13.2,1.8,1013.8,10.9,123,0.0
2000-05-20,10.5,15.8,2.2,1011.1,11.0,165,0.0
2000-05-21,13.3,18.5,6.6,1008.9,18.2,142,0.0
2000-05-22,14.8,19.7,9.1,1009.7,24.6,108,0.0
2000-05-23,12.1,14.7,7.7,1013.0,13.5,99,6.8
2000-05-24,13.4,17.8,7.9,1014.2,8.4,115,2.1
2000-05-25,14.4,19.0,7.6,1015.7,9.9,257,0.8
2000-05-26,16.2,20.7,9.9,1014.8,17.9,218,0.0
2000-05-27,14.7,18.1,10.8,1017.8,15.9,273,0.0
2000-05-28,17.4,23.7,8.3,1016.8,19.5,213,0.0
2000-05-29,21.7,27.2,15.9,1013.1,15.5,186,0.0
2000-05-30,21.2,26.5,16.4,1010.8,18.9,171,0.5
2000-05-31,14.8,18.6,11.0,1012.5,18.8,266,9.8
2000-06-01,10.8,13.3,9.2,1017.9,22.0,4,16.5
2000-06-02,13.1,17.2,7.2,1021.2,9.7,299,0.0
2000-06-03,14.1,19.7,9.7,1016.3,25.5,219,6.7
2000-06-04,13.4,16.6,10.5,1014.1,25.0,274,0.0
2000-06-05,12.0,15.4,7.9,1015.4,16.8,280,0.0
2000-06-06,12.7,16.5,8.5,1014.7,18.4,303,0.0
2000-06-07,13.5,17.1,8.1,1013.5,15.3,133,0.0
2000-06-08,13.6,16.2,11.0,1006.3,22.2,239,2.3
2000-06-09,11.0,14.1,9.5,1008.2,27.2,288,3.7
2000-06-10,12.9,16.7,9.1,1018.7,23.5,336,0.0
2000-06-11,15.9,21.9,6.9,1021.4,12.5,256,0.0
2000-06-12,19.8,26.4,13.4,1013.5,27.1,230,2.9
2000-06-13,15.2,18.6,11.9,1013.5,28.4,296,0.2
2000-06-14,17.4,22.0,12.0,1012.8,24.5,263,0.1
2000-06-15,15.2,18.5,12.4,1006.9,20.7,277,0.0
2000-06-16,12.2,15.6,8.5,1004.8,11.2,230,4.0
2000-06-17,11.0,14.7,7.2,1007.5,15.0,313,3.0
2000-06-18,10.9,14.0,7.5,1016.3,15.8,352,3.4
2000-06-19,11.1,14.7,6.9,1022.7,18.4,9,0.0
2000-06-20,10.5,12.2,8.9,1016.0,18.8,28,1.6
2000-06-21,14.0,18.3,9.2,1012.1,19.9,27,5.3
2000-06-22,14.5,18.3,10.9,1013.0,9.9,189,0.6
2000-06-23,16.9,22.6,8.7,1014.5,7.9,236,0.0
2000-06-24,20.1,25.3,12.9,1010.1,7.3,42,0.0
2000-06-25,21.5,25.3,15.3,1008.7,10.5,155,0.1
2000-06-26,21.3,26.2,15.0,1005.5,10.2,186,0.0
2000-06-27,18.4,22.9,15.4,1004.5,16.2,275,5.0
2000-06-28,14.7,15.8,14.1,1005.1,18.6,318,14.6
2000-06-29,14.8,16.9,12.2,1002.4,20.4,233,18.6
2000-06-30,14.0,17.3,10.3,1012.7,15.5,201,1.2
2000-07-01,15.0,19.2,10.9,1016.9,18.6,154,3.4
2000-07-02,15.3,19.1,12.6,1011.2,12.9,151,11.9
2000-07-03,14.9,17.3,12.8,1001.2,14.1,211,12.0
2000-07-04,14.6,18.4,10.4,1002.7,12.2,324,1.4
2000-07-05,17.5,21.1,13.1,1008.7,10.7,67,0.0
2000-07-06,17.8,21.9,13.3,1007.5,10.0,130,2.3
2000-07-07,17.6,21.4,12.8,1007.5,9.1,138,3.6
2000-07-08,17.4,21.3,13.4,1006.0,14.1,172,5.4
2000-07-09,17.9,22.6,13.3,1003.8,14.8,158,2.6
2000-07-10,16.3,17.9,14.9,1000.3,15.8,130,15.9
2000-07-11,17.4,20.5,15.1,1003.8,15.5,139,10.1
2000-07-12,18.3,21.5,14.1,1008.5,13.8,144,1.7
2000-07-13,18.4,21.3,16.1,1006.5,17.0,166,7.2
2000-07-14,20.2,26.4,13.4,1006.1,26.4,128,0.4
2000-07-15,19.2,22.2,15.0,1003.1,28.8,140,0.8
2000-07-16,18.3,22.0,14.2,1013.8,21.7,175,0.1
2000-07-17,18.9,22.6,15.9,1010.3,27.2,113,9.6
2000-07-18,19.1,21.3,17.4,1006.1,18.1,131,8.0
2000-07-19,17.6,20.0,15.3,1009.2,23.4,165,0.7
2000-07-20,18.6,22.9,13.9,1014.4,8.3,88,1.4
2000-07-21,18.5,20.3,16.6,1013.1,18.0,89,11.6
2000-07-22,18.4,20.6,16.3,1013.3,19.4,179,1.6
2000-07-23,19.2,23.4,13.7,1017.7,10.8,177,0.0
2000-07-24,20.1,25.3,17.4,1005.8,25.9,95,17.7
2000-07-25,17.7,20.3,15.2,1001.3,23.5,176,2.4
2000-07-26,17.4,20.6,15.1,1000.5,17.6,226,6.0
2000-07-27,16.6,18.5,15.3,1002.4,11.9,302,4.2
2000-07-28,15.2,17.0,13.6,1006.5,9.2,359,0.5
2000-07-29,14.0,15.9,12.3,1010.9,7.2,327,1.8
2000-07-30,15.4,17.5,12.9,1010.1,10.5,90,3.5
2000-07-31,16.8,18.7,14.8,1008.6,14.2,291,2.6
2000-08-01,17.0,20.6,13.1,1012.6,10.9,316,0.1
2000-08-02,16.9,20.5,12.9,1012.6,15.5,298,0.0
2000-08-03,16.2,19.9,12.9,1010.9,24.7,222,6.2
2000-08-04,15.4,18.0,13.9,1010.3,22.1,277,5.9
2000-08-05,14.8,16.9,13.0,1014.2,12.3,283,3.9
2000-08-06,15.5,19.3,12.2,1016.0,13.4,290,0.4
2000-08-07,17.1,21.3,13.3,1011.8,20.8,232,2.2
2000-08-08,16.5,18.3,13.4,1007.8,20.2,235,11.7
2000-08-09,14.5,18.0,11.0,1012.2,17.2,238,0.0
2000-08-10,14.0,16.6,10.7,1013.0,19.5,257,0.1
2000-08-11,14.7,18.3,11.4,1014.4,14.9,249,2.3
2000-08-12,14.6,18.5,9.4,1014.8,13.8,173,3.4
2000-08-13,15.4,18.4,13.1,1012.7,12.6,236,6.4
2000-08-14,16.2,19.8,13.8,1016.5,15.4,332,0.9
2000-08-15,16.5,19.9,13.2,1017.1,13.6,296,0.0
2000-08-16,17.2,22.0,14.0,1011.6,16.3,248,4.1
2000-08-17,17.1,19.8,15.0,1009.5,17.7,274,2.5
2000-08-18,15.9,18.8,13.3,1011.6,12.5,244,1.5
2000-08-19,15.9,18.8,13.0,1014.8,15.5,271,0.5
2000-08-20,16.2,20.3,12.5,1013.4,9.2,293,0.5
2000-08-21,16.1,19.6,12.3,1011.3,16.0,225,3.0
2000-08-22,16.1,19.3,13.2,1009.6,12.2,299,4.6
2000-08-23,14.3,16.4,12.2,1009.1,19.8,289,4.4
2000-08-24,12.3,14.4,10.7,1008.4,22.8,268,0.7
2000-08-25,11.6,14.5,9.0,1007.7,12.8,259,1.9
2000-08-26,12.0,15.4,8.8,1018.0,12.5,22,0.4
2000-08-27,12.8,17.1,7.3,1027.5,11.8,32,0.0
2000-08-28,14.5,18.3,9.9,1028.5,9.2,44,0.0
2000-08-29,15.4,19.4,11.2,1025.3,6.5,47,0.0
2000-08-30,16.4,20.4,12.2,1020.3,10.5,67,0.0
2000-08-31,16.7,20.1,13.9,1013.7,15.3,103,2.3
2000-09-01,14.3,16.5,12.2,1007.1,11.7,198,9.0
2000-09-02,14.0,17.7,11.3,1008.7,11.0,229,0.0
2000-09-03,14.0,18.8,8.9,1008.8,15.1,139,0.0
2000-09-04,15.1,16.4,13.3,1004.6,17.8,170,7.3
2000-09-05,13.4,15.8,11.3,1005.5,17.6,242,4.9
2000-09-06,10.2,11.1,9.5,1010.8,11.4,18,1.4
2000-09-07,10.0,12.3,8.5,1013.5,17.3,26,0.0
2000-09-08,10.1,14.2,7.0,1018.1,17.1,52,0.0
2000-09-09,9.7,11.9,6.6,1017.2,14.5,211,3.1
2000-09-10,11.8,14.5,9.4,1012.8,17.9,256,0.2
2000-09-11,11.2,14.1,9.0,1008.7,20.5,279,0.1
2000-09-12,9.6,11.9,7.8,1006.8,17.5,275,1.8
2000-09-13,8.7,10.9,7.2,1010.6,16.8,301,1.9
2000-09-14,7.9,11.8,4.3,1014.4,6.7,357,3.0
2000-09-15,5.9,9.2,3.1,1017.6,11.7,25,3.3
2000-09-16,4.8,8.1,2.2,1019.0,12.3,1,1.7
2000-09-17,5.9,8.8,3.7,1020.4,16.2,350,0.3
2000-09-18,7.3,11.9,3.3,1024.3,8.4,354,0.0
2000-09-19,7.8,13.0,1.9,1024.3,9.2,78,0.0
2000-09-20,9.8,14.1,4.9,1020.5,12.8,63,0.0
2000-09-21,7.1,9.1,3.7,1022.7,22.2,47,0.0
2000-09-22,4.5,8.4,0.8,1031.1,15.1,33,0.0
2000-09-23,6.7,11.4,2.6,1034.4,7.1,5,0.0
2000-09-24,9.0,14.9,4.4,1034.2,10.0,7,0.0
2000-09-25,8.9,13.9,2.5,1028.1,14.1,302,0.0
2000-09-26,7.8,9.2,4.7,1023.5,15.4,337,0.0
2000-09-27,4.7,8.8,0.5,1024.5,9.9,346,0.0
2000-09-28,5.8,9.8,1.9,1024.0,5.8,220,0.0
2000-09-29,6.7,12.9,1.3,1026.4,9.1,243,0.0
2000-09-30,9.0,14.7,4.9,1028.9,14.1,259,0.0
2000-10-01,9.8,15.6,5.4,1029.8,11.9,269,0.0
2000-10-02,8.9,14.9,3.0,1027.5,11.6,203,0.0
2000-10-03,9.9,14.9,5.1,1025.3,15.5,199,0.7
2000-10-04,12.1,15.4,9.8,1023.0,12.3,265,0.0
2000-10-05,10.9,13.0,9.5,1024.1,7.9,275,0.0
2000-10-06,10.6,13.4,8.3,1028.2,10.9,93,0.0
2000-10-07,9.9,11.7,8.6,1033.6,21.3,113,0.9
2000-10-08,9.8,12.0,5.9,1035.2,17.5,148,0.0
2000-10-09,5.1,8.5,1.1,1032.6,14.7,121,0.0
2000-10-10,5.5,8.0,3.8,1026.2,21.1,117,0.0
2000-10-11,5.3,7.6,3.2,1025.8,21.2,125,0.0
2000-10-12,5.9,9.0,3.9,1028.7,19.5,138,0.0
2000-10-13,6.6,8.8,4.5,1029.3,17.3,169,0.0
2000-10-14,8.7,11.0,7.3,1020.4,24.7,190,2.6
2000-10-15,7.8,9.6,7.0,1014.9,29.4,296,7.0
2000-10-16,6.9,8.0,5.6,1028.0,17.9,343,0.0
2000-10-17,5.4,6.8,4.2,1034.1,9.4,30,0.0
2000-10-18,4.0,5.6,2.2,1037.4,9.0,119,0.0
2000-10-19,3.7,5.1,2.8,1038.5,11.2,225,0.0
2000-10-20,2.4,5.8,0.2,1038.0,10.9,269,0.0
2000-10-21,1.1,5.7,-1.1,1038.5,10.2,268,0.0
2000-10-22,0.6,5.0,-2.8,1033.7,18.5,224,0.0
2000-10-23,5.4,7.5,2.3,1022.9,18.5,273,0.8
2000-10-24,3.7,5.8,1.1,1020.0,20.9,221,0.0
2000-10-25,6.1,7.5,4.7,1008.4,24.1,215,0.7
2000-10-26,7.8,9.1,6.6,1001.7,22.2,214,3.3
2000-10-27,8.1,9.6,6.8,1002.2,21.8,234,0.3
2000-10-28,3.3,6.8,1.5,1010.8,18.9,281,1.0
2000-10-29,2.8,4.4,1.5,1016.6,13.3,265,0.1
2000-10-30,5.4,8.4,2.4,1009.6,22.3,223,9.1
2000-10-31,6.6,8.9,4.6,1012.4,20.9,188,0.0
2000-11-01,8.8,10.6,6.7,1011.4,19.4,203,0.0
2000-11-02,7.3,8.6,6.6,1013.1,21.1,188,1.6
2000-11-03,7.0,7.7,6.6,1019.6,10.8,135,0.5
2000-11-04,7.3,7.8,7.0,1025.0,16.7,149,0.1
2000-11-05,7.5,8.1,7.1,1022.6,23.2,156,0.0
2000-11-06,6.5,7.2,5.3,1019.7,21.8,166,1.4
2000-11-07,4.2,5.2,3.1,1023.8,21.4,144,0.4
2000-11-08,1.9,3.1,0.1,1023.9,27.4,148,3.0
2000-11-09,0.3,0.6,-0.4,1023.9,25.2,162,2.3
2000-11-10,-1.1,0.7,-2.3,1021.0,23.1,157,3.4
2000-11-11,2.1,2.7,1.1,1019.6,23.4,194,2.1
2000-11-12,2.0,3.2,1.3,1021.2,8.0,231,0.3
2000-11-13,1.9,2.8,1.6,1022.7,11.9,154,0.2
2000-11-14,1.8,2.6,0.8,1021.0,20.3,160,0.0
2000-11-15,5.1,7.6,2.7,1014.2,19.5,187,0.9
2000-11-16,5.0,7.8,2.0,1014.2,18.8,260,2.4
2000-11-17,1.9,3.3,1.0,1017.6,17.2,314,4.8
2000-11-18,0.4,1.4,-0.8,1024.9,18.5,167,1.5
2000-11-19,3.6,5.3,1.7,1017.0,16.8,222,1.5
2000-11-20,1.3,3.1,0.1,1023.3,12.2,83,0.3
2000-11-21,-1.0,0.3,-3.3,1025.4,19.1,85,10.0
2000-11-22,-4.8,-3.5,-6.5,1031.4,18.9,95,1.9
2000-11-23,-7.6,-5.9,-10.1,1035.6,15.8,126,0.0
2000-11-24,-11.8,-10.3,-13.1,1034.9,14.9,146,0.0
2000-11-25,-11.7,-8.8,-13.3,1033.4,13.4,154,0.0
2000-11-26,-11.1,-7.0,-14.3,1031.3,12.7,168,0.0
2000-11-27,-10.0,-6.9,-12.9,1030.9,12.7,171,0.0
2000-11-28,-10.0,-4.7,-15.9,1030.2,14.0,170,0.0
2000-11-29,-3.9,-2.7,-5.2,1023.3,14.3,214,1.9
2000-11-30,-2.2,-0.8,-3.5,1019.8,11.4,235,1.0
2000-12-01,1.5,2.8,-1.9,1011.4,18.4,242,5.3
2000-12-02,1.9,3.1,1.1,1014.0,18.4,293,0.2
2000-12-03,0.8,2.2,-0.8,1016.4,18.4,248,0.3
2000-12-04,0.8,1.5,0.1,1016.7,18.0,259,0.0
2000-12-05,0.3,1.1,-0.2,1018.3,5.4,260,0.5
2000-12-06,0.7,1.7,-0.1,1026.5,10.2,200,0.6
2000-12-07,0.3,1.4,-1.3,1027.5,19.7,217,0.0
2000-12-08,-0.1,0.7,-1.2,1022.0,21.0,219,0.2
2000-12-09,-1.0,0.3,-1.7,1016.2,15.8,214,4.9
2000-12-10,1.1,2.0,0.4,1014.3,12.7,233,0.0
2000-12-11,1.4,2.5,0.2,1015.8,10.2,239,0.0
2000-12-12,1.6,3.3,1.0,1014.7,19.9,200,4.1
2000-12-13,2.3,3.9,0.4,1010.0,19.9,258,1.9
2000-12-14,1.4,2.9,0.1,1001.0,13.6,184,5.4
2000-12-15,1.4,2.5,0.7,999.4,9.7,241,0.4
2000-12-16,0.3,1.0,-0.5,999.3,17.4,118,3.9
2000-12-17,-4.0,-0.4,-6.7,1000.8,17.2,72,7.3
2000-12-18,-7.7,-6.5,-9.0,1010.9,11.9,16,0.2
2000-12-19,-9.7,-9.2,-10.1,1018.4,14.6,352,0.0
2000-12-20,-7.4,-5.2,-9.8,1022.2,15.6,334,0.1
2000-12-21,-6.7,-5.0,-9.1,1022.9,18.2,337,0.2
2000-12-22,-8.2,-5.8,-11.9,1018.5,15.1,282,2.9
2000-12-23,-3.3,-1.5,-5.5,1001.3,14.6,242,1.2
2000-12-24,-4.5,-3.6,-5.3,995.5,13.7,229,2.9
2000-12-25,-6.8,-4.4,-9.4,1000.7,14.7,283,0.0
2000-12-26,-10.5,-8.7,-13.6,1008.0,7.4,70,0.0
2000-12-27,-17.9,-14.2,-19.6,1014.8,16.8,77,0.0
2000-12-28,-17.7,-15.2,-19.7,1014.5,16.3,88,0.0
2000-12-29,-9.7,-4.9,-14.9,1005.0,20.2,110,4.5
2000-12-30,-3.5,-2.6,-5.1,1009.2,13.3,243,0.0
2000-12-31,-5.3,-4.3,-6.0,1012.9,16.6,103,0.2
2001-01-01,-2.9,-1.2,-4.9,1013.8,15.9,148,1.2
2001-01-02,-4.3,-3.4,-5.0,1016.6,12.8,124,0.0
2001-01-03,-5.4,-4.8,-6.4,1016.5,12.0,141,0.0
2001-01-04,-4.1,-2.8,-5.2,1016.3,10.6,147,0.0
2001-01-05,-4.2,-3.5,-5.0,1016.5,6.6,86,0.0
2001-01-06,-4.5,-3.7,-5.2,1015.5,13.8,136,0.0
2001-01-07,-0.4,1.6,-3.5,1007.7,21.7,204,3.0
2001-01-08,1.1,1.8,-0.7,1011.7,25.4,256,0.0
2001-01-09,-2.2,-1.0,-2.7,1009.1,11.4,94,6.6
2001-01-10,-1.6,-0.8,-3.2,1004.0,10.9,320,0.0
2001-01-11,-3.4,-2.6,-5.3,1000.0,16.2,242,2.8
2001-01-12,-7.7,-5.2,-11.9,1006.6,18.4,325,0.2
2001-01-13,-9.5,-6.4,-12.0,1017.2,25.7,330,0.1
2001-01-14,-7.0,-2.3,-9.6,1023.7,17.0,296,0.0
2001-01-15,-2.4,-1.6,-3.2,1025.5,16.8,287,0.0
2001-01-16,-2.4,-1.5,-3.2,1025.0,16.9,281,0.0
2001-01-17,-3.1,-1.9,-4.1,1026.7,16.2,299,0.0
2001-01-18,-4.8,-3.4,-7.1,1034.3,10.0,319,0.0
2001-01-19,-7.2,-5.7,-8.7,1036.6,16.8,258,0.0
2001-01-20,-6.1,-4.7,-7.2,1031.8,17.0,264,0.0
2001-01-21,-6.7,-4.2,-9.3,1035.3,14.2,341,0.0
2001-01-22,-10.7,-9.7,-12.6,1042.3,6.5,315,0.0
2001-01-23,-14.1,-12.6,-15.0,1041.3,15.3,202,0.0
2001-01-24,-13.9,-11.5,-16.7,1035.1,20.8,210,0.0
2001-01-25,-10.1,-7.9,-12.1,1026.5,24.8,204,0.0
2001-01-26,-4.7,-2.5,-8.2,1017.5,21.8,207,0.3
2001-01-27,-3.1,-1.4,-4.8,1011.0,14.4,158,6.7
2001-01-28,-1.1,-0.3,-1.6,1007.3,10.2,201,0.5
2001-01-29,-0.2,1.0,-1.2,1007.8,18.9,224,2.5
2001-01-30,-1.6,-0.2,-2.8,1014.5,14.2,227,1.1
2001-01-31,-3.8,-2.5,-5.4,1017.1,13.9,282,0.0
2001-02-01,-5.7,-4.1,-6.7,1019.4,19.1,40,0.0
2001-02-02,-12.8,-5.5,-19.6,1013.5,25.2,45,6.1
2001-02-03,-20.9,-19.0,-24.1,1012.1,17.7,67,2.3
2001-02-04,-22.8,-19.3,-26.4,1016.3,11.4,309,0.0
2001-02-05,-20.7,-15.3,-26.4,1024.8,17.5,145,0.0
2001-02-06,-12.8,-11.0,-16.2,1026.2,21.9,132,0.0
2001-02-07,-9.8,-4.4,-13.1,1022.2,24.9,174,10.4
2001-02-08,0.1,2.0,-4.1,1013.1,20.5,210,8.1
2001-02-09,0.5,1.4,-0.7,1011.7,19.1,198,0.0
2001-02-10,-1.3,1.0,-7.5,1022.8,15.2,333,1.4
2001-02-11,-9.0,-4.3,-13.0,1039.0,10.4,290,0.0
2001-02-12,-5.8,-0.1,-10.5,1024.8,25.9,207,5.6
2001-02-13,0.7,2.0,-0.3,1007.9,16.5,280,5.0
2001-02-14,-3.4,-0.6,-5.2,1020.2,20.2,350,0.3
2001-02-15,-0.2,1.4,-1.7,1010.8,24.1,267,0.3
2001-02-16,-1.1,0.9,-4.3,1008.7,37.7,309,0.2
2001-02-17,-4.9,-2.0,-8.3,1019.9,24.4,279,0.0
2001-02-18,-2.3,-0.2,-3.5,1004.1,23.7,283,1.5
2001-02-19,-11.9,-3.9,-19.3,1013.2,20.2,5,0.1
2001-02-20,-17.0,-8.7,-23.6,1008.8,15.4,239,1.5
2001-02-21,-4.6,-2.3,-8.2,988.3,13.9,221,1.9
2001-02-22,-7.9,-5.6,-11.5,983.7,18.6,60,2.5
2001-02-23,-11.3,-9.3,-12.4,988.1,14.8,12,0.8
2001-02-24,-11.9,-9.5,-13.7,995.7,11.1,319,0.0
2001-02-25,-14.5,-12.1,-16.5,1003.9,14.1,286,0.0
2001-02-26,-14.1,-8.6,-19.1,1011.4,13.4,228,0.0
2001-02-27,-10.6,-7.2,-13.4,1011.3,13.7,143,0.4
2001-02-28,-9.4,-6.4,-11.8,1006.9,26.2,314,0.7
2001-03-01,-8.4,-4.1,-12.2,1015.3,17.1,207,0.0
2001-03-02,-6.6,-3.8,-9.8,1007.7,19.2,137,3.2
2001-03-03,-2.2,0.3,-4.5,997.9,25.3,216,3.9
2001-03-04,-2.0,0.7,-6.7,1005.0,16.9,234,4.4
2001-03-05,-7.2,-5.4,-9.0,1009.3,20.0,42,4.9
2001-03-06,-7.4,-3.1,-11.7,1013.6,16.8,295,0.0
2001-03-07,-1.9,1.3,-5.2,1006.3,26.4,268,5.3
2001-03-08,-6.7,-4.2,-9.7,1017.7,27.0,325,0.0
2001-03-09,-9.3,-3.9,-14.7,1025.3,16.3,209,0.0
2001-03-10,-3.7,0.9,-8.0,1013.6,17.7,197,2.1
2001-03-11,1.6,3.0,0.7,1009.2,14.5,211,0.0
2001-03-12,2.2,4.1,1.2,1007.9,14.6,225,0.8
2001-03-13,3.8,5.8,2.3,1005.0,20.2,208,0.4
2001-03-14,4.2,5.4,3.3,1001.1,20.5,193,7.3
2001-03-15,2.6,3.5,0.6,1002.8,14.8,204,6.1
2001-03-16,1.0,3.0,-0.6,1007.3,9.2,322,0.0
2001-03-17,-0.6,1.6,-3.7,1002.1,18.8,307,0.2
2001-03-18,-5.3,-3.9,-6.8,1003.8,15.9,288,0.0
2001-03-19,-6.3,-4.1,-8.9,1006.4,19.1,268,0.0
2001-03-20,-5.1,-1.2,-10.1,1006.2,14.5,311,0.0
2001-03-21,-6.6,-4.6,-9.3,1000.7,18.8,12,3.8
2001-03-22,-7.6,-2.3,-11.7,1000.3,23.7,310,0.0
2001-03-23,-6.4,-1.4,-9.9,1002.9,13.0,262,1.9
2001-03-24,-8.7,-4.5,-14.1,1010.5,13.2,279,0.0
2001-03-25,-8.1,-3.3,-13.0,1011.9,9.4,271,0.5
2001-03-26,-9.0,-4.2,-14.6,1011.4,10.1,351,0.0
2001-03-27,-7.9,-4.0,-12.2,1015.9,19.1,312,0.3
2001-03-28,-8.0,-2.8,-12.9,1019.8,19.2,316,0.0
2001-03-29,-4.9,-0.8,-9.3,1019.0,18.3,323,0.7
2001-03-30,-7.6,-0.3,-15.3,1024.6,13.4,331,0.0
2001-03-31,-2.6,6.0,-13.2,1027.8,19.3,237,0.0
2001-04-01,3.0,6.4,-0.8,1023.9,21.4,236,0.6
2001-04-02,4.5,7.6,1.5,1014.6,21.8,260,3.2
2001-04-03,3.5,8.8,-0.5,1014.5,21.7,277,0.0
2001-04-04,5.2,13.6,-3.4,1014.8,23.7,233,0.0
2001-04-05,7.1,13.5,1.6,1014.6,15.7,179,0.0
2001-04-06,7.8,12.6,2.0,1013.9,17.8,173,0.0
2001-04-07,5.8,7.6,3.3,1010.9,18.1,137,2.1
2001-04-08,7.4,13.7,2.1,1014.0,9.2,201,1.2
2001-04-09,8.7,15.2,1.2,1020.4,17.7,176,0.0
2001-04-10,11.3,16.7,6.1,1016.5,19.5,195,0.0
2001-04-11,9.4,12.4,4.8,1013.1,14.2,354,0.9
2001-04-12,6.3,11.2,3.2,1007.9,10.5,45,3.3
2001-04-13,6.0,8.9,4.0,1008.3,15.6,269,1.1
2001-04-14,6.5,12.5,3.0,1008.6,28.9,96,6.8
2001-04-15,5.5,8.3,2.5,1008.9,31.1,186,6.0
2001-04-16,3.4,7.8,-1.4,1018.3,16.3,201,0.0
2001-04-17,5.2,10.4,-0.9,1014.5,12.6,164,0.0
2001-04-18,6.5,11.5,1.1,1011.5,13.2,190,1.7
2001-04-19,8.3,12.8,3.7,1012.7,18.0,150,0.0
2001-04-20,8.3,13.7,1.8,1013.4,9.5,133,7.0
2001-04-21,9.1,14.3,3.2,1012.9,8.0,155,0.2
2001-04-22,11.1,14.6,6.3,1011.8,16.9,145,0.3
2001-04-23,14.1,19.4,9.9,1011.0,20.7,132,0.0
2001-04-24,15.7,21.2,11.2,1014.1,21.6,139,0.0
2001-04-25,16.1,21.9,9.9,1018.2,15.0,113,0.0
2001-04-26,16.6,21.6,10.6,1018.5,13.5,125,0.0
2001-04-27,16.7,22.1,12.0,1013.9,29.4,130,0.0
2001-04-28,14.1,16.9,11.7,1010.4,27.3,149,0.1
2001-04-29,12.1,15.1,9.1,1011.3,15.2,178,0.4
2001-04-30,12.4,17.2,7.2,1020.8,13.3,282,0.0
2001-05-01,13.7,19.5,6.4,1022.5,15.1,219,0.0
2001-05-02,13.4,16.0,8.7,1010.1,24.0,249,7.9
2001-05-03,9.7,13.6,7.0,1013.3,22.7,316,0.0
2001-05-04,12.6,18.7,5.0,1015.9,12.0,217,0.0
2001-05-05,15.2,20.6,9.2,1017.6,14.5,192,0.0
2001-05-06,16.1,21.1,10.3,1015.6,11.3,205,0.0
2001-05-07,11.7,13.5,8.3,1018.6,20.3,24,0.0
2001-05-08,9.2,12.9,4.8,1022.2,20.6,21,0.0
2001-05-09,11.8,16.5,7.1,1020.3,19.4,14,0.0
2001-05-10,13.0,17.3,7.0,1012.2,13.2,299,0.4
2001-05-11,9.2,11.5,6.6,1009.6,18.6,9,0.4
2001-05-12,6.6,9.4,3.3,1012.5,21.2,16,0.0
2001-05-13,5.9,9.6,1.9,1010.6,17.6,7,0.4
2001-05-14,7.7,12.1,1.7,1008.8,13.2,281,0.0
2001-05-15,10.2,14.5,6.9,1007.1,13.2,249,1.3
2001-05-16,12.9,18.3,6.3,1010.4,10.1,242,0.2
2001-05-17,14.6,21.0,6.6,1012.3,10.2,189,1.5
2001-05-18,16.4,20.2,13.7,1010.2,14.0,234,6.1
2001-05-19,15.3,19.0,12.0,1004.6,22.9,215,11.9
2001-05-20,11.2,13.7,9.5,1007.8,24.4,247,1.3
2001-05-21,9.2,11.6,6.8,1008.2,18.6,273,0.2
2001-05-22,7.1,10.1,4.5,1009.8,19.6,308,3.0
2001-05-23,5.9,10.2,2.0,1018.3,17.5,313,0.0
2001-05-24,11.0,14.6,7.2,1010.7,23.6,234,1.2
2001-05-25,7.3,10.1,4.2,1006.3,24.9,285,1.7
2001-05-26,5.3,8.3,2.4,1009.7,18.9,294,2.1
2001-05-27,8.0,12.7,3.0,1008.0,27.4,271,0.8
2001-05-28,11.7,15.4,9.0,1001.5,18.1,250,3.3
2001-05-29,9.7,11.8,6.9,998.8,15.3,28,0.2
2001-05-30,7.3,8.6,5.6,998.9,19.4,15,5.6
2001-05-31,8.3,11.7,6.2,1001.0,20.2,0,3.2
2001-06-01,9.4,12.8,6.5,1004.6,17.6,327,0.0
2001-06-02,9.5,12.7,6.3,1006.1,10.8,301,0.0
2001-06-03,10.8,15.3,3.6,1008.6,8.7,254,0.2
2001-06-04,13.3,18.2,6.8,1009.5,16.7,186,0.3
2001-06-05,13.3,18.0,7.9,1009.3,9.4,252,9.6
2001-06-06,14.4,19.3,8.9,1011.8,13.6,61,5.4
2001-06-07,14.6,18.2,11.1,1012.3,18.7,115,1.4
2001-06-08,14.1,17.4,11.8,1010.2,14.4,91,3.2
2001-06-09,15.0,18.6,11.3,1008.6,11.9,118,2.6
2001-06-10,13.1,16.2,10.0,1010.7,20.7,305,2.0
2001-06-11,13.5,18.1,7.4,1013.7,11.3,97,0.0
2001-06-12,12.0,13.9,8.9,1002.4,20.8,201,7.5
2001-06-13,10.4,13.9,7.9,1003.8,22.7,242,3.0
2001-06-14,9.3,11.3,7.9,1002.3,28.1,247,9.6
2001-06-15,12.4,15.3,9.3,1010.2,17.4,295,0.4
2001-06-16,14.7,18.9,8.7,1012.2,10.9,288,0.0
2001-06-17,16.0,20.0,9.1,1012.7,5.8,286,0.1
2001-06-18,17.6,22.4,12.2,1013.1,8.8,175,0.7
2001-06-19,18.2,23.4,14.1,1014.5,11.3,133,11.4
2001-06-20,19.5,23.8,15.1,1014.0,10.0,221,4.1
2001-06-21,19.5,23.2,15.3,1010.0,10.1,169,4.6
2001-06-22,17.7,20.2,15.5,1003.2,23.0,92,5.3
2001-06-23,17.1,20.0,15.0,998.4,19.1,129,6.1
2001-06-24,17.0,20.9,12.1,1002.0,11.8,6,2.9
2001-06-25,17.2,20.4,14.3,1005.4,19.4,17,1.3
2001-06-26,14.9,17.3,12.6,1008.9,12.2,7,0.4
2001-06-27,14.5,17.5,11.4,1011.2,11.4,25,0.4
2001-06-28,15.7,19.8,10.5,1014.3,15.4,31,0.1
2001-06-29,16.5,20.1,11.2,1018.4,9.8,38,0.0
2001-06-30,18.6,23.1,12.6,1018.6,10.9,255,0.0
2001-07-01,19.6,23.7,13.9,1018.4,8.7,317,0.1
2001-07-02,20.8,24.4,15.3,1018.6,7.2,136,0.0
2001-07-03,20.4,25.5,15.8,1018.7,14.3,282,3.3
2001-07-04,19.6,23.5,14.7,1019.6,10.8,334,0.0
2001-07-05,20.8,25.2,15.6,1018.3,10.2,322,0.1
2001-07-06,22.6,27.5,16.5,1016.7,12.0,297,0.2
2001-07-07,20.8,25.7,16.8,1015.6,8.6,128,4.6
2001-07-08,19.1,21.4,16.8,1013.3,13.6,62,4.2
2001-07-09,17.8,20.5,15.9,1015.0,17.8,91,0.2
2001-07-10,18.6,21.3,15.6,1015.4,19.7,126,0.0
2001-07-11,20.0,23.4,17.7,1014.8,14.4,165,2.1
2001-07-12,20.5,24.6,16.4,1013.8,10.8,188,1.9
2001-07-13,19.6,22.3,16.8,1013.2,15.1,211,3.9
2001-07-14,20.1,24.1,14.3,1017.0,12.0,221,0.0
2001-07-15,23.2,28.6,16.8,1020.5,14.0,202,0.0
2001-07-16,25.4,30.4,19.7,1019.1,13.2,211,0.3
2001-07-17,25.9,30.7,20.1,1015.2,8.2,179,0.8
2001-07-18,25.6,29.6,20.0,1011.7,10.4,137,0.0
2001-07-19,25.7,30.0,21.8,1010.3,14.0,138,1.5
2001-07-20,22.8,27.1,19.5,1012.9,7.6,154,14.9
2001-07-21,23.2,27.8,18.3,1014.7,8.7,163,2.6
2001-07-22,25.5,30.7,20.2,1014.5,14.6,214,0.6
2001-07-23,23.4,27.1,20.4,1016.4,11.2,5,0.0
2001-07-24,20.9,24.5,18.2,1016.9,13.0,84,20.8
2001-07-25,18.8,21.1,17.2,1016.7,19.1,90,7.1
2001-07-26,21.3,25.6,17.0,1015.3,18.4,122,4.3
2001-07-27,22.1,24.4,19.5,1012.4,15.0,170,5.2
2001-07-28,20.3,23.7,18.0,1010.9,16.6,341,10.2
2001-07-29,18.3,21.7,14.8,1017.7,16.6,23,0.0
2001-07-30,17.8,22.1,11.8,1016.6,9.9,88,0.0
2001-07-31,18.9,21.8,16.4,1010.0,20.9,254,0.0
2001-08-01,16.4,18.6,14.5,1010.8,11.1,286,0.1
2001-08-02,14.2,17.2,11.8,1011.2,18.7,294,2.3
2001-08-03,12.9,15.1,10.2,1017.2,19.4,311,0.0
2001-08-04,13.8,18.4,7.9,1021.6,8.3,280,0.0
2001-08-05,15.7,19.0,10.6,1014.4,11.8,158,2.5
2001-08-06,17.0,19.5,14.3,1007.0,18.4,228,10.0
2001-08-07,15.8,19.1,12.3,1012.1,18.4,264,0.0
2001-08-08,16.9,21.3,11.6,1014.3,11.6,206,0.1
2001-08-09,18.7,22.7,14.1,1016.1,11.8,195,0.4
2001-08-10,19.8,23.0,16.9,1017.3,15.2,238,3.1
2001-08-11,19.0,21.9,16.7,1013.1,24.9,227,8.3
2001-08-12,15.2,17.1,12.9,1016.6,10.9,251,3.3
2001-08-13,15.2,19.1,11.3,1012.5,15.1,236,0.0
2001-08-14,16.2,19.2,14.6,1009.5,20.3,241,6.9
2001-08-15,16.9,20.2,13.3,1015.3,11.5,288,0.0
2001-08-16,18.5,23.2,13.2,1020.2,11.4,281,0.0
2001-08-17,20.4,25.2,15.6,1019.2,13.3,254,0.0
2001-08-18,21.3,25.3,17.7,1017.0,14.9,263,2.2
2001-08-19,18.7,22.4,14.7,1017.5,8.3,346,0.0
2001-08-20,16.8,20.8,13.2,1018.1,10.3,20,0.0
2001-08-21,17.2,22.6,10.9,1019.2,9.1,149,0.2
2001-08-22,18.2,20.6,15.6,1016.5,15.5,311,3.6
2001-08-23,14.6,16.9,11.5,1021.2,16.4,17,0.0
2001-08-24,13.2,16.8,9.3,1022.6,9.8,320,0.0
2001-08-25,15.5,18.8,12.8,1017.6,16.1,306,0.1
2001-08-26,14.6,17.9,11.1,1014.0,18.1,315,0.1
2001-08-27,13.0,15.2,10.0,1010.6,13.5,349,0.0
2001-08-28,11.0,14.3,6.9,1008.7,21.6,111,0.0
2001-08-29,12.5,15.4,9.8,1008.8,23.8,74,0.6
2001-08-30,10.3,11.6,8.4,1013.4,15.3,26,0.0
2001-08-31,10.0,12.4,8.0,1014.6,16.7,8,1.0
2001-09-01,8.9,11.5,5.8,1013.9,19.7,347,0.0
2001-09-02,9.6,13.4,6.4,1013.1,12.8,338,0.0
2001-09-03,10.8,15.5,5.6,1011.4,10.2,115,0.0
2001-09-04,12.3,16.3,8.7,1011.3,11.0,134,0.0
2001-09-05,13.1,15.9,11.2,1011.9,13.8,173,0.4
2001-09-06,14.6,17.8,12.3,1010.5,13.3,213,4.9
2001-09-07,15.3,19.2,12.3,1010.5,14.3,172,0.0
2001-09-08,13.6,15.8,12.1,1005.9,25.6,123,3.9
2001-09-09,14.1,17.5,12.2,1001.8,21.0,154,5.1
2001-09-10,12.7,15.9,9.5,1006.9,21.9,145,12.0
2001-09-11,10.6,15.2,5.7,1015.0,13.8,171,0.0
2001-09-12,15.1,21.5,8.9,1015.1,25.9,107,1.1
2001-09-13,13.1,16.4,10.6,1013.1,17.2,184,2.0
2001-09-14,12.6,15.6,10.2,1016.4,14.8,183,0.0
2001-09-15,12.6,17.0,7.6,1019.9,13.9,145,0.0
2001-09-16,14.4,19.1,9.1,1021.5,12.9,132,0.4
2001-09-17,14.9,19.1,10.7,1026.5,19.8,111,0.2
2001-09-18,15.1,19.6,11.5,1032.3,17.3,114,0.0
2001-09-19,13.9,18.9,9.6,1034.9,12.2,162,0.0
2001-09-20,12.7,17.7,7.4,1033.2,8.8,178,0.0
2001-09-21,11.5,16.8,6.2,1029.9,8.2,180,0.0
2001-09-22,11.5,16.5,7.3,1026.5,9.8,185,0.0
2001-09-23,11.2,16.0,7.3,1020.7,7.8,179,0.4
2001-09-24,10.2,15.9,5.6,1012.7,13.9,275,4.5
2001-09-25,4.5,7.3,3.8,1012.5,19.6,351,2.6
2001-09-26,4.7,7.0,2.5,1017.8,14.5,333,0.0
2001-09-27,6.9,10.0,4.6,1018.4,17.9,249,0.0
2001-09-28,6.6,8.7,4.6,1014.2,20.0,223,0.0
2001-09-29,5.2,6.4,1.7,1011.3,17.8,265,2.9
2001-09-30,3.2,6.1,1.2,1017.3,23.4,300,0.2
2001-10-01,4.1,7.6,0.3,1020.8,17.3,248,0.0
2001-10-02,7.3,10.9,4.1,1001.9,23.5,217,14.5
2001-10-03,10.8,12.6,9.5,999.8,22.1,258,0.2
2001-10-04,10.7,11.9,9.7,1005.4,21.2,259,0.0
2001-10-05,9.9,11.7,8.4,1006.5,19.9,251,0.8
2001-10-06,9.4,10.8,7.7,1010.8,18.6,284,1.9
2001-10-07,6.5,7.7,4.0,1019.2,14.3,344,0.0
2001-10-08,5.1,8.4,3.0,1024.0,14.1,149,0.0
2001-10-09,10.8,12.9,8.3,1017.5,16.3,203,0.0
2001-10-10,12.4,14.0,10.2,1014.7,14.8,243,4.2
2001-10-11,9.3,10.4,8.1,1006.1,13.2,236,10.9
2001-10-12,6.8,8.1,6.1,1011.7,21.8,4,0.7
2001-10-13,5.2,6.5,2.5,1015.6,8.3,30,0.4
2001-10-14,3.4,5.3,1.8,1017.8,10.0,358,0.0
2001-10-15,3.3,5.9,0.9,1023.6,14.0,2,0.0
2001-10-16,4.8,7.1,3.2,1029.2,16.6,297,0.0
2001-10-17,6.1,8.5,4.0,1022.1,17.6,270,6.1
2001-10-18,7.5,8.1,6.6,1015.8,10.8,274,7.1
2001-10-19,5.6,8.3,2.3,1010.2,27.1,301,1.7
2001-10-20,1.5,2.5,0.0,1009.8,28.6,329,0.2
2001-10-21,-1.2,0.2,-2.7,1016.3,19.2,350,0.0
2001-10-22,-1.6,1.3,-4.1,1012.6,17.5,246,0.1
2001-10-23,-1.4,0.2,-2.8,1015.7,20.7,325,0.0
2001-10-24,-2.7,-0.9,-3.7,1025.4,22.4,338,0.0
2001-10-25,-2.3,0.4,-4.4,1029.3,14.4,296,0.0
2001-10-26,-1.1,1.7,-3.2,1023.9,14.4,262,0.0
2001-10-27,2.5,4.8,-0.7,1022.6,17.2,251,0.0
2001-10-28,4.1,6.5,2.0,1016.9,21.0,217,0.9
2001-10-29,5.2,6.1,4.1,1007.3,24.2,209,2.6
2001-10-30,4.4,5.4,3.3,999.7,20.8,200,3.8
2001-10-31,4.5,5.5,3.4,997.0,16.0,242,3.3
2001-11-01,5.6,8.4,2.8,988.6,28.9,223,7.0
2001-11-02,1.1,2.6,-0.6,1001.1,33.5,304,4.2
2001-11-03,0.2,4.2,-2.4,1014.8,25.7,252,0.0
2001-11-04,5.0,5.7,4.3,1005.9,21.1,251,0.0
2001-11-05,4.7,5.9,2.7,995.9,25.4,229,3.1
2001-11-06,-0.9,1.8,-3.6,1004.1,34.2,287,3.2
2001-11-07,-0.3,1.3,-3.0,1003.7,25.7,179,2.5
2001-11-08,1.4,2.6,0.5,992.6,22.1,197,3.1
2001-11-09,2.0,6.3,-2.0,996.4,26.7,178,5.3
2001-11-10,-0.5,5.4,-3.3,1006.0,30.6,266,0.0
2001-11-11,-0.4,1.4,-2.7,1005.9,29.8,229,1.2
2001-11-12,1.2,2.5,-0.1,995.4,27.9,246,0.7
2001-11-13,-0.5,0.6,-1.4,998.9,15.9,270,2.1
2001-11-14,-1.9,-0.5,-4.0,1011.2,17.3,280,0.0
2001-11-15,-4.6,-2.8,-6.5,1010.8,33.2,241,5.1
2001-11-16,-3.1,-0.2,-6.4,991.9,31.2,313,3.9
2001-11-17,-6.3,-4.1,-8.2,1013.6,28.6,302,1.9
2001-11-18,-0.2,0.9,-3.7,999.8,21.3,275,1.8
2001-11-19,-1.9,-0.6,-4.0,1000.9,15.2,298,0.3
2001-11-20,-9.2,-4.4,-11.3,1013.4,18.4,16,0.0
2001-11-21,-12.1,-11.1,-13.1,1019.1,17.6,17,0.0
2001-11-22,-10.4,-7.8,-12.9,1003.8,14.0,118,0.0
2001-11-23,-10.1,-8.5,-11.7,1002.0,16.3,128,1.4
2001-11-24,-6.1,-4.2,-8.4,1010.8,15.5,88,4.4
2001-11-25,-1.9,-0.6,-5.1,1018.9,15.9,87,2.0
2001-11-26,0.1,0.9,-0.5,1018.9,16.0,113,0.0
2001-11-27,-0.7,-0.2,-1.5,1022.8,13.9,110,0.1
2001-11-28,-1.6,-0.9,-2.2,1026.6,14.2,101,0.1
2001-11-29,-5.3,-2.0,-8.7,1028.7,15.2,93,0.0
2001-11-30,-9.9,-8.9,-10.6,1033.7,11.2,91,0.0
2001-12-01,-10.0,-7.6,-12.2,1041.4,11.2,104,0.0
2001-12-02,-8.1,-5.8,-13.5,1043.1,10.5,157,0.0
2001-12-03,-14.2,-10.8,-16.8,1044.2,9.4,233,0.0
2001-12-04,-10.7,-6.8,-15.5,1039.9,11.3,12,0.0
2001-12-05,-11.6,-8.8,-12.7,1038.2,12.9,133,0.0
2001-12-06,-13.8,-12.5,-15.0,1037.0,11.3,91,0.0
2001-12-07,-14.6,-13.9,-15.5,1042.7,9.1,78,0.0
2001-12-08,-16.3,-14.5,-17.8,1046.7,10.2,54,0.0
2001-12-09,-15.7,-13.8,-17.4,1043.2,9.8,92,0.0
2001-12-10,-14.6,-13.2,-15.5,1032.7,9.5,47,0.0
2001-12-11,-14.7,-13.5,-15.5,1027.2,14.2,28,2.0
2001-12-12,-14.5,-12.9,-15.7,1034.5,16.1,67,0.0
2001-12-13,-16.2,-14.1,-18.4,1039.2,15.3,279,0.0
2001-12-14,-9.1,-4.6,-13.9,1021.2,19.6,282,4.1
2001-12-15,-12.7,-6.7,-16.1,1026.3,16.9,37,0.7
2001-12-16,-16.5,-15.8,-17.9,1031.9,10.0,28,0.0
2001-12-17,-10.9,-5.4,-17.8,1017.7,17.0,293,0.5
2001-12-18,-12.2,-6.7,-14.4,1017.0,19.2,313,0.0
2001-12-19,-13.0,-6.1,-17.2,1008.5,29.4,212,4.4
2001-12-20,-6.3,-2.0,-11.7,989.8,26.6,220,2.4
2001-12-21,-14.0,-11.5,-17.3,1000.6,23.1,250,0.1
2001-12-22,-7.8,-3.5,-14.6,987.0,22.2,197,7.1
2001-12-23,-14.7,-9.5,-16.7,1004.5,19.9,266,0.2
2001-12-24,-20.5,-17.6,-22.8,1008.6,14.6,18,0.0
2001-12-25,-22.8,-16.2,-27.3,1003.8,20.3,164,0.5
2001-12-26,-5.5,-1.3,-15.1,990.6,26.5,189,1.8
2001-12-27,-2.1,-1.3,-3.6,1003.1,23.4,215,0.1
2001-12-28,-4.8,-3.5,-6.5,1009.0,11.4,171,0.0
2001-12-29,-5.4,-3.6,-7.1,999.6,15.6,132,0.7
2001-12-30,-6.7,-4.8,-7.6,989.5,14.3,105,2.7
2001-12-31,-9.5,-7.0,-13.0,991.0,18.3,339,0.7
2002-01-01,-15.7,-13.2,-20.1,1009.6,17.6,320,0.0
2002-01-02,-21.0,-19.1,-24.3,1020.4,11.1,68,0.0
2002-01-03,-25.2,-19.6,-27.9,1036.5,18.7,272,0.0
2002-01-04,-12.1,-6.4,-18.8,1023.1,24.7,263,1.3
2002-01-05,-4.6,-1.2,-6.4,1016.3,20.2,284,0.4
2002-01-06,-3.7,-1.1,-13.5,1007.2,25.6,325,2.8
2002-01-07,-20.6,-14.5,-26.4,1026.4,21.7,349,0.0
2002-01-08,-24.4,-12.1,-32.2,1027.6,20.5,230,0.8
2002-01-09,-3.0,-1.0,-10.7,1015.0,23.4,293,1.3
2002-01-10,-2.7,-1.7,-3.6,1019.6,22.0,284,0.0
2002-01-11,-0.5,0.0,-1.6,1015.6,24.4,286,0.0
2002-01-12,-0.9,-0.4,-1.5,1019.7,18.6,284,0.0
2002-01-13,-1.5,-0.6,-2.2,1023.6,18.1,280,0.0
2002-01-14,-0.0,1.3,-1.7,1020.0,22.0,258,0.0
2002-01-15,0.2,0.6,-0.1,1016.9,22.0,275,0.0
2002-01-16,-0.5,0.3,-3.0,1020.3,13.8,257,0.0
2002-01-17,-6.1,-3.4,-7.2,1018.5,17.2,245,0.0
2002-01-18,-3.2,-1.5,-5.0,1017.5,16.4,259,0.3
2002-01-19,-3.4,-2.6,-4.4,1014.2,15.5,216,0.0
2002-01-20,-4.4,-3.0,-6.0,1005.6,20.1,228,0.4
2002-01-21,-1.8,-0.7,-3.4,998.5,15.7,223,0.6
2002-01-22,-0.7,0.4,-2.4,999.9,14.8,229,0.8
2002-01-23,1.4,2.5,-0.2,995.6,25.1,227,1.0
2002-01-24,1.1,2.7,0.1,999.5,25.5,241,3.2
2002-01-25,1.4,2.6,-0.8,994.3,27.2,206,1.6
2002-01-26,-5.2,-2.0,-6.4,992.6,33.7,257,0.7
2002-01-27,-5.4,2.3,-11.7,993.3,18.7,198,5.5
2002-01-28,-8.0,1.6,-12.3,999.1,26.0,289,0.3
2002-01-29,-1.9,2.9,-10.2,988.1,26.0,221,4.4
2002-01-30,-3.6,-0.4,-9.2,994.3,19.8,302,1.8
2002-01-31,-10.6,-9.2,-12.0,1012.3,16.8,280,0.1
2002-02-01,-12.0,-9.9,-16.3,1008.8,19.8,81,6.0
2002-02-02,-13.6,0.5,-21.0,1021.3,18.7,201,5.1
2002-02-03,3.6,4.7,2.3,1016.7,21.3,269,0.0
2002-02-04,1.0,2.4,-0.3,1016.9,17.2,221,0.0
2002-02-05,1.4,2.8,0.4,1011.5,25.7,249,0.0
2002-02-06,1.3,2.0,0.1,1008.4,20.2,216,0.0
2002-02-07,0.2,0.8,-0.4,1008.1,15.2,218,9.6
2002-02-08,1.0,1.8,0.3,1004.9,18.6,252,1.1
2002-02-09,-0.1,1.1,-1.7,1003.4,11.3,212,0.0
2002-02-10,1.6,3.1,0.2,995.7,19.4,191,7.2
2002-02-11,1.1,2.2,-0.4,996.1,21.0,230,0.3
2002-02-12,1.2,3.3,-0.4,985.7,21.0,202,4.3
2002-02-13,0.1,1.1,-1.0,983.9,17.4,260,0.5
2002-02-14,-2.2,-0.1,-5.0,998.6,21.1,323,2.4
2002-02-15,-5.1,-3.1,-6.0,1014.7,21.1,307,0.1
2002-02-16,-0.4,1.3,-2.4,1013.4,25.6,280,0.4
2002-02-17,0.9,1.5,0.4,1008.9,33.0,270,0.0
2002-02-18,0.8,1.6,-0.2,1011.8,21.3,243,0.4
2002-02-19,0.9,2.4,-1.0,1001.3,27.8,223,1.2
2002-02-20,-1.7,0.2,-4.3,991.3,29.0,212,1.8
2002-02-21,-7.1,-4.9,-9.3,1000.2,22.8,346,6.6
2002-02-22,-9.8,-6.1,-15.3,1006.3,19.2,5,1.3
2002-02-23,-11.3,-3.8,-19.4,1000.4,24.2,177,0.0
2002-02-24,-1.2,1.5,-3.7,995.2,27.6,192,2.2
2002-02-25,-1.6,-0.1,-7.5,998.7,21.4,211,1.3
2002-02-26,-7.2,-1.5,-11.1,1008.5,13.5,222,0.0
2002-02-27,-3.6,1.6,-9.2,999.9,29.6,165,1.9
2002-02-28,1.4,2.8,0.2,990.2,31.4,223,5.6
2002-03-01,0.2,2.1,-1.1,996.4,21.0,236,1.6
2002-03-02,-1.4,-0.2,-4.8,997.9,20.9,262,2.0
2002-03-03,-4.5,-0.9,-9.2,1003.7,18.6,244,0.0
2002-03-04,-5.0,-2.0,-8.2,1002.7,14.2,249,0.0
2002-03-05,-0.7,2.5,-4.2,1002.9,26.1,236,0.6
2002-03-06,2.0,3.7,0.4,997.8,26.8,234,2.2
2002-03-07,3.0,5.3,0.7,976.5,28.6,234,5.6
2002-03-08,-4.3,0.3,-5.9,987.6,30.4,303,1.0
2002-03-09,-3.7,2.1,-7.4,1004.1,30.6,248,2.8
2002-03-10,1.8,4.4,-0.1,996.4,29.0,244,0.0
2002-03-11,-0.0,2.3,-1.4,1006.6,23.6,272,1.6
2002-03-12,3.2,5.6,1.2,1012.5,27.0,261,1.9
2002-03-13,1.3,6.4,-3.8,1014.6,14.5,235,0.4
2002-03-14,0.7,2.8,-4.1,1009.5,22.8,332,8.8
2002-03-15,-3.3,-0.6,-4.7,1023.3,20.8,348,0.0
2002-03-16,-3.0,2.9,-9.5,1029.7,17.2,310,0.0
2002-03-17,-0.3,5.7,-6.0,1027.2,16.8,245,0.0
2002-03-18,2.3,4.7,-0.3,1018.6,18.9,220,0.0
2002-03-19,3.7,7.9,0.4,1015.8,19.1,191,0.0
2002-03-20,1.6,4.0,-0.5,1011.9,22.9,157,0.0
2002-03-21,1.7,4.6,-0.2,1006.3,14.7,167,1.9
2002-03-22,0.7,3.2,-1.3,1006.8,14.0,145,3.1
2002-03-23,0.8,4.2,-2.3,1014.8,13.8,52,0.2
2002-03-24,-1.1,0.6,-2.9,1025.9,17.3,31,0.3
2002-03-25,-2.1,1.6,-4.4,1028.5,14.0,14,0.0
2002-03-26,-0.2,4.3,-4.2,1024.1,12.6,294,0.0
2002-03-27,0.9,5.9,-3.9,1021.7,12.7,324,0.0
2002-03-28,2.7,6.4,-1.8,1019.0,17.6,312,0.0
2002-03-29,3.9,9.6,-2.9,1014.9,21.5,277,0.0
2002-03-30,4.5,7.0,1.6,1013.0,24.3,316,0.0
2002-03-31,0.2,5.0,-4.0,1018.7,10.9,6,0.0
2002-04-01,1.7,7.0,-1.7,1017.7,18.9,108,3.3
2002-04-02,-2.1,-0.2,-5.2,1026.6,20.8,60,0.3
2002-04-03,-4.9,-0.6,-10.2,1030.0,17.8,21,0.0
2002-04-04,-4.9,-1.6,-8.0,1021.3,25.8,18,0.4
2002-04-05,-3.1,0.1,-5.7,1014.5,18.3,50,2.3
2002-04-06,-3.1,2.9,-9.5,1022.6,13.5,126,0.1
2002-04-07,-0.8,3.0,-4.7,1025.1,21.9,61,0.0
2002-04-08,1.4,6.2,-2.9,1025.0,14.8,52,0.0
2002-04-09,1.8,8.3,-5.3,1025.9,14.2,67,0.0
2002-04-10,3.8,11.0,-3.4,1027.7,10.1,80,0.0
2002-04-11,6.3,14.0,-1.3,1026.5,9.2,206,0.0
2002-04-12,7.3,14.1,-0.2,1024.9,13.4,189,0.0
2002-04-13,8.5,15.0,0.8,1021.9,15.7,174,0.0
2002-04-14,8.0,13.9,0.6,1018.0,18.8,178,0.0
2002-04-15,8.7,14.6,1.9,1013.3,12.9,205,0.0
2002-04-16,6.9,9.7,3.7,1012.2,9.8,339,2.3
2002-04-17,3.6,7.4,0.4,1015.4,11.3,333,0.0
2002-04-18,3.0,8.5,-2.7,1020.4,10.2,276,0.0
2002-04-19,6.2,12.6,-0.7,1025.1,9.6,145,0.0
2002-04-20,9.9,15.8,3.7,1026.2,13.0,244,0.4
2002-04-21,8.3,12.4,3.7,1028.6,12.2,356,0.0
2002-04-22,8.5,12.9,2.7,1026.7,10.7,359,0.0
2002-04-23,10.0,15.5,3.7,1020.6,6.7,290,0.0
2002-04-24,11.4,16.7,5.1,1015.9,11.1,319,0.0
2002-04-25,10.5,14.8,6.1,1015.1,8.8,358,3.3
2002-04-26,11.7,16.3,4.9,1013.8,7.3,75,0.1
2002-04-27,11.2,15.4,5.8,1011.5,14.5,147,3.9
2002-04-28,12.3,17.6,7.0,1012.2,20.0,147,0.0
2002-04-29,10.2,13.1,6.2,1015.4,21.1,216,1.7
2002-04-30,11.8,17.3,5.6,1017.9,15.3,160,0.0
2002-05-01,13.4,19.7,9.4,1016.4,22.4,154,2.5
2002-05-02,12.4,17.1,7.3,1022.3,20.5,167,0.0
2002-05-03,14.5,20.0,7.5,1026.4,19.5,177,0.0
2002-05-04,15.7,20.7,10.0,1027.0,19.6,201,0.0
2002-05-05,16.2,21.3,10.2,1024.3,20.0,230,0.0
2002-05-06,14.5,18.4,10.8,1022.5,16.8,302,0.4
2002-05-07,11.5,15.0,7.6,1026.6,14.5,26,0.0
2002-05-08,12.1,17.9,4.1,1026.2,12.3,276,0.0
2002-05-09,14.3,21.0,7.8,1018.2,21.3,270,3.7
2002-05-10,11.2,14.2,8.0,1019.7,15.9,7,0.0
2002-05-11,8.1,12.0,3.8,1024.9,13.2,30,0.0
2002-05-12,10.3,15.5,3.4,1023.1,11.4,238,0.0
2002-05-13,14.6,20.1,8.4,1017.2,17.6,289,0.0
2002-05-14,13.8,17.5,8.2,1017.2,10.5,117,1.1
2002-05-15,16.6,22.4,10.7,1015.6,13.5,200,0.7
2002-05-16,14.7,17.2,11.1,1010.8,20.4,234,5.4
2002-05-17,9.9,11.2,9.2,1001.4,19.5,232,11.0
2002-05-18,7.3,8.8,3.4,1001.0,22.3,277,1.0
2002-05-19,3.8,7.0,1.4,1006.6,24.2,305,3.1
2002-05-20,3.8,6.6,1.0,1016.1,26.1,331,0.0
2002-05-21,8.2,13.9,1.2,1018.6,24.8,297,0.0
2002-05-22,12.7,16.4,8.7,1014.0,23.4,310,0.4
2002-05-23,10.3,15.4,4.2,1014.2,9.8,3,0.0
2002-05-24,6.9,9.6,4.4,1008.1,13.6,57,0.7
2002-05-25,7.4,12.1,1.7,1012.6,11.8,0,0.0
2002-05-26,10.6,16.4,3.0,1017.2,8.2,356,0.0
2002-05-27,12.0,16.4,5.7,1014.2,11.5,3,0.0
2002-05-28,11.4,14.9,7.5,1014.3,14.1,49,0.0
2002-05-29,12.8,18.0,5.2,1014.4,13.8,37,0.0
2002-05-30,14.7,19.8,7.4,1015.3,11.4,17,0.0
2002-05-31,17.2,22.1,10.9,1014.3,16.9,333,0.0
2002-06-01,18.0,23.4,9.8,1014.5,10.5,17,0.0
2002-06-02,18.7,23.8,11.4,1015.4,10.8,348,0.0
2002-06-03,16.9,20.5,12.3,1014.1,11.4,303,1.6
2002-06-04,15.1,18.9,10.7,1013.4,15.1,9,0.0
2002-06-05,11.4,14.0,8.7,1019.3,18.1,52,0.0
2002-06-06,11.2,15.8,5.0,1022.3,11.7,35,0.0
2002-06-07,12.9,17.3,6.7,1019.0,11.9,262,0.7
2002-06-08,13.9,16.6,11.4,1013.8,9.0,268,13.2
2002-06-09,13.8,17.1,10.7,1013.2,13.8,87,0.6
2002-06-10,16.3,20.6,10.8,1015.1,16.6,109,0.0
2002-06-11,17.7,22.5,10.1,1017.2,7.4,335,0.0
2002-06-12,19.0,22.8,13.9,1016.8,8.3,222,0.0
2002-06-13,17.1,20.0,12.9,1013.9,10.5,245,2.8
2002-06-14,14.4,16.7,11.4,1002.8,20.5,201,4.8
2002-06-15,11.8,14.6,10.3,996.3,21.8,289,7.3
2002-06-16,14.2,17.9,10.8,1004.8,20.6,314,0.4
2002-06-17,14.3,17.9,11.0,1005.7,9.2,325,8.4
2002-06-18,17.3,21.1,11.9,1014.2,13.2,318,0.0
2002-06-19,19.9,24.7,14.0,1018.1,14.4,274,0.0
2002-06-20,21.1,24.0,18.1,1017.1,19.1,287,0.0
2002-06-21,20.3,24.5,14.2,1016.0,17.8,223,0.0
2002-06-22,16.4,21.7,14.5,1009.4,23.6,288,0.0
2002-06-23,15.8,18.9,12.5,1010.7,19.1,279,1.6
2002-06-24,13.4,16.8,11.3,1006.4,18.1,270,20.9
2002-06-25,13.8,16.6,11.5,1009.0,20.1,273,3.7
2002-06-26,14.2,17.9,10.1,1013.6,14.3,295,0.2
2002-06-27,14.6,18.3,10.5,1013.8,10.9,250,3.7
2002-06-28,15.9,20.2,11.9,1011.2,18.7,175,13.1
2002-06-29,17.5,21.8,15.0,1007.9,18.1,186,8.3
2002-06-30,15.0,18.3,12.0,1010.3,18.9,222,2.8
2002-07-01,15.4,18.6,11.3,1014.7,18.8,216,0.0
2002-07-02,17.7,21.9,14.1,1016.2,15.3,193,0.9
2002-07-03,21.2,25.4,16.5,1018.1,23.5,180,0.0
2002-07-04,22.8,27.4,17.3,1017.9,18.7,168,0.0
2002-07-05,22.4,27.1,18.8,1015.2,23.1,159,5.8
2002-07-06,18.8,21.2,16.0,1017.6,13.6,253,0.3
2002-07-07,19.2,23.1,14.5,1019.8,7.3,247,0.1
2002-07-08,20.8,26.1,14.2,1016.3,11.9,158,0.5
2002-07-09,20.0,22.7,16.9,1019.6,12.0,350,0.3
2002-07-10,20.5,25.2,14.6,1022.5,13.0,28,0.0
2002-07-11,21.9,26.2,15.7,1020.2,14.3,49,0.0
2002-07-12,23.3,27.8,17.4,1018.1,9.7,73,0.0
2002-07-13,24.2,28.0,19.2,1017.3,11.9,355,0.4
2002-07-14,21.9,25.3,18.3,1017.6,15.5,2,0.0
2002-07-15,20.8,24.4,16.6,1018.3,9.4,42,0.0
2002-07-16,20.0,23.2,17.2,1014.2,15.3,329,2.7
2002-07-17,18.3,21.8,14.2,1014.6,17.4,334,0.0
2002-07-18,18.2,22.1,13.5,1018.5,12.8,7,0.0
2002-07-19,20.4,25.0,14.3,1020.9,8.2,91,0.0
2002-07-20,22.3,27.4,15.5,1018.7,12.9,192,0.0
2002-07-21,22.9,28.0,18.7,1012.0,17.7,213,3.2
2002-07-22,21.6,25.1,18.8,1008.2,14.1,237,5.4
2002-07-23,22.1,26.9,16.8,1005.4,10.7,178,2.8
2002-07-24,21.3,26.1,18.4,1005.0,10.0,29,3.7
2002-07-25,18.5,21.2,16.4,1001.7,16.1,147,7.9
2002-07-26,18.1,21.1,15.0,1009.7,15.6,246,0.7
2002-07-27,18.4,22.2,13.2,1021.0,11.9,259,0.0
2002-07-28,19.0,22.7,13.2,1028.4,7.0,1,0.0
2002-07-29,21.3,26.0,15.5,1027.8,7.5,88,0.0
2002-07-30,22.5,27.2,16.9,1023.5,10.1,70,0.0
2002-07-31,22.7,26.8,17.7,1019.6,10.8,84,0.0
2002-08-01,24.1,28.4,20.3,1015.6,11.1,117,0.0
2002-08-02,23.1,29.0,19.2,1010.6,11.0,245,5.4
2002-08-03,18.4,20.8,15.4,1013.0,15.1,38,0.0
2002-08-04,16.9,21.3,11.5,1013.9,13.0,22,0.0
2002-08-05,15.1,18.0,11.9,1016.1,14.6,23,0.0
2002-08-06,14.2,15.7,12.8,1018.4,10.2,40,0.1
2002-08-07,13.6,15.3,12.0,1017.4,5.5,46,0.0
2002-08-08,15.0,18.2,10.7,1014.6,13.0,307,0.0
2002-08-09,14.4,16.7,12.2,1014.8,12.3,33,3.3
2002-08-10,15.4,18.6,10.3,1018.3,6.1,272,0.0
2002-08-11,17.7,22.0,13.8,1016.8,12.9,229,0.0
2002-08-12,19.8,24.5,14.6,1013.1,11.9,234,0.0
2002-08-13,19.9,24.5,15.8,1011.0,9.0,210,0.0
2002-08-14,19.3,24.1,14.4,1011.9,15.0,75,0.0
2002-08-15,18.0,22.7,13.0,1015.6,13.1,81,0.0
2002-08-16,18.8,24.4,11.7,1014.2,10.9,325,0.4
2002-08-17,16.6,18.8,14.5,1016.5,14.5,37,0.0
2002-08-18,14.3,18.3,10.3,1021.7,15.1,13,0.0
2002-08-19,17.0,23.1,9.9,1021.6,23.0,303,0.0
2002-08-20,20.3,24.5,15.7,1018.0,23.0,304,0.0
2002-08-21,17.4,19.9,14.6,1015.3,14.2,355,0.0
2002-08-22,13.4,15.3,11.1,1015.7,16.3,5,0.0
2002-08-23,14.0,17.1,11.9,1017.5,17.7,354,0.3
2002-08-24,15.3,19.2,12.6,1022.7,15.4,346,0.2
2002-08-25,16.1,20.3,12.1,1023.7,16.6,330,0.7
2002-08-26,14.4,17.7,10.9,1025.2,8.3,58,0.0
2002-08-27,15.8,22.0,9.1,1023.1,7.6,248,0.0
2002-08-28,18.7,23.8,13.8,1019.3,11.3,238,0.0
2002-08-29,19.1,24.4,13.4,1017.8,14.5,225,0.0
2002-08-30,20.4,25.6,15.3,1017.8,20.9,224,0.0
2002-08-31,20.0,23.3,17.5,1015.1,21.3,236,0.0
2002-09-01,19.9,24.9,16.7,1014.9,24.7,243,2.4
2002-09-02,16.9,20.4,13.8,1023.7,10.8,327,0.0
2002-09-03,15.9,20.8,10.1,1027.5,17.7,270,0.0
2002-09-04,17.6,22.2,13.3,1024.6,13.0,321,0.0
2002-09-05,17.3,21.8,12.6,1022.1,9.8,139,0.0
2002-09-06,18.4,22.5,14.9,1016.0,13.3,209,0.0
2002-09-07,18.7,24.2,13.0,1016.9,9.4,221,0.0
2002-09-08,18.5,23.1,13.3,1019.7,8.6,92,0.0
2002-09-09,17.5,22.4,13.0,1019.3,9.1,10,0.9
2002-09-10,14.5,18.8,11.4,1012.6,21.4,341,5.4
2002-09-11,8.9,11.0,6.3,1019.2,24.8,24,0.0
2002-09-12,8.5,13.2,3.2,1025.8,9.5,354,0.0
2002-09-13,11.8,14.2,9.4,1020.8,11.4,249,0.0
2002-09-14,13.0,16.4,9.9,1008.7,21.7,209,0.0
2002-09-15,12.4,15.4,9.5,1005.5,10.5,187,0.1
2002-09-16,10.4,12.8,8.2,1006.8,11.2,353,0.2
2002-09-17,7.9,9.4,7.3,1005.3,17.7,16,5.4
2002-09-18,8.4,11.4,6.5,997.3,15.3,271,1.6
2002-09-19,7.8,9.6,6.3,999.2,16.8,296,3.4
2002-09-20,6.1,8.2,3.4,1012.7,16.8,310,0.4
2002-09-21,5.3,8.4,2.1,1014.6,17.4,147,4.0
2002-09-22,7.7,10.2,5.8,1009.5,15.7,189,7.0
2002-09-23,5.4,6.4,4.3,1013.6,12.2,319,0.0
2002-09-24,4.5,6.7,2.2,1015.2,17.4,284,0.0
2002-09-25,7.4,11.6,3.7,1011.7,21.1,228,0.0
2002-09-26,7.9,11.0,4.7,1009.4,13.5,244,0.1
2002-09-27,9.2,12.9,6.2,1013.5,13.5,84,0.9
2002-09-28,7.5,9.9,5.3,1013.2,16.1,7,1.2
2002-09-29,7.6,11.0,4.6,1018.3,22.1,272,0.4
2002-09-30,10.2,11.7,8.9,1018.9,23.4,259,0.0
2002-10-01,8.3,10.6,4.7,1011.3,26.1,269,5.2
2002-10-02,3.7,5.4,2.1,1015.5,19.1,304,0.6
2002-10-03,2.5,4.7,-0.3,1006.8,24.7,299,2.8
2002-10-04,0.3,2.8,-1.7,1010.8,24.5,299,0.0
2002-10-05,1.4,4.8,-0.6,1014.7,11.9,245,0.0
2002-10-06,1.0,3.7,-0.9,1013.9,15.3,72,0.0
2002-10-07,1.3,3.4,-0.0,1019.5,13.7,85,0.0
2002-10-08,1.4,3.2,0.0,1011.2,25.9,61,6.0
2002-10-09,1.2,4.2,-0.3,1003.4,19.3,51,7.8
2002-10-10,0.4,1.6,-1.2,1010.4,8.9,238,5.5
2002-10-11,-0.0,0.6,-0.6,1021.7,15.7,345,0.0
2002-10-12,-0.3,1.3,-1.7,1028.7,15.0,341,0.0
2002-10-13,-1.0,-0.2,-2.6,1034.3,11.9,58,0.0
2002-10-14,-3.1,-0.7,-4.7,1037.9,12.7,137,0.0
2002-10-15,-3.2,0.2,-7.5,1027.6,17.1,153,0.6
2002-10-16,-0.0,1.4,-1.1,1008.6,15.0,180,4.0
2002-10-17,1.1,2.5,0.0,1001.8,13.1,206,3.7
2002-10-18,6.9,8.3,3.0,996.8,16.1,213,1.4
2002-10-19,3.8,6.7,0.4,999.3,22.0,299,14.4
2002-10-20,0.4,1.7,-0.5,1013.2,20.5,149,4.4
2002-10-21,-0.1,1.4,-1.3,1009.8,17.1,282,1.0
2002-10-22,-2.8,-1.1,-4.5,1012.1,17.7,284,0.0
2002-10-23,-3.4,-1.4,-7.3,1008.3,15.9,82,4.1
2002-10-24,-1.4,-0.4,-2.5,1005.8,15.3,82,0.9
2002-10-25,0.7,1.4,-0.4,1012.5,11.6,297,8.5
2002-10-26,-0.6,1.1,-1.4,1012.5,14.8,192,0.0
2002-10-27,1.2,3.3,-1.0,1001.1,14.7,191,0.8
2002-10-28,2.5,3.6,1.0,996.2,22.1,152,3.5
2002-10-29,3.5,5.0,0.7,993.6,23.8,11,9.8
2002-10-30,-0.2,1.3,-1.7,1005.0,22.2,313,1.6
2002-10-31,-0.8,2.0,-2.5,1010.9,11.8,279,0.2
2002-11-01,-0.9,0.8,-4.3,1015.5,12.7,229,0.0
2002-11-02,-1.4,0.8,-5.6,1014.7,14.1,111,0.1
2002-11-03,-1.0,-0.3,-2.6,1015.0,16.3,45,2.2
2002-11-04,-4.1,-2.9,-4.9,1013.6,21.1,339,0.0
2002-11-05,-4.0,-1.9,-5.4,1018.7,20.9,305,0.0
2002-11-06,-2.9,-0.6,-5.3,1024.8,21.6,256,0.0
2002-11-07,-1.6,-0.3,-4.2,1020.7,23.3,249,0.0
2002-11-08,-4.6,-2.1,-8.1,1014.1,18.3,186,3.9
2002-11-09,-2.5,-1.2,-4.5,1007.9,18.0,209,0.8
2002-11-10,-2.7,-1.4,-4.0,1003.3,8.0,81,1.4
2002-11-11,-4.1,-2.5,-6.6,1001.3,8.2,236,0.0
2002-11-12,-6.9,-5.2,-8.6,1005.4,20.1,275,0.4
2002-11-13,-5.8,-2.6,-8.5,1007.8,19.4,233,2.8
2002-11-14,0.6,1.9,-1.9,1003.4,17.1,231,3.3
2002-11-15,0.5,1.1,0.3,1009.4,10.7,201,0.7
2002-11-16,1.7,3.0,0.6,1007.0,14.0,211,2.1
2002-11-17,1.5,6.7,-0.6,1010.0,21.1,138,2.1
2002-11-18,4.5,7.7,1.0,1005.4,26.4,251,2.8
2002-11-19,1.1,1.6,0.5,1019.8,19.2,220,1.2
2002-11-20,2.6,4.8,0.6,1009.1,20.3,126,0.5
2002-11-21,0.9,4.8,-1.4,1010.6,17.1,238,4.5
2002-11-22,-1.5,-0.1,-2.6,1016.1,13.3,248,0.7
2002-11-23,-3.9,-2.2,-5.2,1023.7,11.6,32,0.0
2002-11-24,-5.5,-4.1,-7.1,1031.6,11.5,110,0.0
2002-11-25,-5.3,-2.8,-7.4,1032.2,12.8,173,0.0
2002-11-26,-1.3,0.4,-2.6,1026.6,20.5,199,0.2
2002-11-27,2.3,3.7,0.5,1012.8,23.4,223,4.6
2002-11-28,-1.8,3.4,-7.8,1015.3,23.5,308,0.3
2002-11-29,-13.9,-8.3,-16.4,1035.3,19.8,20,0.0
2002-11-30,-14.8,-12.8,-16.3,1048.5,14.8,55,0.0
2002-12-01,-14.2,-12.6,-15.8,1050.5,15.8,121,0.0
2002-12-02,-11.8,-8.8,-14.3,1041.5,20.6,160,0.0
2002-12-03,-8.0,-6.6,-10.0,1033.0,19.5,168,0.0
2002-12-04,-10.7,-8.6,-12.3,1031.7,6.8,358,0.0
2002-12-05,-14.3,-12.7,-15.3,1037.2,13.7,18,0.0
2002-12-06,-14.3,-10.3,-15.9,1045.2,14.7,20,0.0
2002-12-07,-10.3,-8.1,-14.4,1042.9,21.1,7,0.0
2002-12-08,-17.0,-15.0,-18.5,1045.4,15.1,360,0.0
2002-12-09,-14.4,-11.7,-17.4,1034.6,15.5,304,0.0
2002-12-10,-10.7,-8.7,-12.5,1027.1,18.1,297,0.0
2002-12-11,-8.4,-5.7,-9.1,1022.9,26.3,291,0.1
2002-12-12,-3.1,-0.7,-7.3,1013.4,25.1,303,2.1
2002-12-13,-11.1,-7.9,-13.2,1030.1,13.8,23,0.0
2002-12-14,-14.2,-13.2,-15.3,1038.7,10.5,288,0.0
2002-12-15,-12.6,-10.2,-14.7,1039.9,12.1,279,0.0
2002-12-16,-15.5,-13.2,-16.9,1041.5,11.7,263,0.0
2002-12-17,-14.3,-11.8,-16.3,1036.3,20.0,200,0.0
2002-12-18,-12.7,-11.8,-13.9,1022.4,21.2,198,3.0
2002-12-19,-12.4,-11.8,-13.4,1022.1,14.2,207,1.1
2002-12-20,-8.9,-5.7,-12.5,1013.5,24.3,212,2.1
2002-12-21,-6.6,-4.5,-10.0,999.4,25.4,245,1.6
2002-12-22,-10.4,-9.9,-10.9,999.8,21.8,280,0.0
2002-12-23,-13.6,-11.3,-15.8,1007.0,20.0,321,0.0
2002-12-24,-15.5,-11.3,-18.2,1014.6,22.8,334,0.0
2002-12-25,-11.3,-9.4,-13.5,1017.8,24.1,326,0.0
2002-12-26,-15.3,-13.7,-17.4,1019.8,16.1,314,0.2
2002-12-27,-20.1,-14.1,-25.1,1018.0,8.4,27,0.1
2002-12-28,-26.7,-24.1,-30.5,1020.9,7.6,59,0.0
2002-12-29,-20.1,-10.5,-30.3,1012.8,21.7,145,6.9
2002-12-30,-6.5,-3.8,-11.0,990.3,16.6,153,4.3
2002-12-31,-21.7,-13.1,-26.5,997.4,21.4,323,4.1
2003-01-01,-22.5,-16.7,-26.6,1005.8,18.0,266,1.9
2003-01-02,-14.1,-10.7,-16.8,1004.5,16.0,211,1.4
2003-01-03,-9.6,-7.6,-12.9,994.1,12.8,114,3.8
2003-01-04,-13.2,-9.0,-17.0,997.3,11.6,14,0.0
2003-01-05,-19.3,-17.2,-20.7,1002.0,14.3,335,1.3
2003-01-06,-22.8,-20.2,-24.2,1010.6,14.7,298,0.0
2003-01-07,-26.6,-24.7,-28.3,1019.6,13.1,273,0.0
2003-01-08,-18.7,-13.2,-28.0,1015.4,20.0,244,0.6
2003-01-09,-8.7,-4.0,-14.3,1008.9,22.9,239,2.7
2003-01-10,-15.1,-4.1,-24.5,1015.4,13.9,332,0.3
2003-01-11,-27.9,-25.3,-30.6,1023.8,17.9,284,0.0
2003-01-12,-13.7,-7.2,-24.9,1009.8,26.7,243,2.6
2003-01-13,-4.7,-0.2,-9.7,1002.6,27.8,237,1.9
2003-01-14,-11.0,-1.4,-15.2,1006.4,22.8,251,2.1
2003-01-15,-3.7,-0.3,-8.0,994.1,20.4,278,2.4
2003-01-16,-0.3,2.2,-7.1,997.7,25.2,241,1.0
2003-01-17,-1.7,1.0,-4.1,1004.3,28.0,271,1.1
2003-01-18,0.4,1.1,-0.5,1011.4,25.8,241,0.0
2003-01-19,-0.6,-0.0,-1.1,1011.8,25.4,243,0.0
2003-01-20,-0.8,0.0,-2.8,1017.0,19.4,240,0.0
2003-01-21,-2.9,-2.2,-3.4,1018.6,15.1,195,0.0
2003-01-22,-4.5,-2.5,-8.2,1021.7,19.6,185,0.0
2003-01-23,-3.3,-2.5,-5.4,1025.5,21.0,177,0.0
2003-01-24,-6.1,-3.6,-9.6,1030.5,11.7,185,0.0
2003-01-25,-4.0,-2.0,-9.2,1026.0,19.6,233,0.0
2003-01-26,-0.6,0.7,-1.9,1020.9,18.2,232,1.4
2003-01-27,-1.4,-0.5,-2.3,1008.6,22.6,225,0.9
2003-01-28,-0.5,0.6,-1.2,993.4,16.0,201,1.5
2003-01-29,-1.5,-0.2,-2.3,984.7,12.0,162,5.2
2003-01-30,-2.9,-1.5,-5.7,989.0,14.4,247,1.2
2003-01-31,-9.2,-6.1,-13.1,1000.6,13.3,276,0.2
2003-02-01,-15.4,-13.4,-17.3,1013.1,11.8,293,0.0
2003-02-02,-19.8,-17.5,-21.8,1020.9,10.7,304,0.0
2003-02-03,-21.1,-17.6,-24.0,1022.4,14.2,175,0.0
2003-02-04,-20.2,-17.5,-22.0,1018.8,17.1,132,0.0
2003-02-05,-14.8,-10.9,-19.1,1018.1,19.1,132,0.0
2003-02-06,-10.6,-8.7,-12.3,1017.8,24.3,129,0.0
2003-02-07,-8.4,-7.8,-9.1,1019.8,22.7,124,2.2
2003-02-08,-6.3,-3.3,-9.0,1027.2,12.3,137,1.4
2003-02-09,-5.0,-3.4,-7.1,1034.8,10.3,154,1.8
2003-02-10,-10.5,-7.1,-17.1,1037.3,11.2,144,0.0
2003-02-11,-18.7,-13.9,-23.0,1038.4,11.2,207,0.0
2003-02-12,-11.2,-6.1,-17.5,1032.7,13.3,252,0.0
2003-02-13,-4.2,-2.0,-5.8,1025.1,20.2,303,0.0
2003-02-14,-4.2,-2.4,-7.4,1019.8,20.3,322,1.9
2003-02-15,-15.3,-8.9,-20.2,1033.7,21.0,43,0.0
2003-02-16,-16.5,-10.4,-23.7,1036.8,28.2,279,0.3
2003-02-17,-5.6,-2.1,-10.2,1020.7,25.1,310,0.8
2003-02-18,-3.8,-1.1,-8.0,1018.9,19.2,336,0.1
2003-02-19,-0.4,1.2,-1.8,1009.9,19.3,340,0.9
2003-02-20,-2.4,-0.2,-9.8,1014.7,20.1,20,0.0
2003-02-21,-9.0,-2.6,-17.7,1030.3,10.5,292,0.0
2003-02-22,-2.4,1.4,-4.7,1031.8,18.1,287,0.0
2003-02-23,-4.4,-2.6,-5.9,1034.1,13.4,308,0.0
2003-02-24,-3.7,-1.9,-5.2,1031.8,14.3,296,0.0
2003-02-25,-5.1,-4.1,-6.6,1030.1,16.3,291,0.0
2003-02-26,-5.8,-4.4,-6.8,1031.1,8.4,6,0.0
2003-02-27,-6.1,-3.9,-9.1,1034.5,8.6,138,0.0
2003-02-28,-6.2,-4.3,-8.2,1031.7,14.5,185,0.0
2003-03-01,-7.7,-6.0,-9.2,1029.7,7.2,174,0.0
2003-03-02,-8.9,-6.7,-11.6,1030.8,6.2,175,0.0
2003-03-03,-9.5,-5.0,-13.4,1032.0,7.5,110,0.0
2003-03-04,-11.7,-5.3,-17.1,1033.8,9.7,201,0.0
2003-03-05,-9.9,-2.8,-17.2,1033.6,7.6,249,0.0
2003-03-06,-9.4,-2.5,-16.0,1033.8,8.4,265,0.0
2003-03-07,-7.8,-0.8,-14.5,1033.7,12.3,202,0.0
2003-03-08,-6.7,-0.5,-12.3,1031.4,11.9,195,0.0
2003-03-09,-7.3,-1.3,-13.6,1026.0,14.4,165,0.0
2003-03-10,-5.7,-2.4,-9.2,1022.2,16.0,167,0.0
2003-03-11,0.3,3.6,-5.1,1014.0,21.6,210,1.1
2003-03-12,1.4,3.0,0.1,1006.6,23.8,172,4.8
2003-03-13,-0.1,1.4,-2.0,1015.5,21.7,103,2.4
2003-03-14,-1.9,3.2,-6.2,1034.2,10.4,17,0.0
2003-03-15,-2.1,1.3,-5.8,1032.2,19.7,315,0.0
2003-03-16,-2.5,1.8,-6.5,1029.3,15.9,314,0.0
2003-03-17,-2.6,1.8,-8.8,1018.9,12.6,229,1.3
2003-03-18,-1.9,-0.4,-7.4,1013.0,21.0,340,1.1
2003-03-19,-2.6,2.1,-8.7,1007.4,20.5,258,0.3
2003-03-20,-4.2,-0.2,-9.0,1003.8,28.6,15,2.2
2003-03-21,-9.8,-7.2,-12.2,1021.0,28.3,17,0.0
2003-03-22,-10.6,-5.3,-15.5,1028.2,15.5,5,0.0
2003-03-23,-5.4,-1.5,-11.4,1021.7,20.4,227,2.3
2003-03-24,-0.6,1.9,-3.7,1008.3,27.4,281,0.0
2003-03-25,0.1,3.8,-3.6,1009.8,20.7,319,0.9
2003-03-26,-3.8,-1.5,-8.8,1023.3,18.4,354,0.0
2003-03-27,-3.5,3.7,-11.0,1026.3,17.9,246,0.0
2003-03-28,1.9,7.3,-2.7,1016.2,17.8,254,0.0
2003-03-29,0.8,5.2,-3.4,1016.2,13.6,302,0.0
2003-03-30,3.5,9.0,-3.4,1007.8,22.7,220,1.3
2003-03-31,3.9,5.9,-0.2,996.4,24.1,236,2.7
2003-04-01,-4.0,-0.4,-6.1,1010.9,20.9,1,0.7
2003-04-02,-4.7,-1.5,-7.1,1010.5,16.3,13,0.0
2003-04-03,-2.2,3.0,-10.3,1009.2,20.6,172,0.0
2003-04-04,0.8,2.5,-3.0,1008.4,16.4,241,0.1
2003-04-05,-1.3,2.3,-5.8,1000.9,23.1,196,0.0
2003-04-06,0.3,3.4,-3.2,1002.4,22.9,80,0.5
2003-04-07,0.5,1.4,-1.1,1003.1,35.2,55,11.6
2003-04-08,1.2,4.9,-1.3,1013.1,21.3,126,3.9
2003-04-09,3.8,6.2,1.8,1014.2,21.1,97,7.5
2003-04-10,0.2,2.9,-4.2,1025.4,17.8,170,2.6
2003-04-11,0.0,4.8,-4.8,1030.8,11.5,120,0.0
2003-04-12,2.5,7.3,-2.0,1022.7,15.1,158,0.4
2003-04-13,3.1,5.9,-0.7,1023.4,18.7,195,1.2
2003-04-14,1.5,5.0,-1.6,1031.3,10.0,247,0.3
2003-04-15,2.7,7.3,-1.8,1035.9,5.1,275,0.1
2003-04-16,3.9,6.4,0.8,1036.4,9.1,255,0.0
2003-04-17,5.4,11.7,-0.2,1031.3,18.6,207,0.1
2003-04-18,6.2,12.3,-0.4,1036.2,14.3,128,0.0
2003-04-19,7.2,13.3,-0.5,1034.5,11.6,306,0.0
2003-04-20,7.2,12.8,0.8,1025.4,14.3,351,0.0
2003-04-21,6.8,12.8,-0.1,1021.5,13.0,68,0.0
2003-04-22,8.1,14.4,0.1,1020.9,11.0,201,0.0
2003-04-23,9.0,15.0,1.6,1017.4,12.0,254,0.0
2003-04-24,5.3,10.2,0.8,1013.1,17.2,348,3.0
2003-04-25,-0.7,1.8,-2.9,1018.7,18.4,1,0.2
2003-04-26,-1.3,1.6,-3.8,1022.1,20.1,338,0.6
2003-04-27,-0.4,3.2,-4.5,1020.7,12.7,296,0.0
2003-04-28,1.2,3.1,-0.9,1013.2,20.3,157,0.7
2003-04-29,5.1,9.6,0.5,1010.5,17.7,217,3.1
2003-04-30,9.5,15.0,4.5,1010.4,22.3,248,3.9
2003-05-01,9.6,13.4,4.3,1008.1,24.8,216,5.0
2003-05-02,9.1,11.7,7.5,1005.6,41.0,263,1.5
2003-05-03,8.5,13.2,4.3,1014.8,21.9,287,0.0
2003-05-04,7.4,10.7,4.6,1005.5,21.1,128,26.9
2003-05-05,8.3,12.6,4.0,1016.1,28.2,356,3.3
2003-05-06,9.9,15.2,2.4,1025.1,15.7,215,0.0
2003-05-07,12.2,16.4,8.7,1015.9,21.0,238,0.1
2003-05-08,9.1,12.3,6.1,1014.0,22.9,303,0.2
2003-05-09,10.3,16.5,1.5,1014.6,18.5,240,0.0
2003-05-10,13.4,18.3,9.5,1014.8,15.3,265,2.7
2003-05-11,13.3,19.1,5.5,1020.7,12.6,341,0.0
2003-05-12,13.2,17.8,8.3,1024.1,14.5,52,0.0
2003-05-13,13.8,18.1,8.9,1020.8,17.9,119,0.2
2003-05-14,17.6,22.5,12.3,1018.2,22.4,138,0.0
2003-05-15,18.0,22.4,14.3,1018.3,21.5,136,0.0
2003-05-16,15.2,18.4,11.1,1013.9,21.5,130,0.0
2003-05-17,9.8,12.9,6.6,1011.4,18.1,202,6.2
2003-05-18,10.0,14.0,6.3,1016.7,20.3,249,0.1
2003-05-19,12.3,17.6,6.7,1014.9,20.8,182,4.4
2003-05-20,13.7,17.2,10.7,1013.9,17.7,173,7.1
2003-05-21,14.9,18.0,13.0,1015.8,20.7,235,1.9
2003-05-22,17.7,24.4,10.4,1017.6,16.2,177,0.9
2003-05-23,14.1,15.7,12.6,1015.7,14.1,355,15.1
2003-05-24,15.2,19.4,9.5,1018.4,9.9,219,0.0
2003-05-25,16.9,21.0,12.6,1021.7,13.0,303,0.0
2003-05-26,16.0,20.6,9.8,1025.1,11.1,106,0.0
2003-05-27,18.4,25.2,12.6,1019.4,15.2,226,2.3
2003-05-28,15.6,18.8,12.0,1016.1,18.6,310,0.0
2003-05-29,11.4,14.2,9.1,1015.5,23.9,332,1.5
2003-05-30,11.0,14.9,5.1,1017.0,12.7,279,0.9
2003-05-31,13.1,17.1,10.0,1008.0,17.3,254,2.6
2003-06-01,10.6,12.9,7.5,1003.1,25.1,5,20.4
2003-06-02,5.1,7.2,4.0,1014.2,22.7,346,0.0
2003-06-03,5.5,8.1,2.3,1019.1,21.7,347,0.0
2003-06-04,9.5,14.8,3.6,1019.4,20.5,320,0.0
2003-06-05,13.4,17.2,8.9,1011.9,22.5,286,0.9
2003-06-06,12.6,14.9,10.0,1007.0,15.7,137,10.2
2003-06-07,12.3,13.5,11.1,1006.8,17.1,312,4.3
2003-06-08,12.9,16.0,10.4,1011.6,18.7,297,2.6
2003-06-09,16.2,21.1,9.6,1013.8,18.4,228,0.0
2003-06-10,15.2,17.3,12.0,1005.2,27.9,254,2.7
2003-06-11,11.5,13.0,10.1,1010.7,25.2,306,0.0
2003-06-12,11.5,14.0,9.3,1009.0,12.6,122,2.5
2003-06-13,12.1,14.6,9.6,1006.7,16.3,242,10.0
2003-06-14,11.8,14.5,8.7,1007.0,19.2,326,0.2
2003-06-15,10.1,13.9,5.3,1008.0,18.2,265,3.8
2003-06-16,10.4,13.8,7.1,1008.6,17.1,315,1.4
2003-06-17,10.7,14.7,5.2,1011.3,8.0,329,3.0
2003-06-18,11.3,15.5,6.1,1013.2,17.3,348,3.3
2003-06-19,11.9,15.4,7.6,1012.9,15.5,326,0.0
2003-06-20,11.6,14.6,8.1,1002.6,25.6,182,5.7
2003-06-21,11.6,13.5,10.0,992.3,19.5,201,10.8
2003-06-22,11.3,14.5,9.2,993.7,17.1,124,11.7
2003-06-23,12.3,15.3,9.1,1002.5,15.6,342,7.9
2003-06-24,12.4,15.8,7.8,1009.2,14.2,325,0.2
2003-06-25,13.9,17.5,8.9,1007.7,10.4,89,2.2
2003-06-26,13.9,16.8,9.6,1009.7,14.4,22,4.1
2003-06-27,14.2,16.7,10.6,1009.5,14.3,7,0.0
2003-06-28,13.2,15.4,10.4,1009.8,15.5,23,0.0
2003-06-29,9.7,10.7,8.7,1008.6,19.9,316,13.4
2003-06-30,12.7,16.8,10.0,1005.6,19.2,309,5.9
2003-07-01,14.9,18.2,11.5,1004.5,8.2,237,0.8
2003-07-02,16.9,20.7,12.0,1006.0,6.6,139,0.5
2003-07-03,17.4,21.5,12.6,1006.7,9.8,189,0.2
2003-07-04,19.1,22.9,14.1,1009.4,10.8,276,0.0
2003-07-05,20.1,24.2,14.6,1007.1,7.9,170,0.5
2003-07-06,20.0,24.7,15.4,1004.4,11.2,104,1.6
2003-07-07,19.5,22.7,16.5,1003.2,13.6,57,13.9
2003-07-08,19.5,22.6,17.6,1001.5,17.1,66,12.2
2003-07-09,20.0,23.0,17.2,1002.8,14.0,143,0.3
2003-07-10,19.1,22.8,15.4,1002.7,9.6,264,6.6
2003-07-11,18.5,22.7,14.1,1005.4,6.4,248,2.9
2003-07-12,17.5,20.0,14.6,1006.3,6.8,291,5.8
2003-07-13,17.9,21.1,14.8,1009.3,11.2,341,5.6
2003-07-14,20.4,24.0,17.1,1013.4,12.6,70,0.3
2003-07-15,21.5,25.4,16.2,1017.9,11.3,63,3.0
2003-07-16,20.4,23.5,16.9,1018.7,17.3,54,0.0
2003-07-17,15.2,16.4,14.2,1021.4,14.4,79,0.0
2003-07-18,15.9,18.5,13.3,1021.8,8.0,70,0.0
2003-07-19,17.3,20.5,12.2,1020.6,10.5,10,0.1
2003-07-20,17.3,20.4,14.6,1020.0,10.9,55,0.0
2003-07-21,17.6,22.0,11.7,1021.9,9.5,132,0.0
2003-07-22,19.3,23.9,12.6,1022.4,9.7,194,0.0
2003-07-23,20.1,24.1,15.5,1020.1,15.0,191,0.0
2003-07-24,20.2,23.8,16.5,1018.1,17.0,186,0.0
2003-07-25,20.5,24.7,15.3,1017.8,10.7,207,0.1
2003-07-26,21.1,25.6,15.5,1018.4,6.5,268,1.2
2003-07-27,21.6,26.5,15.4,1019.6,8.4,151,0.4
2003-07-28,21.9,26.1,15.9,1023.2,11.2,179,0.0
2003-07-29,22.6,27.2,16.6,1024.7,6.8,179,0.3
2003-07-30,21.3,25.1,16.9,1022.8,11.7,30,3.2
2003-07-31,21.2,24.2,17.6,1022.1,17.4,70,0.0
2003-08-01,19.2,22.0,16.1,1024.4,20.1,94,0.0
2003-08-02,20.0,24.4,15.2,1024.8,15.5,101,0.0
2003-08-03,21.3,25.4,16.1,1023.1,14.9,124,0.0
2003-08-04,21.7,25.7,16.7,1020.8,10.8,175,0.0
2003-08-05,18.2,20.0,16.3,1015.6,10.9,208,21.9
2003-08-06,16.2,17.9,13.8,1010.2,11.8,228,4.6
2003-08-07,14.7,18.1,12.1,1007.9,10.7,173,6.6
2003-08-08,15.0,18.0,11.5,1007.1,13.3,276,2.2
2003-08-09,14.9,17.4,13.2,1010.4,13.5,303,3.7
2003-08-10,13.9,16.8,11.1,1011.1,13.7,5,0.0
2003-08-11,14.0,17.1,12.1,1011.7,18.2,28,7.3
2003-08-12,14.6,15.7,13.5,1009.5,20.3,19,10.0
2003-08-13,16.1,18.5,14.4,1003.7,27.2,3,3.6
2003-08-14,16.5,19.3,14.2,1004.1,15.7,330,1.7
2003-08-15,16.5,20.8,12.2,1003.9,13.8,232,0.9
2003-08-16,15.5,18.9,12.3,1003.1,17.1,216,3.4
2003-08-17,14.3,16.5,12.9,1006.4,17.2,255,3.2
2003-08-18,15.1,17.5,13.2,1014.8,16.6,305,0.1
2003-08-19,15.7,19.0,12.0,1018.1,7.8,324,0.0
2003-08-20,15.4,20.1,9.8,1014.0,16.7,160,2.6
2003-08-21,15.8,18.9,14.0,1007.9,20.1,245,10.6
2003-08-22,14.6,17.0,12.5,1009.4,10.8,241,0.1
2003-08-23,14.0,17.4,11.2,1007.3,11.5,208,4.1
2003-08-24,14.2,17.8,11.3,1003.1,7.7,192,8.3
2003-08-25,12.9,13.9,12.1,995.9,19.1,309,12.2
2003-08-26,12.7,14.1,11.4,996.0,22.6,279,8.1
2003-08-27,11.7,14.3,9.6,997.2,18.1,204,4.8
2003-08-28,10.9,13.0,8.8,994.0,27.5,227,8.5
2003-08-29,12.0,14.8,10.3,1009.1,27.3,248,0.0
2003-08-30,13.7,18.0,9.9,1001.3,31.8,159,20.0
2003-08-31,13.5,15.7,11.3,998.4,35.5,251,1.1
2003-09-01,11.8,14.2,8.7,1008.8,11.9,281,0.0
2003-09-02,11.1,14.2,7.4,1009.5,20.9,345,1.1
2003-09-03,8.6,12.0,4.2,1017.0,12.3,21,0.6
2003-09-04,8.8,10.1,7.5,1015.5,17.8,52,4.5
2003-09-05,8.6,9.2,7.1,1015.3,19.6,31,7.3
2003-09-06,10.1,13.7,6.9,1020.6,15.1,335,0.3
2003-09-07,11.2,15.7,6.7,1023.2,16.7,352,0.5
2003-09-08,10.0,11.3,9.0,1014.2,22.9,12,0.2
2003-09-09,8.9,9.8,8.0,1013.9,18.8,24,0.3
2003-09-10,9.4,11.3,7.1,1021.5,13.1,52,0.0
2003-09-11,9.9,14.7,4.5,1024.6,5.2,14,0.0
2003-09-12,10.9,16.0,5.1,1025.1,6.9,258,0.0
2003-09-13,11.2,14.6,7.8,1025.7,13.3,276,0.0
2003-09-14,11.5,14.5,8.7,1027.6,9.8,279,0.5
2003-09-15,12.5,16.5,8.8,1023.7,20.5,244,0.0
2003-09-16,13.6,16.3,11.4,1014.3,23.1,255,0.3
2003-09-17,12.3,14.1,10.5,1011.3,19.2,302,2.8
2003-09-18,10.4,14.1,6.7,1018.9,12.1,308,0.0
2003-09-19,13.2,17.7,8.9,1015.8,23.8,228,0.0
2003-09-20,11.7,14.7,6.2,1012.0,26.6,289,1.8
2003-09-21,7.6,11.8,3.7,1024.4,19.2,253,0.0
2003-09-22,10.7,15.5,6.4,1016.7,19.2,203,0.0
2003-09-23,13.2,15.5,11.5,1013.8,21.7,188,0.0
2003-09-24,12.5,15.3,8.2,1015.2,20.4,258,8.6
2003-09-25,8.2,11.6,4.9,1027.5,9.2,293,0.0
2003-09-26,8.1,13.2,3.3,1030.2,15.4,226,0.0
2003-09-27,9.5,12.3,6.6,1026.4,15.8,169,0.0
2003-09-28,10.6,14.7,7.2,1016.7,16.1,178,0.5
2003-09-29,9.5,12.5,6.0,1019.1,12.3,219,0.0
2003-09-30,10.5,15.9,4.4,1019.8,13.5,168,0.0
2003-10-01,12.0,14.2,10.4,1015.4,18.3,194,2.3
2003-10-02,10.8,12.7,9.4,1016.1,10.8,207,0.7
2003-10-03,12.2,17.3,8.3,1009.5,20.1,160,4.1
2003-10-04,11.2,14.2,8.5,1007.7,14.1,143,0.0
2003-10-05,10.2,11.7,9.1,1007.2,10.7,160,0.2
2003-10-06,10.0,11.8,8.1,1003.3,20.0,138,0.7
2003-10-07,9.8,12.6,6.6,986.4,36.9,242,36.5
2003-10-08,8.8,10.4,7.0,1001.7,26.8,193,0.2
2003-10-09,10.5,13.4,8.0,1001.7,24.2,140,0.7
2003-10-10,10.0,13.3,6.3,995.7,25.3,143,13.0
2003-10-11,7.0,8.4,5.0,1004.6,23.7,197,1.4
2003-10-12,7.3,8.6,5.5,1008.6,16.8,183,2.2
2003-10-13,5.6,8.5,2.9,1012.1,7.6,194,0.8
2003-10-14,5.4,7.5,4.1,1017.2,7.9,268,3.1
2003-10-15,3.7,4.9,1.9,1018.0,19.8,281,4.9
2003-10-16,4.0,5.7,2.1,1022.6,16.8,328,5.8
2003-10-17,4.0,5.5,2.5,1024.5,18.4,282,0.0
2003-10-18,4.7,5.3,4.2,1016.5,19.1,261,0.0
2003-10-19,3.6,5.1,2.3,1011.3,17.1,254,4.8
2003-10-20,1.7,3.6,0.5,1010.6,7.8,46,6.1
2003-10-21,-0.4,0.7,-2.6,1011.7,16.8,44,0.9
2003-10-22,-2.4,-1.7,-3.1,1015.2,20.1,38,0.0
2003-10-23,-2.5,-1.3,-3.4,1016.3,11.6,63,0.0
2003-10-24,-3.3,-2.1,-4.4,1009.0,7.4,105,0.0
2003-10-25,-3.3,-1.4,-5.8,997.7,22.3,214,3.6
2003-10-26,-2.3,-0.6,-4.8,992.6,20.0,276,3.5
2003-10-27,-6.6,-4.7,-9.1,1009.4,13.1,341,0.0
2003-10-28,-3.8,1.5,-7.3,1009.0,26.6,228,1.0
2003-10-29,2.8,4.2,-0.2,1009.7,24.5,241,0.0
2003-10-30,0.1,3.1,-1.5,1013.3,18.4,189,0.0
2003-10-31,0.5,3.5,-1.3,1013.2,16.2,157,0.0
2003-11-01,-0.1,1.5,-1.3,1015.8,11.7,118,0.0
2003-11-02,1.3,2.6,0.3,1018.6,19.6,158,0.0
2003-11-03,2.4,5.0,1.5,1014.8,21.1,174,11.2
2003-11-04,5.0,5.8,4.4,1020.0,16.5,203,3.8
2003-11-05,5.7,6.9,4.9,1029.4,10.6,231,0.0
2003-11-06,5.3,6.5,4.4,1040.8,10.7,253,0.0
2003-11-07,3.5,4.4,2.8,1040.1,20.2,290,0.0
2003-11-08,4.2,6.1,2.2,1031.9,23.1,342,0.0
2003-11-09,2.3,5.5,0.2,1036.1,19.6,32,0.0
2003-11-10,0.8,2.6,-0.2,1038.6,13.4,332,0.0
2003-11-11,-0.9,0.3,-1.8,1036.1,12.5,321,0.0
2003-11-12,-0.4,1.1,-1.4,1032.1,13.4,293,0.0
2003-11-13,0.5,1.4,-0.1,1027.7,16.9,298,0.0
2003-11-14,-0.7,0.3,-2.1,1028.0,14.3,266,0.0
2003-11-15,-1.4,-0.4,-2.3,1023.2,17.5,259,0.0
2003-11-16,-2.3,-1.2,-3.7,1022.7,10.7,227,0.0
2003-11-17,-3.4,-2.7,-4.0,1019.1,15.5,206,0.0
2003-11-18,-3.1,-2.6,-3.4,1005.8,17.5,123,4.9
2003-11-19,-3.0,-2.1,-4.0,1003.5,10.5,265,0.0
2003-11-20,-2.3,-1.3,-3.8,1002.3,12.6,125,0.0
2003-11-21,-0.9,0.7,-3.4,1011.5,13.7,263,0.9
2003-11-22,-1.8,-0.9,-3.0,1014.0,15.0,113,5.3
2003-11-23,-4.1,-3.1,-5.2,1015.5,18.1,91,3.7
2003-11-24,-0.7,3.1,-4.9,1011.9,20.6,154,11.2
2003-11-25,-0.3,3.3,-4.3,1017.1,15.9,259,3.7
2003-11-26,-0.3,1.5,-4.6,1023.8,7.9,144,0.5
2003-11-27,0.7,1.1,0.2,1025.8,18.6,121,0.0
2003-11-28,0.5,0.8,0.2,1023.2,18.1,163,0.3
2003-11-29,-0.3,0.3,-1.2,1025.1,15.2,211,0.0
2003-11-30,-0.1,0.7,-0.5,1030.0,12.3,212,0.0
2003-12-01,-1.5,-0.3,-4.3,1033.5,9.1,205,0.0
2003-12-02,-2.2,-1.8,-3.2,1033.9,10.5,226,0.0
2003-12-03,-1.1,-0.2,-2.4,1031.0,11.3,263,1.7
2003-12-04,-1.5,-0.8,-2.2,1026.4,10.5,293,0.0
2003-12-05,-1.6,-0.3,-2.2,1003.1,24.1,234,5.5
2003-12-06,-4.2,-2.3,-5.4,992.4,18.7,303,0.1
2003-12-07,-5.6,-3.5,-7.5,1002.0,24.1,309,0.3
2003-12-08,-1.7,0.3,-5.8,991.4,32.2,295,6.5
2003-12-09,-4.0,-2.4,-5.6,1011.3,24.7,315,0.0
2003-12-10,-7.0,-2.6,-11.2,1027.5,21.9,247,0.0
2003-12-11,-2.1,-1.4,-3.4,1019.2,24.0,227,0.0
2003-12-12,-2.2,-0.6,-3.0,1007.2,23.7,230,1.5
2003-12-13,-4.4,-2.2,-6.6,1012.7,23.4,268,0.3
2003-12-14,-3.9,0.0,-6.5,996.8,25.1,160,6.8
2003-12-15,0.9,1.8,0.2,984.3,20.9,196,3.7
2003-12-16,-1.2,0.4,-3.0,993.6,18.4,200,0.5
2003-12-17,-4.7,-0.6,-7.0,1006.4,18.8,288,0.2
2003-12-18,-5.2,-1.8,-8.8,1007.0,23.3,280,3.7
2003-12-19,-4.1,0.7,-9.2,1011.6,21.6,214,0.0
2003-12-20,-0.4,0.7,-2.2,1007.5,20.6,246,0.1
2003-12-21,-0.5,0.7,-2.1,1008.4,24.9,209,0.5
2003-12-22,0.9,1.8,-0.2,995.4,26.7,201,3.3
2003-12-23,-4.9,0.5,-10.2,1009.0,26.8,258,0.0
2003-12-24,-11.5,-8.0,-14.3,1028.5,18.5,242,0.0
2003-12-25,-5.2,-4.0,-7.8,1020.5,29.6,230,1.4
2003-12-26,-4.5,-2.0,-6.0,1010.2,29.6,230,1.1
2003-12-27,0.2,1.3,-1.8,1009.4,25.0,216,0.8
2003-12-28,-2.0,0.5,-3.5,1008.8,25.3,216,0.1
2003-12-29,-2.3,-0.2,-4.1,1013.4,24.5,204,0.0
2003-12-30,0.1,0.9,-0.4,1019.6,22.9,221,0.0
2003-12-31,-0.0,0.6,-0.7,1021.6,9.1,176,9.2
2004-01-01,-1.7,-0.0,-5.9,1017.3,17.2,38,12.6
2004-01-02,-7.7,-6.2,-9.8,1018.7,18.9,40,8.4
2004-01-03,-11.3,-10.0,-12.2,1019.4,17.6,47,7.6
2004-01-04,-12.5,-11.5,-15.7,1011.5,15.9,345,4.4
2004-01-05,-16.0,-14.8,-17.4,1017.5,12.6,285,0.0
2004-01-06,-14.3,-12.8,-16.4,1023.6,9.8,0,0.0
2004-01-07,-18.0,-16.7,-20.5,1028.5,8.1,36,0.0
2004-01-08,-22.1,-20.7,-23.2,1030.3,7.7,86,0.0
2004-01-09,-19.0,-13.7,-23.2,1023.0,9.1,104,0.4
2004-01-10,-9.4,-6.6,-13.5,1018.3,11.5,127,0.0
2004-01-11,-4.6,-2.0,-6.9,1017.5,16.6,162,0.0
2004-01-12,-5.1,-2.6,-7.4,1013.0,24.5,191,0.0
2004-01-13,-5.9,-4.9,-6.7,1008.1,20.2,158,0.1
2004-01-14,-3.3,-1.6,-5.1,998.3,24.0,151,4.3
2004-01-15,-0.9,-0.3,-1.5,989.5,22.5,150,6.5
2004-01-16,-1.6,-0.7,-3.5,995.7,15.0,210,0.6
2004-01-17,-5.5,-3.8,-6.5,1003.3,16.1,222,0.1
2004-01-18,-2.1,0.0,-4.3,1004.7,16.8,177,2.4
2004-01-19,-6.7,-2.7,-8.4,1009.7,15.2,289,0.0
2004-01-20,-7.3,-6.4,-8.4,1006.4,11.8,187,0.0
2004-01-21,-8.7,-8.0,-9.8,1000.8,15.6,70,6.0
2004-01-22,-12.5,-10.0,-14.9,1007.9,12.0,329,0.5
2004-01-23,-13.6,-11.8,-15.2,1021.9,9.7,325,0.0
2004-01-24,-14.1,-12.8,-15.2,1026.7,13.4,50,0.0
2004-01-25,-10.4,-8.0,-13.4,1023.7,12.8,103,0.0
2004-01-26,-7.1,-3.0,-10.1,1020.1,20.2,146,0.0
2004-01-27,-4.9,-3.0,-8.2,1017.3,21.0,147,0.4
2004-01-28,-7.1,-5.6,-8.8,1013.3,17.3,149,0.0
2004-01-29,-4.8,-0.8,-6.3,1007.4,20.6,130,6.3
2004-01-30,-0.8,0.3,-1.9,1009.3,16.8,197,3.3
2004-01-31,-5.3,-1.8,-10.9,1019.8,10.1,226,1.0
2004-02-01,-7.9,-4.2,-11.7,1017.9,25.7,173,0.0
2004-02-02,-5.9,-4.7,-6.8,1020.1,25.2,171,3.4
2004-02-03,-4.9,-4.0,-6.0,1026.8,14.3,173,0.0
2004-02-04,-5.6,-3.6,-6.5,1017.4,28.4,196,5.4
2004-02-05,0.0,1.4,-3.2,995.2,18.8,227,1.5
2004-02-06,-1.6,0.5,-5.1,996.1,19.9,301,1.0
2004-02-07,-5.6,-3.5,-8.5,996.3,13.8,146,4.0
2004-02-08,-5.6,-4.3,-8.5,996.2,14.8,358,0.3
2004-02-09,-7.5,-5.2,-9.3,1001.4,16.6,136,0.8
2004-02-10,-7.8,-6.0,-11.9,1000.1,22.7,340,4.5
2004-02-11,-14.8,-12.3,-16.9,1007.3,17.0,329,0.0
2004-02-12,-16.9,-14.5,-18.8,1017.9,12.6,346,0.0
2004-02-13,-17.9,-15.8,-19.4,1022.8,10.4,332,0.0
2004-02-14,-16.3,-11.6,-19.7,1016.6,15.0,204,0.0
2004-02-15,-16.2,-11.0,-21.7,1014.0,10.8,209,0.0
2004-02-16,-6.8,-2.9,-10.9,1008.3,18.4,300,0.2
2004-02-17,-10.6,-6.3,-14.0,1012.4,16.7,338,0.0
2004-02-18,-14.8,-13.2,-16.7,1013.1,14.9,89,0.0
2004-02-19,-18.4,-16.6,-20.4,1023.8,13.1,19,0.0
2004-02-20,-19.7,-14.4,-25.3,1032.5,17.2,255,0.0
2004-02-21,-7.4,-2.9,-14.0,1027.9,19.7,251,0.0
2004-02-22,-4.7,-2.4,-6.9,1021.6,24.7,212,0.0
2004-02-23,-5.9,-3.8,-7.3,1009.9,23.8,196,2.6
2004-02-24,-2.3,-0.5,-3.6,1008.5,17.6,194,5.8
2004-02-25,-3.3,-1.5,-8.0,1007.1,12.3,238,0.8
2004-02-26,-6.1,-2.3,-10.1,1009.6,17.9,186,0.0
2004-02-27,-3.2,-0.8,-5.2,1008.2,17.7,145,1.6
2004-02-28,0.2,1.9,-1.0,997.2,16.4,211,15.5
2004-02-29,-1.2,0.1,-2.6,1014.1,14.1,276,0.1
2004-03-01,-2.7,-1.6,-3.6,1013.9,15.9,37,3.9
2004-03-02,-4.5,-3.2,-5.6,1010.9,9.5,269,0.0
2004-03-03,-4.8,-2.6,-6.2,1012.9,14.6,113,0.1
2004-03-04,-8.1,-5.1,-10.6,1018.1,19.2,21,0.6
2004-03-05,-9.8,-6.9,-11.7,1016.8,18.8,355,0.0
2004-03-06,-7.3,-5.6,-9.3,1010.7,19.7,309,0.5
2004-03-07,-6.4,-3.6,-9.2,1017.4,12.1,280,0.0
2004-03-08,-4.5,0.9,-10.1,1027.1,9.6,248,0.2
2004-03-09,-1.3,1.7,-4.3,1036.1,8.1,357,0.2
2004-03-10,-1.4,0.5,-3.2,1042.5,8.5,54,0.0
2004-03-11,-3.5,1.0,-7.5,1039.2,13.0,316,0.0
2004-03-12,-1.2,3.2,-4.9,1035.9,10.5,349,0.0
2004-03-13,0.3,4.8,-4.0,1037.0,9.8,345,0.0
2004-03-14,0.7,5.1,-3.6,1037.1,10.8,187,0.0
2004-03-15,1.2,4.7,-1.7,1029.4,16.0,190,0.0
2004-03-16,1.0,2.3,0.2,1020.2,21.0,203,4.5
2004-03-17,1.4,3.0,-0.6,1014.0,17.7,281,1.0
2004-03-18,0.5,2.7,-2.1,1014.8,15.0,226,3.7
2004-03-19,1.4,2.9,-0.0,1014.9,17.4,302,0.0
2004-03-20,1.0,3.4,-0.7,1008.7,21.6,151,3.3
2004-03-21,1.2,2.7,0.2,990.6,27.6,183,10.3
2004-03-22,1.7,2.7,0.0,991.0,27.8,240,1.1
2004-03-23,1.7,4.5,-0.0,1011.9,20.2,246,0.1
2004-03-24,1.4,5.6,-3.5,1022.2,13.5,145,0.0
2004-03-25,3.9,6.5,2.2,1013.0,18.1,119,1.1
2004-03-26,3.3,6.9,0.7,1005.4,15.2,124,0.0
2004-03-27,2.3,6.8,-1.6,1004.7,11.3,260,0.0
2004-03-28,1.1,4.5,-1.0,1010.7,12.0,253,0.0
2004-03-29,1.4,5.0,-1.7,1014.2,11.9,309,0.0
2004-03-30,1.4,4.7,-2.1,1017.3,22.0,268,0.7
2004-03-31,1.1,3.3,-1.3,1012.6,25.3,320,0.4
2004-04-01,-5.2,-1.7,-7.3,1018.3,32.9,356,0.1
2004-04-02,-6.8,-4.4,-10.1,1028.5,25.9,4,0.0
2004-04-03,-3.7,0.6,-7.8,1031.6,17.1,352,0.0
2004-04-04,0.5,4.5,-2.9,1020.8,18.4,322,0.0
2004-04-05,0.7,6.3,-5.0,1010.3,11.2,325,0.0
2004-04-06,2.0,7.0,-2.8,1006.6,8.9,8,0.0
2004-04-07,1.8,7.1,-4.0,1012.6,12.8,98,0.0
2004-04-08,2.4,5.2,-1.3,1014.5,20.1,101,0.0
2004-04-09,2.2,3.9,1.2,1005.2,16.9,107,9.1
2004-04-10,3.1,6.5,0.2,1003.4,16.5,215,0.2
2004-04-11,3.1,6.1,-2.6,1010.4,15.0,245,2.3
2004-04-12,0.7,7.6,-6.0,1012.1,21.8,263,1.1
2004-04-13,1.3,4.7,-1.2,1014.5,24.1,300,0.8
2004-04-14,2.1,6.9,-2.0,1020.5,19.5,321,0.1
2004-04-15,4.0,8.8,-2.0,1016.9,27.8,288,1.5
2004-04-16,3.0,4.5,-0.3,1021.9,18.1,350,0.0
2004-04-17,2.1,5.9,-1.8,1023.7,10.2,115,0.0
2004-04-18,3.6,10.0,-3.4,1019.9,13.1,187,0.0
2004-04-19,6.6,14.5,-1.6,1017.1,12.2,202,0.0
2004-04-20,8.1,14.4,2.2,1017.6,11.4,220,0.0
2004-04-21,9.5,15.9,3.7,1017.0,15.5,253,0.0
2004-04-22,6.3,9.0,2.7,1015.4,17.8,62,2.8
2004-04-23,3.5,8.1,-1.4,1019.7,16.2,82,0.0
2004-04-24,3.3,7.5,-1.3,1024.6,15.7,87,0.0
2004-04-25,4.1,7.8,-0.4,1025.6,15.9,84,0.0
2004-04-26,3.6,8.3,-1.1,1024.6,22.3,55,0.0
2004-04-27,1.3,2.4,0.3,1019.2,25.2,11,5.6
2004-04-28,2.9,6.2,0.1,1018.6,10.5,276,1.8
2004-04-29,5.2,10.5,-1.3,1017.7,8.2,67,0.0
2004-04-30,5.0,8.6,0.9,1013.8,13.7,342,1.3
2004-05-01,6.8,11.3,2.4,1013.5,15.5,326,0.0
2004-05-02,9.1,14.3,1.7,1012.9,8.3,323,0.2
2004-05-03,11.8,16.3,6.8,1014.9,10.8,149,0.0
2004-05-04,12.9,18.3,5.5,1015.7,19.4,164,0.0
2004-05-05,15.7,21.5,9.4,1016.2,15.8,164,0.2
2004-05-06,15.9,21.3,8.5,1015.7,12.3,127,1.0
2004-05-07,15.8,20.4,9.8,1012.8,17.1,103,0.0
2004-05-08,14.7,19.1,8.9,1011.4,18.5,101,0.0
2004-05-09,11.9,14.0,9.8,1005.2,21.3,139,7.2
2004-05-10,12.3,15.9,9.9,1003.8,22.4,210,4.1
2004-05-11,13.0,17.5,7.3,1005.6,12.0,198,0.5
2004-05-12,7.1,10.5,1.8,1005.8,22.0,360,1.6
2004-05-13,3.1,5.9,0.6,1011.3,20.9,0,0.0
2004-05-14,3.0,7.0,-2.3,1015.7,15.5,321,0.2
2004-05-15,6.2,10.9,-0.7,1016.7,22.4,230,0.6
2004-05-16,9.1,13.0,4.1,1014.9,15.3,216,0.0
2004-05-17,6.9,10.0,4.4,1015.0,18.4,346,3.8
2004-05-18,7.3,11.2,1.2,1015.1,13.6,274,0.0
2004-05-19,9.1,13.2,5.8,1004.5,14.6,219,4.2
2004-05-20,8.1,11.2,6.5,993.6,21.9,240,18.1
2004-05-21,7.9,11.2,5.1,999.9,29.3,291,2.9
2004-05-22,8.4,12.3,4.5,1005.8,21.6,273,0.0
2004-05-23,8.3,12.8,1.6,1009.1,16.0,218,1.1
2004-05-24,9.1,13.8,2.8,1010.2,10.3,179,0.3
2004-05-25,10.4,13.7,5.9,1010.5,13.3,207,0.1
2004-05-26,8.3,10.6,6.1,1006.1,27.6,351,25.7
2004-05-27,10.1,14.5,6.1,1011.7,26.6,228,1.6
2004-05-28,10.0,13.7,5.3,1020.9,17.1,225,1.9
2004-05-29,12.0,16.5,6.3,1026.5,11.5,227,0.0
2004-05-30,13.8,17.8,9.9,1022.6,9.4,257,1.5
2004-05-31,12.0,15.5,8.9,1018.7,16.6,307,0.0
2004-06-01,8.9,10.9,6.2,1020.2,14.8,347,0.0
2004-06-02,10.0,13.0,7.1,1021.8,18.4,359,0.0
2004-06-03,9.8,13.8,4.3,1021.6,18.0,340,2.3
2004-06-04,11.2,16.6,3.7,1019.5,13.4,266,0.4
2004-06-05,15.1,19.7,10.0,1015.5,14.2,264,0.8
2004-06-06,16.6,21.2,11.0,1013.4,20.9,226,0.0
2004-06-07,15.5,18.3,12.4,1011.9,15.8,266,2.9
2004-06-08,14.8,18.8,9.2,1007.5,19.3,227,2.0
2004-06-09,9.1,12.7,5.8,1002.8,32.9,322,5.8
2004-06-10,9.4,12.5,5.9,1012.6,23.8,344,0.3
2004-06-11,10.7,14.7,4.8,1011.3,15.2,344,0.0
2004-06-12,13.8,18.8,6.4,1008.4,6.3,269,0.2
2004-06-13,12.2,13.6,9.9,1006.6,16.2,281,16.3
2004-06-14,13.2,18.4,8.2,1007.7,23.9,259,3.0
2004-06-15,12.4,15.5,9.3,993.1,24.1,267,3.8
2004-06-16,11.6,14.5,9.4,990.2,17.8,276,7.2
2004-06-17,10.7,14.3,5.7,996.1,15.7,259,5.8
2004-06-18,11.5,14.7,7.4,1002.1,12.6,256,2.3
2004-06-19,12.7,16.8,8.0,1005.0,13.9,162,2.3
2004-06-20,16.0,20.8,10.0,1009.8,12.5,217,0.0
2004-06-21,18.5,22.2,13.4,1014.8,17.3,168,0.3
2004-06-22,18.3,23.8,13.5,1012.8,22.3,214,4.4
2004-06-23,15.2,19.7,9.3,1017.5,11.8,352,0.0
2004-06-24,17.2,21.8,10.1,1014.2,8.0,3,0.0
2004-06-25,18.3,21.9,14.0,1014.0,11.6,84,0.0
2004-06-26,18.3,23.5,11.4,1013.2,11.1,34,0.0
2004-06-27,18.9,22.5,13.6,1008.7,7.4,45,0.6
2004-06-28,16.6,18.4,14.9,1007.3,10.0,241,4.5
2004-06-29,14.8,17.0,13.3,1005.3,12.4,255,7.1
2004-06-30,15.5,19.3,12.3,1006.4,16.7,244,2.0
2004-07-01,15.6,19.4,11.1,1010.8,10.6,333,0.4
2004-07-02,16.9,20.1,11.4,1010.4,7.4,6,0.3
2004-07-03,15.8,18.6,13.5,1009.8,11.8,205,3.8
2004-07-04,14.1,16.6,10.2,1012.9,19.1,359,8.9
2004-07-05,12.2,13.3,11.4,1007.5,22.7,297,21.6
2004-07-06,13.7,16.9,10.5,1011.9,13.7,226,7.9
2004-07-07,14.0,18.3,8.4,1014.3,15.5,296,2.2
2004-07-08,15.2,18.7,11.4,1017.3,14.6,306,1.9
2004-07-09,16.9,21.1,12.0,1017.4,15.1,336,0.0
2004-07-10,18.0,22.5,12.0,1011.9,12.2,158,0.6
2004-07-11,17.8,21.4,14.7,1004.6,11.3,179,5.2
2004-07-12,17.2,20.0,14.4,1003.3,17.5,275,2.8
2004-07-13,16.6,20.0,12.9,1003.9,13.2,159,7.7
2004-07-14,17.0,20.7,12.0,1007.8,12.5,202,0.0
2004-07-15,18.3,22.8,15.6,1002.6,19.7,106,14.5
2004-07-16,16.1,18.6,14.6,1003.6,17.0,193,10.4
2004-07-17,15.9,19.0,13.4,1013.6,8.9,285,3.0
2004-07-18,15.8,19.9,11.7,1018.2,12.8,325,1.9
2004-07-19,17.4,21.8,12.3,1020.8,12.4,328,0.0
2004-07-20,18.0,22.2,11.9,1019.6,7.4,319,0.0
2004-07-21,19.0,23.6,12.7,1018.6,14.5,24,0.0
2004-07-22,18.2,21.6,12.9,1019.6,14.9,34,0.0
2004-07-23,19.7,23.3,16.4,1018.6,14.8,33,2.0
2004-07-24,19.5,22.3,16.7,1016.6,12.5,62,2.0
2004-07-25,19.0,22.2,16.6,1013.1,9.3,102,4.1
2004-07-26,18.6,22.0,15.9,1010.5,8.1,133,5.0
2004-07-27,19.2,23.8,13.7,1013.6,7.1,4,0.0
2004-07-28,20.9,26.0,14.8,1014.8,9.0,155,4.5
2004-07-29,19.3,21.6,16.7,1013.5,11.3,246,7.2
2004-07-30,18.8,23.4,11.9,1015.5,8.2,204,0.0
2004-07-31,20.2,24.1,14.1,1017.2,9.3,117,0.0
2004-08-01,20.3,24.5,15.3,1017.1,10.0,95,0.2
2004-08-02,20.7,24.0,17.7,1017.0,17.7,99,2.3
2004-08-03,19.9,23.1,16.5,1018.8,16.2,98,0.0
2004-08-04,19.5,23.1,15.5,1022.0,13.3,83,0.3
2004-08-05,19.3,22.8,14.1,1025.1,8.8,99,0.1
2004-08-06,20.1,23.8,14.1,1025.7,6.6,297,0.0
2004-08-07,19.6,23.5,14.4,1024.4,5.2,357,2.8
2004-08-08,18.7,23.4,13.1,1021.4,5.2,321,6.2
2004-08-09,18.8,24.1,13.8,1016.2,10.0,294,5.6
2004-08-10,14.6,16.6,13.1,1015.4,19.0,11,0.0
2004-08-11,15.0,18.5,11.8,1013.0,13.5,309,0.0
2004-08-12,15.1,17.5,12.6,1004.9,18.6,297,3.7
2004-08-13,13.5,16.6,9.8,1004.8,12.2,282,0.6
2004-08-14,12.0,13.5,10.1,996.2,17.8,31,13.2
2004-08-15,11.6,14.7,9.2,1001.7,26.1,308,10.3
2004-08-16,14.2,18.6,9.4,1006.9,21.7,254,1.6
2004-08-17,16.9,21.8,12.3,1013.0,17.5,219,1.5
2004-08-18,18.6,21.2,16.0,1012.8,18.8,223,2.9
2004-08-19,18.9,22.5,15.8,1014.5,11.0,228,4.3
2004-08-20,20.8,25.4,16.4,1012.5,16.6,200,0.0
2004-08-21,21.1,26.7,16.0,1008.3,15.0,182,2.9
2004-08-22,18.2,19.4,16.9,1010.3,10.7,14,10.8
2004-08-23,16.7,17.9,13.2,1012.0,13.6,304,22.5
2004-08-24,12.8,14.8,10.4,1019.1,15.4,295,0.1
2004-08-25,12.6,16.3,7.1,1018.6,7.8,342,0.2
2004-08-26,14.7,18.8,11.4,1015.1,16.8,164,0.6
2004-08-27,16.9,20.7,12.6,1014.0,24.2,158,0.0
2004-08-28,17.0,20.3,14.4,1013.3,21.0,169,12.4
2004-08-29,17.2,20.3,15.2,1017.4,10.8,256,1.6
2004-08-30,16.7,20.7,11.8,1020.6,7.1,114,0.1
2004-08-31,17.5,22.5,11.3,1019.8,10.3,119,0.0
2004-09-01,19.1,23.8,14.3,1018.2,13.8,117,0.1
2004-09-02,17.5,20.0,15.5,1015.0,13.1,135,5.9
2004-09-03,13.7,16.1,12.4,1015.7,17.2,321,37.4
2004-09-04,12.7,15.9,9.0,1022.8,18.9,46,0.4
2004-09-05,9.9,13.6,6.9,1029.5,10.4,359,0.0
2004-09-06,12.5,16.8,7.0,1024.3,23.1,267,0.0
2004-09-07,13.1,15.0,9.7,1015.4,21.1,289,7.8
2004-09-08,9.5,11.5,7.6,1012.5,15.8,308,1.6
2004-09-09,8.0,10.4,5.7,1019.0,18.8,354,1.0
2004-09-10,6.9,10.7,2.6,1022.3,14.5,294,0.0
2004-09-11,10.8,14.8,7.5,1012.6,21.4,253,0.1
2004-09-12,12.0,14.4,9.0,1007.7,17.7,238,1.0
2004-09-13,14.5,17.0,12.6,1006.9,22.9,239,0.7
2004-09-14,14.0,17.7,10.2,1015.5,19.4,230,0.0
2004-09-15,15.9,20.5,11.3,1014.0,20.5,208,0.8
2004-09-16,15.1,16.3,12.2,1008.9,19.4,227,1.5
2004-09-17,9.5,11.5,7.4,1019.0,25.3,283,0.0
2004-09-18,9.7,12.9,6.5,1025.3,22.4,244,0.0
2004-09-19,11.1,14.8,8.3,1021.4,15.3,231,0.4
2004-09-20,12.9,18.5,7.7,1017.1,17.5,219,0.0
2004-09-21,15.5,20.0,12.0,1007.2,22.2,179,0.8
2004-09-22,11.9,15.0,9.1,996.8,20.2,200,11.6
2004-09-23,9.1,10.6,7.7,995.2,22.9,201,2.4
2004-09-24,8.8,11.9,6.2,1002.3,12.3,201,0.4
2004-09-25,9.1,12.6,5.4,1010.9,21.9,207,0.0
2004-09-26,10.2,12.6,7.9,1015.2,20.1,226,0.0
2004-09-27,11.0,14.2,9.0,1016.1,14.8,202,0.1
2004-09-28,11.3,13.4,9.7,1009.3,25.9,210,0.0
2004-09-29,10.2,12.4,8.1,1010.6,20.7,246,0.0
2004-09-30,8.1,9.9,6.0,1017.2,10.3,222,4.2
2004-10-01,8.1,10.4,6.0,1020.2,15.4,37,0.0
2004-10-02,7.3,9.4,5.5,1022.3,14.5,26,0.0
2004-10-03,5.6,7.0,4.4,1023.9,9.1,6,0.0
2004-10-04,4.7,6.1,3.3,1026.8,7.0,16,0.0
2004-10-05,5.9,8.7,2.8,1027.4,15.8,197,0.0
2004-10-06,9.0,12.5,5.6,1020.3,22.8,212,0.0
2004-10-07,10.8,12.2,9.5,1015.2,22.2,235,5.5
2004-10-08,9.5,12.5,6.6,1012.6,16.6,240,0.0
2004-10-09,8.0,10.2,6.4,1007.0,17.6,243,0.4
2004-10-10,3.3,6.1,-0.2,1011.7,14.4,357,0.8
2004-10-11,0.6,2.8,-1.6,1020.9,21.6,347,0.0
2004-10-12,1.0,3.5,-0.9,1031.7,19.0,324,0.0
2004-10-13,2.8,6.5,-0.0,1034.2,19.6,291,0.0
2004-10-14,3.5,6.4,0.3,1032.8,11.7,273,0.0
2004-10-15,0.9,5.8,-2.1,1029.6,9.1,230,0.0
2004-10-16,0.8,5.2,-2.7,1025.7,16.4,169,0.0
2004-10-17,2.5,5.6,-0.6,1018.4,18.0,159,0.6
2004-10-18,4.8,7.2,3.3,1005.8,20.2,109,7.3
2004-10-19,5.8,7.0,4.6,1000.1,26.3,223,5.2
2004-10-20,4.5,5.8,2.8,1003.3,21.9,325,8.4
2004-10-21,3.8,4.9,2.6,1016.3,20.2,345,0.1
2004-10-22,3.7,4.5,3.1,1018.9,18.1,210,0.1
2004-10-23,5.1,7.8,3.5,1007.9,24.3,223,5.2
2004-10-24,6.8,8.4,4.5,997.4,24.5,287,1.4
2004-10-25,3.8,5.0,2.5,1010.5,8.3,108,0.1
2004-10-26,7.1,11.1,2.8,1010.3,16.8,205,2.4
2004-10-27,8.7,10.0,7.4,1009.7,16.6,244,0.4
2004-10-28,5.3,8.5,3.1,1008.3,25.9,293,14.0
2004-10-29,2.1,3.6,0.8,1017.6,14.9,150,4.7
2004-10-30,1.0,2.4,-0.0,1018.6,18.2,80,0.1
2004-10-31,1.5,2.9,0.1,1009.6,25.3,112,18.7
2004-11-01,3.2,5.0,1.8,1011.4,20.1,282,0.0
2004-11-02,2.1,3.7,0.5,1018.8,24.3,293,0.0
2004-11-03,1.7,3.7,-0.5,1024.3,23.3,283,0.0
2004-11-04,3.5,5.7,1.6,1022.3,22.3,264,0.2
2004-11-05,5.1,6.0,4.3,1013.5,17.1,238,0.8
2004-11-06,6.0,8.0,4.0,1007.6,18.9,220,1.6
2004-11-07,2.9,3.9,1.9,1017.6,18.2,227,0.0
2004-11-08,2.4,4.0,1.0,1023.2,8.9,259,0.0
2004-11-09,1.9,2.8,-0.1,1029.2,8.7,269,0.0
2004-11-10,-0.2,0.9,-0.9,1031.3,10.1,178,0.0
2004-11-11,0.0,1.6,-0.9,1030.9,14.8,178,0.0
2004-11-12,1.9,5.1,-0.3,1018.6,23.8,206,0.0
2004-11-13,5.6,6.1,5.2,1007.7,23.1,214,1.7
2004-11-14,3.1,5.6,0.8,1010.2,16.7,274,3.6
2004-11-15,1.4,3.4,-0.2,1009.3,29.8,235,0.2
2004-11-16,2.2,3.3,-0.6,992.5,29.8,253,4.6
2004-11-17,-2.0,-0.9,-3.0,999.1,20.9,291,0.7
2004-11-18,-3.6,-2.9,-4.1,992.8,19.1,145,4.0
2004-11-19,-4.8,-3.7,-6.6,989.8,13.8,14,0.6
2004-11-20,-7.2,-6.5,-8.1,997.4,38.1,42,11.6
2004-11-21,-8.2,-6.6,-9.4,983.1,35.9,324,9.2
2004-11-22,-10.4,-7.7,-12.1,1013.2,24.0,263,0.0
2004-11-23,-9.3,-8.7,-10.4,1017.3,19.4,152,0.0
2004-11-24,-10.3,-8.2,-15.3,1023.6,18.1,130,0.0
2004-11-25,-13.1,-7.4,-18.2,1021.9,17.4,211,0.2
2004-11-26,-5.8,-4.5,-7.1,1007.9,17.9,275,0.3
2004-11-27,-6.2,-5.3,-7.2,1005.4,23.0,290,0.0
2004-11-28,-8.5,-7.1,-9.6,1012.7,17.7,309,0.0
2004-11-29,-11.4,-8.6,-16.3,1021.0,11.9,256,0.0
2004-11-30,-14.0,-11.8,-16.2,1022.9,13.7,200,0.0
2004-12-01,-4.7,0.7,-11.6,1015.3,19.5,226,5.1
2004-12-02,-2.5,-0.3,-5.0,1011.2,18.9,222,3.3
2004-12-03,-4.5,-2.3,-5.9,1004.7,13.5,319,5.9
2004-12-04,-5.6,-2.4,-10.1,1014.7,12.2,323,0.3
2004-12-05,-1.8,0.5,-7.4,1010.2,17.9,241,3.6
2004-12-06,1.0,1.7,-0.0,1004.4,16.9,230,1.3
2004-12-07,0.2,1.4,-0.4,1008.6,21.0,249,1.1
2004-12-08,1.7,2.7,0.8,1004.7,23.4,263,0.0
2004-12-09,-1.3,0.7,-3.2,1012.0,20.6,319,0.4
2004-12-10,-3.9,-2.5,-5.2,1019.7,16.3,318,0.0
2004-12-11,-3.8,0.0,-6.5,1017.4,15.2,209,0.0
2004-12-12,-0.2,0.4,-1.5,1006.6,25.1,288,2.0
2004-12-13,-6.0,-1.8,-9.7,1020.7,25.2,344,0.4
2004-12-14,-10.9,-8.3,-12.5,1031.4,16.3,331,0.0
2004-12-15,-7.0,-3.2,-12.7,1023.1,19.6,217,0.0
2004-12-16,-0.8,2.0,-3.6,1009.0,25.8,249,0.6
2004-12-17,-1.4,-0.4,-2.6,1008.0,20.5,207,0.0
2004-12-18,-3.1,-1.6,-3.5,1003.7,20.3,194,0.2
2004-12-19,0.5,1.8,-1.0,997.7,19.1,189,4.0
2004-12-20,-2.4,-0.6,-4.3,1005.7,16.0,222,0.0
2004-12-21,-5.1,-4.2,-6.3,1018.0,14.4,248,0.0
2004-12-22,-6.0,-4.8,-7.6,1021.4,15.3,240,0.0
2004-12-23,-8.9,-7.8,-9.8,1007.6,24.7,187,0.7
2004-12-24,-5.6,-2.0,-8.6,995.4,25.9,184,2.1
2004-12-25,-2.1,-1.5,-2.9,999.7,16.3,184,2.6
2004-12-26,0.3,1.2,-1.4,1008.8,20.7,214,0.8
2004-12-27,-2.7,-0.9,-4.8,1016.9,13.6,235,0.0
2004-12-28,-2.5,-1.1,-4.0,1013.1,13.7,103,1.0
2004-12-29,-5.9,-3.2,-11.2,1019.4,11.2,89,0.0
2004-12-30,-11.0,-5.6,-13.1,1026.3,20.3,182,0.0
2004-12-31,-1.2,0.5,-4.6,1009.8,28.4,234,8.0
2005-01-01,-3.0,-0.4,-5.4,1016.6,18.0,263,0.0
2005-01-02,-6.8,-5.2,-8.2,1011.9,16.6,194,0.0
2005-01-03,-1.5,0.1,-4.6,999.5,17.7,203,0.6
2005-01-04,-2.3,-1.1,-3.3,1001.4,17.5,214,0.9
2005-01-05,-2.9,0.3,-4.6,999.6,26.4,217,3.5
2005-01-06,-2.2,0.1,-3.7,999.8,23.0,281,1.7
2005-01-07,-0.2,0.9,-2.9,1005.2,24.8,222,3.2
2005-01-08,3.7,4.7,0.9,995.5,29.5,256,4.8
2005-01-09,2.8,4.3,1.1,987.3,35.7,242,3.3
2005-01-10,-1.5,0.9,-3.6,999.6,34.0,292,2.9
2005-01-11,2.3,4.7,-2.6,1002.5,21.0,257,5.3
2005-01-12,1.6,2.1,1.0,1012.6,21.8,271,0.0
2005-01-13,2.1,2.8,1.5,1010.9,18.3,227,1.3
2005-01-14,0.6,1.2,0.1,1009.5,20.9,226,0.0
2005-01-15,-1.5,0.5,-5.1,1016.8,13.1,306,0.1
2005-01-16,-5.7,-3.6,-9.5,1025.4,15.2,275,0.0
2005-01-17,-2.4,-1.6,-3.7,1020.8,17.7,240,1.9
2005-01-18,-4.0,-2.8,-5.3,1016.7,16.3,215,0.0
2005-01-19,-4.1,-2.3,-5.4,1016.8,17.5,194,0.0
2005-01-20,-3.1,-2.4,-3.9,1010.2,26.3,168,0.8
2005-01-21,-1.6,-0.3,-2.4,993.1,27.1,146,3.1
2005-01-22,-0.3,0.3,-1.7,991.4,22.5,167,0.6
2005-01-23,-1.6,-0.6,-4.0,1003.1,18.0,171,0.0
2005-01-24,-4.2,-2.2,-6.0,1013.8,12.9,129,0.0
2005-01-25,-6.5,-4.1,-9.7,1026.7,13.1,102,2.4
2005-01-26,-11.3,-9.9,-13.4,1033.2,14.1,140,0.4
2005-01-27,-16.3,-12.9,-18.1,1026.3,22.4,108,8.1
2005-01-28,-9.4,-8.4,-11.9,1016.2,25.7,131,5.9
2005-01-29,-11.6,-9.9,-13.6,1025.8,19.1,134,0.0
2005-01-30,-13.4,-11.1,-15.1,1025.8,12.3,144,0.0
2005-01-31,-15.2,-11.6,-17.0,1015.2,19.6,167,0.3
2005-02-01,-8.8,-6.0,-11.3,1008.9,20.8,151,1.2
2005-02-02,-10.2,-8.3,-11.8,1022.2,18.3,147,0.0
2005-02-03,-12.2,-10.2,-14.8,1036.1,12.8,130,0.0
2005-02-04,-15.8,-12.9,-18.8,1042.4,11.0,156,0.0
2005-02-05,-15.2,-10.7,-19.7,1042.5,11.2,214,0.0
2005-02-06,-11.8,-7.4,-15.2,1041.9,16.0,242,0.0
2005-02-07,-8.4,-5.3,-12.2,1041.5,13.8,291,0.0
2005-02-08,-6.7,-3.9,-11.2,1041.4,10.4,299,0.0
2005-02-09,-11.6,-7.1,-14.5,1039.3,10.9,325,0.0
2005-02-10,-14.6,-8.9,-20.1,1034.2,16.6,205,0.0
2005-02-11,-10.3,-7.8,-12.8,1017.9,23.7,192,1.1
2005-02-12,-5.7,-2.0,-8.7,1012.6,16.0,202,0.0
2005-02-13,-8.5,-4.9,-12.2,1013.0,25.7,145,0.0
2005-02-14,-9.1,-4.3,-12.7,1009.4,28.2,119,4.1
2005-02-15,-1.6,0.1,-3.4,1016.0,21.3,153,0.4
2005-02-16,-5.0,-3.4,-6.7,1025.0,15.7,73,1.9
2005-02-17,-2.7,-0.3,-4.9,1019.2,11.8,81,2.9
2005-02-18,-3.2,-2.1,-4.5,1011.7,7.3,38,0.0
2005-02-19,-5.8,-4.2,-8.6,1010.1,10.6,46,0.0
2005-02-20,-8.2,-6.3,-10.2,1010.0,9.8,31,0.3
2005-02-21,-9.1,-6.9,-13.1,1017.6,12.1,69,0.0
2005-02-22,-14.5,-12.2,-17.7,1029.6,10.5,85,0.0
2005-02-23,-12.0,-7.9,-15.1,1038.6,11.1,84,0.0
2005-02-24,-10.5,-7.1,-13.7,1035.4,9.4,135,0.0
2005-02-25,-10.0,-8.8,-11.2,1021.1,12.6,231,0.0
2005-02-26,-9.4,-8.1,-11.0,1009.3,12.3,326,0.0
2005-02-27,-11.3,-9.4,-13.0,1008.4,17.1,49,2.0
2005-02-28,-11.9,-10.4,-13.1,1000.4,23.2,25,5.5
2005-03-01,-14.2,-13.0,-15.6,993.5,21.7,318,1.8
2005-03-02,-13.9,-10.6,-16.4,1008.0,23.8,272,0.0
2005-03-03,-14.4,-9.3,-19.7,1021.9,13.1,209,0.0
2005-03-04,-8.1,-4.0,-11.7,1024.6,20.8,184,0.0
2005-03-05,-10.0,-7.1,-14.0,1025.9,18.7,141,0.9
2005-03-06,-7.1,-5.9,-8.3,1017.7,22.6,119,4.4
2005-03-07,-5.5,-2.8,-7.6,1002.4,20.8,123,0.8
2005-03-08,-6.8,-3.3,-8.9,996.4,8.9,105,0.1
2005-03-09,-7.9,-4.9,-10.6,1001.4,17.1,359,2.2
2005-03-10,-9.0,-7.5,-10.2,1005.0,24.2,334,0.0
2005-03-11,-11.2,-9.8,-13.0,998.7,21.0,272,1.7
2005-03-12,-10.4,-8.1,-13.1,993.3,18.2,152,1.2
2005-03-13,-3.1,0.4,-7.8,991.8,20.7,175,4.0
2005-03-14,-8.5,-3.0,-11.1,1005.5,18.9,272,0.2
2005-03-15,-8.9,-4.4,-12.3,1010.4,11.6,312,0.7
2005-03-16,-9.9,-6.9,-13.7,1019.0,11.1,314,0.0
2005-03-17,-9.2,-3.9,-14.9,1011.3,23.7,150,2.4
2005-03-18,-3.8,-0.0,-8.3,991.1,29.6,279,4.1
2005-03-19,-9.6,-8.0,-11.5,996.3,32.0,330,1.9
2005-03-20,-10.7,-9.3,-12.4,1003.1,30.4,338,0.0
2005-03-21,-8.7,-4.3,-12.7,1004.5,31.9,320,0.0
2005-03-22,-5.0,-2.2,-7.4,1007.8,27.4,308,0.0
2005-03-23,-5.9,-2.6,-9.8,1016.1,18.5,319,0.0
2005-03-24,-5.7,-0.0,-13.0,1021.5,19.1,218,0.0
2005-03-25,0.7,4.7,-2.1,1010.4,18.6,266,2.3
2005-03-26,0.5,2.5,-2.1,1008.7,21.0,338,1.3
2005-03-27,-4.5,-2.8,-6.2,1016.1,15.9,348,0.0
2005-03-28,-8.8,-6.6,-11.8,1018.2,21.7,356,0.0
2005-03-29,-9.6,-4.3,-15.3,1023.8,16.4,328,0.0
2005-03-30,-6.3,-1.8,-11.0,1023.8,17.2,327,0.0
2005-03-31,-2.9,1.5,-7.5,1024.4,18.9,326,0.0
2005-04-01,-1.2,3.4,-6.1,1027.6,10.4,328,0.0
2005-04-02,-0.1,5.8,-5.7,1028.1,14.5,258,0.0
2005-04-03,3.4,7.6,0.6,1019.7,22.2,278,0.0
2005-04-04,1.3,6.5,-4.9,1025.7,12.1,286,0.0
2005-04-05,4.3,9.8,-0.1,1021.6,17.8,236,0.0
2005-04-06,3.9,7.4,1.3,1015.2,19.5,249,0.8
2005-04-07,3.3,8.0,-1.9,1019.1,18.1,216,0.0
2005-04-08,8.2,14.5,2.8,1013.4,26.5,190,0.0
2005-04-09,9.4,14.0,5.1,1013.7,27.9,188,0.0
2005-04-10,10.4,15.9,5.2,1013.2,22.3,183,0.0
2005-04-11,6.7,10.5,3.3,1015.1,21.1,265,4.0
2005-04-12,5.4,9.0,1.3,1013.4,30.3,280,0.4
2005-04-13,9.0,15.2,1.4,1014.2,19.5,236,0.0
2005-04-14,10.9,14.9,7.1,1012.0,11.8,259,0.2
2005-04-15,9.2,12.3,6.2,1015.5,15.9,99,1.2
2005-04-16,9.9,15.4,5.4,1012.5,13.0,79,0.1
2005-04-17,8.8,11.2,6.7,1004.9,20.4,42,1.3
2005-04-18,6.2,9.3,3.2,1004.7,15.3,59,5.1
2005-04-19,4.5,9.2,-1.2,1001.3,20.7,37,0.4
2005-04-20,-0.0,2.9,-2.8,1004.5,21.3,337,0.1
2005-04-21,0.1,4.2,-2.8,1010.6,17.0,247,0.1
2005-04-22,1.6,6.4,-2.9,1013.2,20.9,227,0.9
2005-04-23,0.3,2.5,-2.1,1014.5,18.0,27,1.2
2005-04-24,1.6,3.8,-0.3,1014.1,17.6,330,0.5
2005-04-25,2.2,5.9,-2.8,1021.0,7.6,258,0.4
2005-04-26,3.9,7.7,-1.2,1023.8,6.7,93,0.0
2005-04-27,5.0,9.6,-0.1,1023.0,16.9,104,3.4
2005-04-28,10.6,16.6,6.6,1018.6,15.8,140,1.6
2005-04-29,11.2,16.1,6.8,1016.7,12.2,137,5.2
2005-04-30,7.6,9.8,5.5,1015.2,16.6,337,6.1
2005-05-01,5.7,8.7,2.4,1012.9,12.3,303,0.2
2005-05-02,5.4,9.3,2.8,1014.6,16.6,338,0.5
2005-05-03,7.5,12.0,3.0,1018.5,13.4,315,0.0
2005-05-04,9.1,12.4,5.9,1010.0,18.7,195,3.9
2005-05-05,10.2,14.9,6.3,1004.5,9.4,80,4.3
2005-05-06,11.9,15.1,9.6,997.5,17.5,143,6.6
2005-05-07,10.0,12.5,8.6,999.8,19.8,233,1.9
2005-05-08,11.3,15.2,8.2,1002.1,22.7,128,8.5
2005-05-09,12.4,15.0,9.7,1002.6,20.6,187,0.4
2005-05-10,9.2,10.3,7.7,1004.8,31.4,168,3.6
2005-05-11,9.2,12.7,5.9,1014.7,27.8,214,0.0
2005-05-12,9.8,15.3,4.5,1019.6,22.1,96,0.1
2005-05-13,11.2,13.7,8.3,1011.8,14.8,164,2.0
2005-05-14,8.1,11.0,5.0,1012.1,17.1,202,7.0
2005-05-15,9.9,14.9,4.2,1019.1,17.6,246,0.0
2005-05-16,12.9,18.1,6.1,1019.4,25.6,175,0.0
2005-05-17,14.9,17.6,12.1,1018.4,21.5,181,1.0
2005-05-18,15.8,19.0,13.1,1017.9,27.4,185,1.0
2005-05-19,14.7,22.0,9.7,1017.1,25.2,222,2.1
2005-05-20,9.4,10.8,7.5,1026.9,12.4,42,1.0
2005-05-21,8.9,11.3,6.9,1024.0,18.3,61,3.3
2005-05-22,13.4,17.4,9.2,1020.9,8.0,124,0.3
2005-05-23,18.1,23.6,12.8,1021.3,10.5,140,5.4
2005-05-24,21.5,27.7,14.3,1020.0,9.6,171,0.2
2005-05-25,19.9,25.5,15.5,1018.4,14.7,258,11.3
2005-05-26,15.4,18.5,11.5,1021.5,17.1,292,0.0
2005-05-27,17.1,20.7,11.4,1016.9,22.3,244,0.0
2005-05-28,16.4,18.5,14.5,1011.5,24.5,280,1.6
2005-05-29,13.8,17.1,11.1,1011.8,18.9,267,10.2
2005-05-30,14.2,16.5,12.0,1010.1,18.5,286,0.2
2005-05-31,13.0,15.4,11.6,1010.8,14.7,79,9.8
2005-06-01,11.9,13.4,10.4,1006.6,21.9,255,6.4
2005-06-02,10.6,12.8,8.7,1010.5,15.8,277,0.2
2005-06-03,10.2,13.3,6.5,1012.8,16.4,303,1.4
2005-06-04,12.2,16.3,6.6,1015.2,10.9,298,0.0
2005-06-05,15.2,21.0,11.2,1010.5,20.3,177,6.9
2005-06-06,13.8,15.3,12.1,1010.6,16.2,253,9.0
2005-06-07,14.8,18.5,10.3,1016.6,11.8,184,1.4
2005-06-08,14.1,16.5,11.7,1015.0,15.6,94,16.4
2005-06-09,13.0,14.9,11.6,1014.1,21.3,347,8.0
2005-06-10,13.9,16.8,11.3,1013.8,16.9,345,0.3
2005-06-11,16.1,19.1,12.7,1010.7,15.8,115,0.0
2005-06-12,17.8,21.7,14.7,1007.9,17.4,100,11.3
2005-06-13,17.6,19.8,15.8,1006.4,13.8,96,10.4
2005-06-14,17.4,20.4,14.9,1009.6,12.8,8,11.9
2005-06-15,18.1,21.6,15.3,1013.8,12.5,357,8.0
2005-06-16,16.3,19.1,13.6,1018.2,12.2,61,8.1
2005-06-17,15.1,17.7,12.3,1015.4,11.7,87,5.5
2005-06-18,14.8,17.2,11.7,1008.0,17.3,51,0.4
2005-06-19,14.7,18.7,11.8,1005.9,22.0,19,2.2
2005-06-20,11.0,12.6,9.3,1009.0,26.9,10,0.8
2005-06-21,12.3,16.0,8.2,1010.9,29.8,14,0.0
2005-06-22,14.4,18.4,9.5,1011.5,15.7,13,0.0
2005-06-23,16.1,21.1,8.9,1011.6,17.3,326,0.0
2005-06-24,17.4,20.9,12.5,1012.8,16.8,295,0.2
2005-06-25,19.4,22.9,15.3,1010.3,16.9,267,0.1
2005-06-26,15.9,18.4,12.8,1008.1,21.2,299,7.5
2005-06-27,13.7,16.4,9.9,1012.8,11.5,282,0.3
2005-06-28,13.2,15.8,10.2,1005.6,15.1,212,3.8
2005-06-29,12.9,16.7,9.0,1001.2,10.4,285,5.3
2005-06-30,13.3,17.3,8.7,999.5,16.3,10,6.5
2005-07-01,14.1,16.7,12.5,1002.5,18.4,324,11.9
2005-07-02,14.1,16.5,11.1,1009.3,22.3,322,0.3
2005-07-03,16.0,19.8,11.8,1014.5,15.6,328,0.0
2005-07-04,16.2,20.5,10.9,1016.4,11.7,1,0.0
2005-07-05,17.3,22.2,10.7,1014.6,15.1,352,1.2
2005-07-06,17.3,22.1,11.2,1012.4,9.2,357,2.0
2005-07-07,15.1,17.7,12.8,1012.2,15.8,43,0.2
2005-07-08,14.3,17.2,9.2,1017.5,9.0,68,0.0
2005-07-09,16.4,20.2,10.7,1018.4,15.0,327,0.0
2005-07-10,15.4,18.3,12.0,1020.1,15.0,24,0.0
2005-07-11,17.7,22.4,11.0,1023.0,12.7,336,2.8
2005-07-12,19.4,23.8,15.5,1019.9,10.0,312,3.8
2005-07-13,19.6,23.9,14.0,1016.0,6.1,301,1.7
2005-07-14,20.8,24.8,15.3,1013.4,10.1,274,0.0
2005-07-15,21.9,26.3,16.4,1014.6,6.6,237,0.2
2005-07-16,20.5,24.7,16.4,1013.2,10.2,182,5.5
2005-07-17,20.5,23.7,16.1,1010.5,12.6,164,4.0
2005-07-18,18.4,21.5,15.0,1009.5,7.5,129,12.4
2005-07-19,18.8,22.3,15.0,1009.0,11.2,217,3.7
2005-07-20,18.8,22.3,13.4,1008.4,9.6,185,2.2
2005-07-21,18.2,21.6,16.6,1004.4,11.5,41,46.0
2005-07-22,18.5,21.9,15.9,1003.5,17.7,245,5.2
2005-07-23,17.9,21.8,14.0,1006.3,19.0,192,0.5
2005-07-24,18.3,22.1,12.5,1010.0,15.5,168,0.6
2005-07-25,18.4,20.8,16.0,1009.5,11.5,164,10.6
2005-07-26,18.9,22.7,13.4,1010.8,9.3,193,0.1
2005-07-27,18.8,22.3,14.9,1009.4,10.1,224,3.5
2005-07-28,17.8,20.3,14.7,1014.1,15.6,276,0.1
2005-07-29,17.3,21.0,12.3,1015.4,11.6,283,0.0
2005-07-30,18.0,21.8,12.7,1015.1,8.7,286,0.1
2005-07-31,19.4,22.5,16.8,1009.1,22.8,229,5.2
2005-08-01,19.9,23.7,16.2,1011.1,10.6,265,6.7
2005-08-02,19.5,22.4,16.7,1011.2,18.5,272,0.2
2005-08-03,17.3,20.2,14.8,1015.4,16.6,287,0.4
2005-08-04,16.2,20.3,11.0,1018.9,7.5,24,0.0
2005-08-05,18.8,23.3,13.5,1016.5,16.6,161,0.0
2005-08-06,20.5,24.0,17.5,1014.6,12.0,145,1.6
2005-08-07,19.1,20.3,17.2,1011.9,17.7,134,4.1
2005-08-08,20.5,23.4,17.5,1010.9,25.8,113,0.0
2005-08-09,19.6,23.7,14.7,1005.1,30.3,124,6.8
2005-08-10,16.6,20.5,13.2,1010.2,32.0,175,0.0
2005-08-11,15.9,18.9,13.0,1011.9,17.0,162,0.6
2005-08-12,17.4,22.1,13.6,1010.3,16.6,195,0.8
2005-08-13,16.2,18.9,12.0,1012.0,13.6,235,0.6
2005-08-14,16.3,19.2,13.9,1013.6,8.2,223,0.4
2005-08-15,15.3,17.9,12.8,1013.0,12.6,253,6.0
2005-08-16,16.2,19.6,12.6,1016.0,11.3,280,0.1
2005-08-17,16.8,20.7,13.8,1014.9,20.3,253,0.8
2005-08-18,14.2,16.6,11.3,1018.2,21.8,303,0.0
2005-08-19,13.3,16.1,9.9,1023.3,17.7,347,0.0
2005-08-20,13.9,18.2,8.3,1025.3,9.4,354,0.0
2005-08-21,15.6,20.2,9.7,1020.3,14.5,253,0.0
2005-08-22,16.1,18.7,13.5,1016.0,11.0,215,8.6
2005-08-23,15.3,19.2,11.8,1018.8,14.0,88,0.3
2005-08-24,15.7,19.0,12.6,1019.9,16.3,112,0.0
2005-08-25,15.1,19.1,11.0,1021.3,15.0,129,0.0
2005-08-26,15.8,20.5,11.2,1020.1,18.9,152,0.0
2005-08-27,16.0,20.0,12.5,1017.7,22.7,181,2.4
2005-08-28,14.1,17.3,10.2,1021.4,14.4,257,0.0
2005-08-29,14.0,16.9,12.0,1021.2,15.4,242,2.3
2005-08-30,14.1,18.2,11.0,1016.6,23.4,250,7.0
2005-08-31,12.4,14.5,10.7,1013.7,28.0,311,0.8
2005-09-01,13.0,16.1,10.3,1015.8,23.0,359,4.7
2005-09-02,14.2,16.8,12.2,1023.1,19.2,11,0.2
2005-09-03,13.4,15.4,11.1,1025.5,14.4,348,0.0
2005-09-04,14.3,16.6,12.6,1021.0,17.1,322,0.2
2005-09-05,12.0,13.9,10.2,1016.7,13.8,314,0.2
2005-09-06,13.3,16.5,9.5,1015.7,15.8,290,2.0
2005-09-07,14.8,19.0,11.5,1017.9,16.6,244,0.1
2005-09-08,16.1,20.2,11.8,1013.4,23.0,233,0.0
2005-09-09,18.8,22.6,15.4,1011.9,23.5,253,0.0
2005-09-10,14.7,17.7,11.4,1015.8,15.9,304,0.0
2005-09-11,12.1,15.2,9.7,1017.7,13.6,56,2.8
2005-09-12,12.3,17.0,7.0,1015.9,21.5,153,0.0
2005-09-13,14.5,16.6,10.7,1011.7,21.3,276,4.0
2005-09-14,10.9,14.7,6.4,1018.2,15.1,222,0.0
2005-09-15,12.8,15.9,9.8,1003.1,24.6,221,0.0
2005-09-16,11.4,12.5,9.0,1001.1,24.4,252,0.4
2005-09-17,7.9,10.4,5.6,1006.3,22.4,346,24.0
2005-09-18,6.9,11.3,2.5,1023.0,10.9,273,0.0
2005-09-19,7.6,9.9,4.8,1023.9,17.1,241,0.6
2005-09-20,10.7,13.7,7.9,1024.6,8.3,259,0.0
2005-09-21,12.0,14.8,9.5,1025.5,12.2,223,0.0
2005-09-22,13.0,15.5,11.3,1026.6,14.5,273,0.1
2005-09-23,11.6,14.5,8.1,1027.7,8.5,293,0.0
2005-09-24,11.3,15.1,7.7,1027.9,6.2,280,0.0
2005-09-25,12.2,15.1,10.2,1029.3,7.4,136,0.0
2005-09-26,12.3,15.3,9.5,1030.6,11.1,150,0.0
2005-09-27,12.4,16.0,9.9,1029.9,13.1,171,0.0
2005-09-28,12.2,15.2,10.0,1028.0,17.0,175,0.0
2005-09-29,11.4,15.3,7.5,1022.5,19.9,174,0.0
2005-09-30,13.5,18.9,9.7,1021.8,16.1,159,0.0
2005-10-01,13.7,19.3,9.3,1026.4,12.6,173,0.0
2005-10-02,12.7,17.9,8.9,1027.6,14.1,167,0.0
2005-10-03,12.6,18.0,8.5,1027.7,14.5,199,0.0
2005-10-04,11.3,14.9,8.5,1026.1,13.2,276,0.0
2005-10-05,9.3,11.0,6.1,1028.5,19.7,336,0.0
2005-10-06,8.5,13.7,3.0,1030.2,12.1,288,0.0
2005-10-07,10.3,12.2,8.9,1032.3,12.6,323,0.1
2005-10-08,9.4,11.4,7.8,1036.9,5.7,145,0.0
2005-10-09,9.2,11.5,7.2,1037.0,10.8,171,0.0
2005-10-10,8.0,12.6,4.1,1036.5,11.0,216,0.0
2005-10-11,7.2,12.8,3.0,1038.4,7.5,242,0.0
2005-10-12,7.1,11.2,4.5,1037.3,8.1,92,0.0
2005-10-13,5.3,9.8,2.3,1033.1,10.0,93,0.0
2005-10-14,5.5,8.0,3.2,1025.8,11.8,145,1.8
2005-10-15,7.1,8.7,2.9,1014.3,18.5,256,2.9
2005-10-16,3.7,5.1,2.1,1016.3,23.7,29,1.6
2005-10-17,5.0,6.5,3.8,1024.7,16.6,22,0.0
2005-10-18,4.3,5.9,3.0,1019.4,16.5,13,0.0
2005-10-19,3.1,4.4,1.5,1020.8,17.3,9,0.0
2005-10-20,1.2,4.5,-1.7,1023.4,14.5,224,0.0
2005-10-21,1.6,4.1,-0.4,1016.3,22.2,214,0.0
2005-10-22,5.5,8.3,3.6,1010.7,21.8,209,0.0
2005-10-23,9.0,10.7,5.6,1003.6,21.7,219,1.4
2005-10-24,7.2,10.1,1.3,1002.8,26.6,290,11.3
2005-10-25,-1.0,1.1,-3.5,1016.1,27.0,307,0.7
2005-10-26,-0.5,5.9,-3.1,1003.7,25.6,159,17.0
2005-10-27,-0.1,5.4,-5.4,1005.2,25.1,26,5.0
2005-10-28,-6.4,-4.2,-9.0,1036.2,17.1,37,0.0
2005-10-29,-5.5,0.7,-13.0,1041.1,14.4,233,0.0
2005-10-30,-1.2,2.2,-2.8,1036.2,16.8,237,0.0
2005-10-31,-0.8,2.8,-2.2,1033.2,15.9,240,0.0
2005-11-01,-1.3,2.7,-3.4,1030.8,14.8,245,0.0
2005-11-02,-2.3,3.4,-6.5,1029.3,11.4,220,0.0
2005-11-03,-0.1,4.7,-3.0,1029.7,12.5,220,0.0
2005-11-04,1.5,5.6,-0.7,1030.1,14.3,211,0.0
2005-11-05,3.0,6.5,0.8,1028.7,16.9,218,0.0
2005-11-06,3.4,5.1,1.5,1026.1,16.8,229,0.0
2005-11-07,4.8,5.1,4.2,1025.9,16.3,249,0.9
2005-11-08,2.7,4.7,1.4,1028.7,11.9,272,0.0
2005-11-09,2.2,3.4,1.1,1033.1,8.0,268,0.1
2005-11-10,1.2,2.4,0.4,1032.4,14.1,220,0.0
2005-11-11,-0.5,0.3,-1.1,1025.2,18.3,220,0.0
2005-11-12,0.2,1.1,-0.5,1025.3,14.8,220,0.1
2005-11-13,0.9,1.5,0.4,1027.2,21.5,226,0.0
2005-11-14,2.2,3.1,1.4,1017.2,28.1,227,0.6
2005-11-15,3.6,4.5,2.9,999.1,31.5,226,2.2
2005-11-16,2.7,4.2,1.2,996.1,28.4,201,5.4
2005-11-17,2.7,4.1,1.9,999.0,20.9,159,10.8
2005-11-18,1.8,5.8,-1.1,996.9,30.8,213,3.0
2005-11-19,-1.5,-0.2,-2.6,1016.7,24.9,234,0.0
2005-11-20,-2.9,-2.1,-3.5,1021.5,16.6,7,0.0
2005-11-21,-1.7,-0.2,-3.2,1022.1,19.9,47,4.9
2005-11-22,-1.6,-1.0,-2.2,1031.5,12.2,49,0.0
2005-11-23,-1.6,-1.0,-2.9,1033.3,10.1,335,0.0
2005-11-24,-3.1,-2.0,-4.3,1026.7,12.8,232,0.0
2005-11-25,-3.1,-2.1,-4.4,1017.6,19.9,145,1.5
2005-11-26,-1.5,0.6,-2.7,1003.6,22.9,193,4.7
2005-11-27,-0.0,1.4,-2.1,1011.4,20.0,193,1.7
2005-11-28,1.9,2.8,0.5,1006.8,21.2,156,0.9
2005-11-29,0.7,2.8,-1.1,1005.0,19.2,207,6.3
2005-11-30,-1.3,-0.4,-1.9,1014.0,19.2,203,1.0
2005-12-01,-1.2,-0.3,-1.7,1010.0,18.1,220,2.7
2005-12-02,-3.4,-1.8,-3.9,1020.4,17.9,253,0.0
2005-12-03,-4.8,-3.2,-7.8,1024.8,10.7,187,0.0
2005-12-04,-5.0,-3.4,-8.5,1025.9,12.5,135,0.0
2005-12-05,-4.6,-3.5,-5.3,1026.8,14.6,136,0.0
2005-12-06,-5.2,-4.2,-6.2,1027.1,15.6,137,0.0
2005-12-07,-4.0,-3.2,-4.7,1021.8,14.6,126,0.6
2005-12-08,-4.2,-3.3,-5.5,1013.5,18.1,65,3.8
2005-12-09,-9.7,-5.9,-12.3,1019.7,21.5,2,0.0
2005-12-10,-6.5,-4.9,-8.0,1021.4,22.3,280,1.5
2005-12-11,-7.0,-5.2,-9.6,1017.5,20.9,234,3.7
2005-12-12,-3.0,2.1,-10.1,1007.7,25.1,233,3.3
2005-12-13,-0.0,0.5,-1.1,1002.0,27.2,271,1.4
2005-12-14,-2.9,-1.5,-4.2,1009.4,22.7,281,0.6
2005-12-15,-2.7,-1.2,-3.8,998.9,22.4,204,0.9
2005-12-16,-0.4,0.6,-2.4,986.4,23.8,179,3.0
2005-12-17,-2.5,-0.3,-5.3,989.4,15.1,128,1.3
2005-12-18,-4.5,-3.4,-5.3,988.9,16.8,212,3.6
2005-12-19,-6.6,-3.3,-9.6,1008.2,18.7,235,0.0
2005-12-20,-8.9,-7.5,-10.0,1017.8,9.7,270,0.0
2005-12-21,-6.3,-4.9,-7.8,1008.8,23.6,324,8.7
2005-12-22,-5.1,-4.3,-7.0,1007.9,21.4,296,3.9
2005-12-23,-7.5,-6.7,-9.1,1015.8,14.4,288,0.0
2005-12-24,-10.4,-9.3,-11.0,1017.2,15.0,174,0.0
2005-12-25,-12.1,-11.0,-13.0,1012.7,16.0,147,0.0
2005-12-26,-11.4,-10.4,-11.9,1019.6,12.8,99,2.2
2005-12-27,-13.3,-12.0,-15.3,1030.3,12.7,78,0.0
2005-12-28,-13.2,-11.1,-15.1,1033.0,20.9,84,0.2
2005-12-29,-6.3,0.4,-10.8,1028.7,21.3,110,8.0
2005-12-30,0.4,1.3,-0.8,1028.4,15.0,165,0.8
2005-12-31,-2.7,-1.1,-3.4,1023.3,20.7,144,0.0
2006-01-01,-3.7,-2.7,-5.4,1024.9,19.3,153,0.0
2006-01-02,-3.7,-2.4,-5.2,1032.0,18.3,159,0.0
2006-01-03,-4.7,-3.2,-6.4,1035.1,18.4,171,0.0
2006-01-04,-9.2,-6.7,-11.9,1039.9,11.4,141,0.0
2006-01-05,-11.8,-10.1,-13.4,1045.0,4.7,73,0.0
2006-01-06,-9.1,-6.3,-11.9,1039.5,11.8,295,0.0
2006-01-07,-3.7,-1.5,-6.2,1035.1,15.3,321,0.0
2006-01-08,-3.3,-1.9,-4.7,1033.6,15.8,319,0.0
2006-01-09,-4.8,-4.0,-6.3,1032.6,13.0,320,0.0
2006-01-10,-6.9,-6.2,-8.1,1030.8,16.6,253,0.0
2006-01-11,-4.4,-2.5,-6.6,1023.1,20.4,250,0.0
2006-01-12,-1.5,-0.3,-2.5,1018.8,22.8,252,0.0
2006-01-13,-1.5,-0.2,-3.4,1024.2,20.7,286,0.0
2006-01-14,-1.3,-0.4,-2.2,1029.5,13.6,307,0.0
2006-01-15,-3.7,-2.3,-4.9,1025.4,19.2,294,0.0
2006-01-16,-5.9,-1.9,-17.1,1025.7,16.6,18,0.1
2006-01-17,-24.8,-18.2,-29.3,1034.0,12.7,80,0.0
2006-01-18,-31.2,-29.3,-33.3,1033.2,12.5,71,0.0
2006-01-19,-30.1,-26.7,-32.7,1034.7,12.7,65,0.0
2006-01-20,-30.3,-27.4,-32.9,1035.9,17.3,40,0.1
2006-01-21,-24.7,-23.2,-26.9,1034.3,19.7,66,0.9
2006-01-22,-24.2,-21.8,-25.6,1040.8,15.5,41,0.0
2006-01-23,-22.4,-19.0,-24.4,1046.1,12.3,5,0.0
2006-01-24,-16.1,-10.8,-22.3,1037.9,16.8,244,0.0
2006-01-25,-10.1,-8.6,-10.8,1023.3,18.2,245,2.4
2006-01-26,-9.6,-8.0,-10.9,1021.5,16.4,253,0.0
2006-01-27,-5.2,-1.8,-7.8,1010.7,25.1,263,3.5
2006-01-28,-4.9,-2.2,-8.4,1007.3,23.3,322,1.2
2006-01-29,-6.8,-4.3,-9.6,1009.3,15.8,311,1.6
2006-01-30,-3.6,0.2,-6.9,1001.6,25.6,301,2.8
2006-01-31,-9.4,-7.0,-11.9,1003.3,21.6,343,0.6
2006-02-01,-17.6,-12.6,-20.7,1009.4,13.0,344,0.0
2006-02-02,-21.9,-19.1,-25.3,1010.4,5.6,61,0.0
2006-02-03,-21.0,-17.9,-23.8,1014.8,5.4,71,0.0
2006-02-04,-23.1,-20.5,-25.4,1018.3,9.1,345,0.0
2006-02-05,-25.2,-23.3,-27.6,1022.4,8.4,334,0.0
2006-02-06,-26.5,-23.0,-28.8,1021.3,6.4,276,0.0
2006-02-07,-28.9,-24.5,-32.3,1022.3,9.6,141,0.0
2006-02-08,-27.3,-20.7,-33.3,1021.1,13.7,179,0.0
2006-02-09,-20.0,-15.0,-23.9,1018.5,16.9,180,0.0
2006-02-10,-17.2,-13.6,-20.3,1020.9,16.3,191,0.0
2006-02-11,-16.8,-13.2,-19.8,1019.9,11.1,188,0.0
2006-02-12,-15.4,-11.9,-19.0,1017.8,13.1,31,0.0
2006-02-13,-14.7,-12.9,-16.4,1017.8,10.0,351,0.0
2006-02-14,-12.6,-9.2,-15.3,1020.6,6.9,263,0.0
2006-02-15,-11.1,-8.5,-12.5,1024.2,8.8,155,0.0
2006-02-16,-15.2,-12.6,-17.8,1024.2,11.8,126,0.0
2006-02-17,-12.9,-10.0,-15.8,1018.1,12.9,112,2.3
2006-02-18,-11.7,-6.8,-15.2,1019.0,14.5,131,0.0
2006-02-19,-9.9,-6.6,-13.6,1018.6,13.3,130,0.0
2006-02-20,-4.2,-1.2,-7.4,1017.2,11.5,132,0.0
2006-02-21,-2.3,-1.1,-3.6,1019.8,10.5,146,0.9
2006-02-22,-3.2,-1.6,-5.9,1018.4,13.1,348,0.9
2006-02-23,-7.5,-5.8,-9.3,1022.6,14.1,19,0.0
2006-02-24,-6.8,-4.7,-8.6,1028.2,12.3,0,0.0
2006-02-25,-7.8,-6.3,-9.6,1021.2,13.0,257,0.0
2006-02-26,-6.8,-5.0,-7.8,1009.8,10.8,227,1.3
2006-02-27,-8.2,-5.4,-13.5,1008.1,14.3,282,0.0
2006-02-28,-13.4,-7.3,-17.7,1012.6,8.7,342,0.0
2006-03-01,-12.6,-7.6,-17.0,1017.5,14.8,158,0.0
2006-03-02,-10.7,-9.3,-12.2,1005.8,27.2,77,2.9
2006-03-03,-9.6,-7.2,-11.3,1001.5,14.3,81,0.0
2006-03-04,-7.7,-3.3,-11.1,1002.8,12.4,169,0.7
2006-03-05,-7.1,-5.4,-9.0,997.3,19.4,56,0.3
2006-03-06,-5.4,-1.7,-8.1,1006.5,14.8,208,0.0
2006-03-07,-6.9,-3.5,-10.2,1009.2,14.1,212,0.8
2006-03-08,-11.3,-7.9,-14.9,1013.0,12.2,276,0.0
2006-03-09,-10.1,-6.2,-13.1,1013.3,10.2,234,0.0
2006-03-10,-9.1,-5.5,-12.2,1013.3,14.9,189,0.0
2006-03-11,-7.7,-5.0,-10.0,1013.3,15.5,107,0.2
2006-03-12,-5.4,-3.3,-7.3,1016.4,24.1,70,10.8
2006-03-13,-2.0,-0.1,-3.5,1028.9,13.7,53,0.5
2006-03-14,-1.2,-0.0,-2.3,1036.8,16.2,71,0.0
2006-03-15,-2.5,0.9,-5.3,1035.4,16.6,85,0.0
2006-03-16,-3.5,1.8,-8.9,1033.5,9.0,89,0.0
2006-03-17,-2.6,3.4,-8.0,1028.0,6.9,42,0.0
2006-03-18,-1.8,3.6,-7.4,1016.6,15.3,235,0.0
2006-03-19,-1.0,1.0,-2.7,995.5,26.9,231,2.3
2006-03-20,-3.9,-2.4,-7.7,989.2,23.4,301,4.6
2006-03-21,-7.8,-4.2,-10.6,1000.1,21.3,269,0.0
2006-03-22,-8.7,-5.0,-12.0,1006.6,21.4,272,0.0
2006-03-23,-7.8,-2.6,-13.3,1013.6,9.9,190,0.0
2006-03-24,-7.0,-1.9,-14.2,1012.1,11.7,329,0.0
2006-03-25,-6.0,-1.2,-10.2,1013.6,17.3,239,0.0
2006-03-26,-5.3,-1.2,-9.0,1013.2,22.2,280,0.0
2006-03-27,-5.7,-1.5,-10.0,1018.2,10.5,313,0.0
2006-03-28,-2.4,3.5,-9.0,1010.2,21.7,177,0.9
2006-03-29,3.3,6.4,1.0,1001.6,20.9,236,0.8
2006-03-30,3.3,7.8,1.0,1006.6,11.1,229,0.0
2006-03-31,1.6,3.6,-1.2,1005.2,11.2,92,0.8
2006-04-01,2.7,7.2,0.0,1003.5,11.0,220,1.2
2006-04-02,1.5,2.8,-0.5,1010.1,13.2,298,0.0
2006-04-03,0.7,4.3,-2.3,1015.3,10.1,196,0.0
2006-04-04,2.7,7.7,-1.8,1014.3,14.4,172,0.0
2006-04-05,3.9,7.7,1.3,1012.7,20.2,167,1.7
2006-04-06,3.5,6.2,1.0,1011.5,19.2,159,3.4
2006-04-07,2.4,5.6,-2.3,1012.8,23.1,270,5.2
2006-04-08,1.4,5.4,-2.5,1020.4,9.3,141,0.0
2006-04-09,0.6,3.5,-3.5,1017.0,11.3,94,0.0
2006-04-10,4.5,8.5,1.3,1015.1,22.3,197,0.3
2006-04-11,6.7,12.7,1.8,1012.0,22.4,171,3.1
2006-04-12,3.5,6.3,-1.0,1008.0,23.0,288,4.6
2006-04-13,2.4,7.1,-3.0,1012.4,12.7,99,0.0
2006-04-14,2.7,4.7,1.4,998.5,17.6,359,14.0
2006-04-15,4.1,9.6,0.3,1001.7,15.1,220,3.6
2006-04-16,3.7,7.7,0.3,1007.2,17.2,303,1.3
2006-04-17,5.1,11.2,-1.8,1007.4,16.6,205,0.0
2006-04-18,8.5,12.0,5.6,1007.5,15.7,232,0.0
2006-04-19,8.0,12.0,4.2,1012.5,16.7,233,0.5
2006-04-20,6.9,11.6,1.9,1017.8,13.0,269,0.0
2006-04-21,7.5,11.8,4.5,1013.4,23.4,240,1.3
2006-04-22,4.9,8.2,2.1,1014.8,26.1,287,1.2
2006-04-23,4.1,8.0,0.0,1018.8,19.7,329,0.1
2006-04-24,4.3,8.9,-1.7,1025.0,15.4,15,0.0
2006-04-25,5.3,10.4,-0.7,1028.4,8.7,95,0.0
2006-04-26,7.0,12.5,-0.7,1027.1,9.2,102,0.0
2006-04-27,7.1,12.6,0.6,1025.8,14.9,68,0.0
2006-04-28,5.9,10.1,0.6,1024.7,15.8,111,0.0
2006-04-29,6.2,10.8,1.6,1025.1,16.6,90,0.0
2006-04-30,5.6,9.9,0.2,1030.1,19.8,83,0.0
2006-05-01,7.6,14.1,-0.5,1032.7,11.7,109,0.0
2006-05-02,9.7,16.1,1.7,1032.9,10.2,198,0.0
2006-05-03,11.2,17.1,3.3,1032.8,8.7,354,0.0
2006-05-04,13.2,18.9,6.7,1034.0,13.5,19,0.0
2006-05-05,13.6,19.0,6.3,1033.6,12.0,41,0.0
2006-05-06,13.6,19.6,5.4,1033.3,12.4,22,0.0
2006-05-07,12.7,16.9,7.9,1027.4,23.0,25,0.0
2006-05-08,8.4,12.6,4.4,1023.7,19.2,17,1.1
2006-05-09,8.1,12.5,3.2,1018.1,13.6,61,0.4
2006-05-10,9.2,11.5,7.0,1012.5,18.8,38,3.2
2006-05-11,7.2,7.8,6.4,1008.9,18.9,353,9.5
2006-05-12,9.2,12.7,6.1,1012.2,13.6,338,0.3
2006-05-13,11.5,17.0,3.5,1012.6,12.5,197,0.4
2006-05-14,13.4,18.7,9.2,1007.6,20.2,229,5.6
2006-05-15,9.5,12.7,6.4,1009.9,15.5,282,0.1
2006-05-16,7.3,10.0,4.1,1013.8,23.3,280,0.4
2006-05-17,6.6,10.5,1.0,1017.0,10.4,76,1.1
2006-05-18,9.1,13.7,3.1,1018.3,8.3,51,0.2
2006-05-19,11.1,14.9,7.5,1010.2,23.1,179,1.1
2006-05-20,12.7,16.3,9.8,1002.0,16.5,234,0.1
2006-05-21,13.2,17.8,9.1,1002.4,14.8,207,1.9
2006-05-22,11.8,15.0,9.4,1002.2,22.1,256,8.0
2006-05-23,14.0,17.7,9.2,1010.8,14.8,250,0.0
2006-05-24,14.8,17.8,11.7,1009.7,25.2,255,1.9
2006-05-25,11.9,15.5,7.7,1011.9,13.8,270,0.0
2006-05-26,11.3,15.6,6.5,1010.9,15.6,202,4.4
2006-05-27,9.3,11.7,6.8,1002.2,27.2,185,16.8
2006-05-28,8.3,11.2,6.0,1002.3,30.0,258,6.2
2006-05-29,9.4,13.2,5.5,998.8,21.3,149,3.1
2006-05-30,10.2,14.3,5.4,1001.3,11.7,263,0.5
2006-05-31,10.8,15.7,4.6,1006.3,25.7,128,8.8
2006-06-01,12.1,14.9,9.8,1001.4,34.7,208,5.1
2006-06-02,12.2,15.7,8.4,1019.2,22.5,252,0.3
2006-06-03,13.1,17.6,6.7,1021.7,10.8,212,0.0
2006-06-04,16.0,21.3,11.4,1011.7,12.1,116,8.1
2006-06-05,16.8,21.0,13.8,1002.3,14.8,132,15.2
2006-06-06,11.9,14.6,7.2,1001.7,23.6,189,8.7
2006-06-07,8.5,10.7,6.4,1016.9,19.6,302,0.0
2006-06-08,11.0,14.7,6.0,1021.4,6.1,176,1.4
2006-06-09,11.8,15.7,6.8,1020.1,10.4,36,1.9
2006-06-10,12.3,15.4,8.4,1017.8,20.9,292,0.5
2006-06-11,12.0,15.2,8.5,1019.3,21.0,344,0.6
2006-06-12,12.1,15.2,7.5,1025.7,15.6,9,0.0
2006-06-13,15.7,20.9,8.5,1025.8,9.3,330,0.0
2006-06-14,17.4,22.2,10.3,1022.0,10.7,207,0.0
2006-06-15,18.0,22.2,12.3,1015.4,9.9,196,3.6
2006-06-16,15.3,18.5,13.2,1011.1,17.6,339,7.0
2006-06-17,16.5,20.5,11.3,1014.4,12.2,333,0.0
2006-06-18,18.5,22.0,14.5,1016.0,9.4,350,0.0
2006-06-19,19.9,23.7,13.5,1017.4,5.3,360,0.1
2006-06-20,22.1,24.9,18.2,1019.2,6.1,162,0.0
2006-06-21,22.2,26.5,16.6,1019.0,7.9,219,0.2
2006-06-22,22.8,27.3,17.6,1018.0,11.5,218,0.3
2006-06-23,23.3,27.8,17.2,1016.9,12.0,200,0.4
2006-06-24,22.4,27.6,18.2,1017.2,14.2,240,3.5
2006-06-25,20.4,24.2,17.4,1017.3,9.7,326,6.6
2006-06-26,18.8,21.7,16.7,1016.9,15.6,321,0.7
2006-06-27,20.0,24.6,14.1,1017.6,10.5,246,0.0
2006-06-28,21.8,26.7,18.4,1014.3,12.0,223,4.4
2006-06-29,19.5,21.5,17.4,1014.2,15.3,292,1.2
2006-06-30,14.7,17.0,12.1,1019.7,22.1,331,1.2
2006-07-01,11.6,13.3,10.4,1027.3,19.7,9,0.0
2006-07-02,15.0,19.7,9.7,1026.9,20.5,335,1.1
2006-07-03,16.5,20.5,13.6,1021.7,16.5,327,8.2
2006-07-04,16.6,20.9,11.5,1021.4,11.5,307,0.0
2006-07-05,18.7,22.9,15.2,1017.4,22.4,293,0.5
2006-07-06,16.4,20.8,10.7,1022.7,10.6,335,0.0
2006-07-07,19.2,24.1,12.9,1019.6,11.0,205,0.0
2006-07-08,21.6,27.3,15.6,1018.2,11.4,220,2.6
2006-07-09,22.8,28.1,18.0,1020.5,10.4,226,1.9
2006-07-10,23.0,27.9,17.2,1023.1,8.6,223,2.0
2006-07-11,23.6,28.4,18.4,1023.4,10.2,210,0.6
2006-07-12,24.6,29.4,20.1,1023.1,10.6,218,0.2
2006-07-13,23.1,27.3,19.7,1021.7,9.2,243,3.9
2006-07-14,22.2,27.6,17.1,1015.7,10.0,174,6.0
2006-07-15,19.5,22.0,17.2,1012.5,15.8,7,16.6
2006-07-16,17.5,19.1,15.0,1015.5,17.3,350,0.0
2006-07-17,14.2,16.6,12.3,1016.6,16.8,296,0.2
2006-07-18,16.6,22.2,10.4,1009.3,18.3,259,0.0
2006-07-19,15.8,18.0,13.9,1010.0,20.1,326,0.9
2006-07-20,13.8,16.2,11.0,1016.8,22.5,322,0.0
2006-07-21,13.6,16.6,9.8,1020.9,17.1,318,0.0
2006-07-22,15.2,19.6,8.5,1018.4,8.7,234,1.6
2006-07-23,16.2,20.2,12.3,1014.3,11.7,40,5.9
2006-07-24,17.1,20.9,11.5,1015.7,9.5,286,0.0
2006-07-25,19.0,23.4,14.4,1012.0,11.2,271,0.4
2006-07-26,19.1,23.0,15.4,1009.5,20.4,297,0.1
2006-07-27,13.4,15.4,10.7,1009.9,22.0,338,3.2
2006-07-28,12.3,15.1,9.3,1010.4,20.1,330,0.7
2006-07-29,13.1,15.9,10.3,1009.4,11.5,347,0.0
2006-07-30,14.9,19.6,8.2,1010.8,7.6,151,0.0
2006-07-31,15.1,18.4,12.8,1010.4,10.0,107,2.8
2006-08-01,14.5,18.4,10.4,1012.3,10.8,67,0.0
2006-08-02,15.7,18.7,11.7,1011.3,10.9,158,1.0
2006-08-03,14.9,16.1,13.6,1008.7,15.8,145,18.4
2006-08-04,17.8,22.3,13.4,1010.0,10.8,231,0.6
2006-08-05,16.0,17.6,14.2,1013.9,13.6,107,13.1
2006-08-06,16.9,20.8,13.1,1014.3,19.1,66,2.5
2006-08-07,17.0,20.2,13.8,1012.1,21.3,72,0.0
2006-08-08,16.1,18.7,13.0,1010.6,21.2,65,0.0
2006-08-09,15.6,18.8,12.5,1006.5,21.4,54,0.4
2006-08-10,11.9,13.2,10.9,1004.3,22.6,335,14.8
2006-08-11,13.3,14.9,12.4,1009.6,21.3,339,0.0
2006-08-12,15.1,18.8,11.1,1016.2,15.8,90,0.1
2006-08-13,16.4,18.8,13.3,1017.7,20.1,102,0.2
2006-08-14,17.4,21.0,14.5,1016.3,15.1,108,2.0
2006-08-15,19.0,22.6,16.2,1009.3,16.2,138,3.3
2006-08-16,18.0,21.3,14.8,1009.0,18.9,265,0.1
2006-08-17,17.6,21.3,14.0,1013.9,15.8,245,0.1
2006-08-18,18.4,23.3,13.4,1013.6,14.2,213,5.8
2006-08-19,18.2,21.7,13.6,1011.9,9.4,75,2.0
2006-08-20,18.5,21.9,14.9,1012.8,15.3,36,0.2
2006-08-21,18.2,21.8,13.6,1012.8,10.9,86,0.3
2006-08-22,17.6,20.9,14.4,1009.7,18.1,104,1.6
2006-08-23,15.8,17.4,14.6,1002.9,26.5,68,11.6
2006-08-24,14.5,16.3,13.5,1000.2,22.3,122,5.7
2006-08-25,14.1,16.0,13.3,1002.7,22.6,130,14.7
2006-08-26,14.8,16.9,12.8,1006.2,12.9,226,4.1
2006-08-27,15.7,19.2,12.2,1008.5,10.5,171,2.2
2006-08-28,16.1,19.0,13.9,1003.1,12.6,176,10.1
2006-08-29,16.3,20.8,11.2,1005.8,10.9,226,0.1
2006-08-30,15.7,18.0,14.0,994.3,24.4,78,16.3
2006-08-31,13.8,15.3,11.0,994.6,22.8,168,5.0
2006-09-01,13.8,17.0,10.7,1001.2,13.5,216,1.4
2006-09-02,16.0,19.3,13.2,1013.0,9.1,294,0.0
2006-09-03,15.8,19.3,11.2,1013.7,10.9,84,0.0
2006-09-04,15.8,19.0,13.0,998.1,12.2,137,1.3
2006-09-05,14.7,16.5,13.1,986.9,12.3,87,9.1
2006-09-06,14.2,16.3,13.1,992.6,22.0,330,6.9
2006-09-07,14.1,16.3,12.7,1005.0,16.1,283,0.3
2006-09-08,14.8,20.0,11.3,1005.7,24.2,211,6.0
2006-09-09,11.7,14.0,10.1,1006.8,21.2,244,2.3
2006-09-10,10.2,11.3,9.2,1009.6,28.0,288,6.1
2006-09-11,12.4,15.5,9.3,1020.5,22.7,307,0.4
2006-09-12,13.3,16.7,10.1,1022.9,17.1,288,0.0
2006-09-13,14.0,16.7,11.1,1019.7,21.1,294,0.0
2006-09-14,14.6,19.0,10.4,1015.8,20.7,284,1.1
2006-09-15,9.2,14.0,6.2,1020.8,22.4,0,1.1
2006-09-16,7.1,10.8,3.5,1027.3,18.6,309,0.0
2006-09-17,9.3,13.8,5.5,1021.8,16.3,290,0.0
2006-09-18,10.4,15.8,5.7,1017.8,14.7,257,0.0
2006-09-19,12.4,17.3,7.8,1013.0,15.6,225,0.0
2006-09-20,14.4,19.2,10.0,1010.4,18.7,212,0.0
2006-09-21,13.2,15.9,11.0,1014.2,14.8,289,1.9
2006-09-22,12.9,17.8,7.6,1021.7,15.5,252,0.0
2006-09-23,15.0,20.1,10.6,1025.0,10.5,276,0.0
2006-09-24,15.9,20.7,12.2,1024.5,12.9,244,0.0
2006-09-25,14.2,18.0,11.1,1020.6,13.7,302,0.0
2006-09-26,10.3,12.1,8.3,1024.5,12.6,84,0.0
2006-09-27,12.3,17.3,7.9,1020.2,13.4,239,0.0
2006-09-28,13.4,17.4,10.4,1014.5,17.1,223,0.0
2006-09-29,12.3,15.3,9.9,1009.6,17.1,246,0.0
2006-09-30,10.8,13.3,8.6,1010.4,10.4,280,0.7
2006-10-01,9.8,10.4,9.0,1014.9,7.8,69,0.0
2006-10-02,11.2,13.4,9.0,1012.5,18.9,172,12.9
2006-10-03,12.1,13.3,11.1,1001.6,21.6,228,12.8
2006-10-04,11.6,13.9,10.5,1005.8,20.5,214,12.0
2006-10-05,11.2,12.9,10.2,1005.6,19.9,260,1.3
2006-10-06,10.2,12.8,8.2,1012.8,15.4,250,0.3
2006-10-07,9.2,12.0,6.6,1015.2,11.5,220,0.6
2006-10-08,11.2,14.5,9.6,1013.1,16.3,193,8.2
2006-10-09,9.9,11.8,7.6,1011.2,13.2,225,1.3
2006-10-10,8.4,11.6,5.8,1018.8,6.9,7,0.9
2006-10-11,7.9,8.8,6.6,1028.9,11.9,125,0.5
2006-10-12,6.9,9.1,4.2,1029.0,8.5,99,1.5
2006-10-13,5.8,8.7,2.1,1029.7,18.1,309,0.0
2006-10-14,5.8,6.7,5.0,1024.2,14.3,296,9.8
2006-10-15,2.3,4.8,-1.3,1020.7,15.1,64,0.7
2006-10-16,-1.0,1.1,-2.4,1029.3,11.1,105,0.0
2006-10-17,-0.0,2.8,-1.7,1023.6,20.2,225,0.0
2006-10-18,3.0,5.9,-0.4,1012.5,24.1,241,3.6
2006-10-19,4.0,5.0,2.7,1014.2,13.7,219,0.5
2006-10-20,1.9,2.8,1.2,1015.1,16.7,86,0.0
2006-10-21,2.1,4.4,0.8,1013.5,17.8,122,2.3
2006-10-22,8.0,10.8,4.7,1006.5,17.8,218,0.3
2006-10-23,10.5,11.6,9.8,1007.9,20.6,226,0.0
2006-10-24,11.2,13.4,9.7,1006.4,26.0,203,0.4
2006-10-25,10.7,11.5,10.1,1002.6,21.2,201,8.2
2006-10-26,5.5,10.7,1.2,1015.1,19.9,303,0.0
2006-10-27,6.0,11.4,1.1,1010.4,32.4,205,1.4
2006-10-28,5.7,11.2,1.0,999.1,32.8,262,1.1
2006-10-29,-0.2,1.3,-2.5,1004.2,25.9,290,0.4
2006-10-30,-2.7,-0.4,-4.9,1014.9,15.7,9,0.0
2006-10-31,-1.9,0.3,-4.7,1010.9,22.5,216,1.3
2006-11-01,1.1,1.9,-0.4,997.0,27.6,210,5.2
2006-11-02,1.8,3.8,-0.4,997.0,21.2,208,1.1
2006-11-03,-2.0,-1.0,-3.0,1004.3,17.7,241,0.0
2006-11-04,-3.5,-2.4,-4.8,1009.6,13.2,335,0.0
2006-11-05,-5.4,-3.6,-7.6,1008.9,12.2,263,0.1
2006-11-06,-6.2,-5.1,-7.4,1010.6,17.8,223,0.0
2006-11-07,-4.0,-1.0,-6.1,1001.4,17.5,196,1.2
2006-11-08,1.2,3.1,-0.3,1001.0,24.9,270,1.5
2006-11-09,-0.8,0.3,-1.4,1002.6,15.8,136,1.5
2006-11-10,-1.5,-0.0,-4.0,1004.2,22.8,19,3.0
2006-11-11,-3.6,-1.1,-6.6,1013.0,10.5,300,0.7
2006-11-12,-4.1,-1.8,-6.8,1004.4,19.3,159,1.5
2006-11-13,-0.7,0.6,-1.6,1000.6,13.8,162,0.0
2006-11-14,-0.7,0.4,-1.8,1003.3,8.6,187,0.3
2006-11-15,-1.2,0.4,-3.3,1007.0,8.7,195,0.9
2006-11-16,0.6,1.8,-0.9,1008.1,12.0,299,0.6
2006-11-17,-4.0,-1.5,-5.6,1023.2,9.8,32,0.0
2006-11-18,-3.1,-2.3,-3.6,1029.5,13.5,178,0.0
2006-11-19,-0.9,0.6,-2.5,1024.8,13.7,216,0.2
2006-11-20,1.1,1.5,0.7,1020.5,11.9,210,0.0
2006-11-21,1.8,2.7,1.1,1016.0,13.4,198,1.3
2006-11-22,2.0,2.9,1.3,1015.7,10.9,165,0.4
2006-11-23,-0.2,1.1,-1.3,1017.5,15.5,164,0.0
2006-11-24,2.0,2.8,0.7,1017.0,15.7,170,1.4
2006-11-25,5.0,6.5,3.1,1020.4,15.5,220,1.9
2006-11-26,4.8,5.7,4.3,1023.0,15.5,186,0.9
2006-11-27,5.0,5.6,4.7,1019.2,14.4,267,3.2
2006-11-28,3.8,5.7,2.8,1023.4,17.7,284,0.2
2006-11-29,4.2,4.8,3.9,1025.5,11.4,252,1.0
2006-11-30,3.9,4.5,3.5,1020.3,18.5,266,0.2
2006-12-01,3.7,5.5,2.4,1017.0,21.7,292,2.7
2006-12-02,4.1,5.7,3.0,1014.7,20.2,268,0.0
2006-12-03,3.2,4.2,2.3,1010.0,21.1,241,0.0
2006-12-04,3.5,3.9,3.2,1008.6,18.5,233,0.0
2006-12-05,1.8,3.1,1.1,1006.0,18.4,217,0.9
2006-12-06,5.5,7.9,2.5,1004.2,25.7,218,1.2
2006-12-07,6.2,7.4,5.6,1007.0,23.0,231,1.0
2006-12-08,4.9,6.0,4.2,1014.7,18.4,205,0.0
2006-12-09,4.8,5.4,4.2,1017.9,19.8,195,0.0
2006-12-10,4.8,5.4,4.4,1020.7,19.0,207,0.2
2006-12-11,4.7,5.2,4.3,1021.4,16.0,218,0.2
2006-12-12,4.0,4.8,1.8,1019.6,18.6,208,0.1
2006-12-13,1.1,1.7,0.5,1017.1,19.0,204,0.0
2006-12-14,1.9,3.0,0.8,1013.8,22.9,208,0.2
2006-12-15,6.0,7.7,2.9,1003.2,30.5,247,7.8
2006-12-16,4.7,5.3,3.8,1006.0,26.0,263,2.1
2006-12-17,1.8,4.5,-0.9,1002.8,25.9,268,3.9
2006-12-18,-0.8,0.9,-2.7,1011.5,20.8,260,1.5
2006-12-19,-3.4,-2.0,-4.9,1015.6,19.8,280,3.1
2006-12-20,-6.0,-5.1,-7.3,1024.0,13.3,253,0.0
2006-12-21,-5.0,-0.8,-9.2,1027.1,16.1,249,0.0
2006-12-22,-0.1,0.3,-0.6,1019.3,22.1,277,0.0
2006-12-23,-0.2,0.5,-1.8,1013.1,29.5,303,0.3
2006-12-24,-1.1,0.9,-3.8,1007.6,19.7,308,6.2
2006-12-25,-5.8,-4.0,-7.2,1017.0,25.9,343,0.0
2006-12-26,-7.6,-5.4,-9.1,1021.4,21.3,304,0.9
2006-12-27,-0.5,1.0,-4.6,1004.8,26.4,281,0.6
2006-12-28,-1.0,1.0,-5.8,997.4,26.6,292,2.8
2006-12-29,-4.0,-3.1,-5.8,1009.5,21.5,309,0.0
2006-12-30,-3.8,-3.1,-5.1,1019.8,16.2,292,0.0
2006-12-31,-1.5,-0.8,-4.1,1012.9,19.5,202,1.3
2007-01-01,0.5,1.1,-0.9,998.2,20.2,228,1.6
2007-01-02,1.6,2.7,0.2,992.5,23.4,219,2.5
2007-01-03,0.9,1.4,0.3,1002.5,23.7,246,2.6
2007-01-04,-0.8,0.6,-1.4,1007.9,14.8,231,0.0
2007-01-05,0.2,1.0,-1.0,1004.2,17.5,198,0.7
2007-01-06,0.9,2.4,-0.2,1005.4,17.6,228,0.5
2007-01-07,0.4,1.6,-0.7,1007.1,13.0,237,2.2
2007-01-08,-0.3,0.2,-1.1,1011.3,13.6,214,0.0
2007-01-09,0.8,1.5,0.2,1009.9,20.5,206,0.2
2007-01-10,4.6,7.6,1.5,1003.5,28.1,237,1.9
2007-01-11,4.7,6.8,1.6,992.5,28.6,226,6.1
2007-01-12,-0.3,1.3,-1.1,991.7,30.3,282,2.7
2007-01-13,-1.0,-0.2,-1.5,993.9,13.1,109,0.0
2007-01-14,0.2,1.5,-0.7,1000.2,19.8,197,1.7
2007-01-15,0.2,1.0,-0.7,995.3,20.3,251,1.3
2007-01-16,-1.1,2.3,-5.5,1006.1,20.3,252,0.8
2007-01-17,1.0,2.0,-0.8,1005.3,23.9,263,0.2
2007-01-18,1.2,3.4,-1.8,996.8,26.3,219,4.6
2007-01-19,2.2,4.3,0.6,970.2,21.7,182,11.9
2007-01-20,-2.3,-0.2,-5.1,984.7,29.5,308,6.9
2007-01-21,-2.9,1.5,-6.0,992.2,21.9,218,8.3
2007-01-22,-2.2,1.3,-9.7,994.9,21.9,263,1.7
2007-01-23,-12.2,-10.1,-13.9,1012.6,10.7,341,0.0
2007-01-24,-14.7,-13.8,-15.5,1021.0,15.3,80,0.0
2007-01-25,-13.9,-12.0,-17.0,1015.6,21.0,49,0.0
2007-01-26,-17.8,-13.5,-21.9,1013.9,13.8,180,0.0
2007-01-27,-10.2,-6.1,-15.2,997.3,20.0,190,0.0
2007-01-28,-10.0,-6.4,-13.8,994.5,17.3,256,0.0
2007-01-29,-12.1,-10.6,-14.1,994.9,17.8,291,0.1
2007-01-30,-11.9,-10.2,-13.8,998.0,15.4,286,0.0
2007-01-31,-12.9,-10.4,-16.0,1005.3,18.9,284,0.6
2007-02-01,-17.1,-12.2,-24.1,1009.2,9.0,28,0.0
2007-02-02,-16.1,-13.1,-20.8,1018.4,14.6,278,0.0
2007-02-03,-6.7,-4.6,-12.2,1005.9,25.4,210,3.4
2007-02-04,-4.1,-2.6,-6.0,1008.6,15.6,305,0.4
2007-02-05,-8.0,-6.5,-9.8,1001.5,13.4,98,4.1
2007-02-06,-13.0,-10.0,-16.2,996.0,12.6,26,0.0
2007-02-07,-19.6,-16.6,-23.6,1007.5,11.8,302,0.0
2007-02-08,-22.5,-15.2,-28.8,1018.4,10.1,336,0.0
2007-02-09,-18.8,-12.9,-26.7,1018.4,16.7,98,0.3
2007-02-10,-13.4,-11.9,-14.7,1012.4,15.2,43,0.8
2007-02-11,-17.4,-11.5,-21.6,1020.9,10.5,327,0.0
2007-02-12,-18.3,-10.9,-24.1,1024.2,12.5,183,0.0
2007-02-13,-11.6,-6.1,-17.0,1014.3,17.9,110,6.4
2007-02-14,-6.0,-5.1,-7.1,1010.8,8.6,303,0.3
2007-02-15,-8.8,-7.3,-11.3,1019.5,15.2,1,0.2
2007-02-16,-14.2,-11.8,-17.6,1034.4,12.2,33,0.0
2007-02-17,-15.3,-7.9,-24.6,1038.4,21.4,232,0.0
2007-02-18,-8.2,-7.4,-8.8,1017.4,23.5,245,0.0
2007-02-19,-8.8,-5.2,-15.2,1003.8,18.4,300,2.0
2007-02-20,-16.6,-12.4,-21.2,1013.0,12.2,305,0.0
2007-02-21,-20.1,-16.3,-24.3,1017.5,18.9,360,0.0
2007-02-22,-22.4,-19.7,-25.5,1027.8,13.6,345,0.0
2007-02-23,-21.3,-16.6,-24.7,1032.2,16.0,3,0.0
2007-02-24,-16.6,-9.2,-22.0,1036.7,10.7,5,0.0
2007-02-25,-15.2,-8.3,-24.4,1034.7,11.7,176,0.0
2007-02-26,-12.4,-7.0,-16.9,1027.7,18.7,178,0.0
2007-02-27,-8.8,-5.8,-11.6,1016.2,20.2,183,0.5
2007-02-28,-6.1,-4.0,-7.2,1009.0,19.5,182,1.4
2007-03-01,-3.5,-0.5,-5.9,1005.1,20.6,167,0.2
2007-03-02,0.1,2.9,-2.1,1003.3,20.1,159,1.2
2007-03-03,1.2,3.3,0.1,1004.3,16.3,172,4.1
2007-03-04,1.0,3.1,-0.1,1009.5,11.4,184,3.1
2007-03-05,0.5,2.9,-1.1,1019.8,8.5,222,0.0
2007-03-06,-0.6,1.6,-2.7,1025.6,14.5,225,0.0
2007-03-07,-0.4,2.6,-3.5,1024.6,15.2,172,0.0
2007-03-08,1.2,4.5,-1.2,1023.1,15.6,181,0.0
2007-03-09,2.3,5.8,0.1,1020.2,16.3,224,2.7
2007-03-10,1.3,3.0,0.2,1023.7,14.1,270,0.9
2007-03-11,1.4,3.9,-0.2,1019.4,21.0,224,0.8
2007-03-12,0.7,2.2,-0.9,1023.2,9.0,261,0.3
2007-03-13,1.7,4.6,-1.2,1024.4,19.7,229,0.0
2007-03-14,3.1,6.2,1.4,1014.3,18.4,266,0.0
2007-03-15,2.2,5.1,-0.3,1012.6,22.2,302,0.0
2007-03-16,1.1,4.8,-4.0,1010.9,13.8,243,2.1
2007-03-17,2.3,3.7,0.9,998.1,17.8,221,1.9
2007-03-18,1.4,3.9,-0.2,989.9,22.8,230,2.3
2007-03-19,3.1,5.7,0.3,993.1,25.2,192,2.9
2007-03-20,6.9,11.2,3.6,1005.1,20.2,178,5.6
2007-03-21,8.1,12.5,3.7,1015.3,19.4,172,0.0
2007-03-22,8.0,12.1,4.7,1021.8,19.2,174,0.0
2007-03-23,5.8,12.0,-1.3,1031.3,11.5,159,0.0
2007-03-24,4.6,9.4,-1.4,1033.8,17.1,44,0.0
2007-03-25,3.7,8.7,-1.0,1034.1,17.8,9,0.0
2007-03-26,5.0,10.3,0.8,1027.8,17.2,352,0.0
2007-03-27,5.1,11.2,-1.6,1030.2,10.6,315,0.0
2007-03-28,5.7,12.8,-1.9,1029.1,9.7,313,0.0
2007-03-29,6.7,13.4,-1.3,1027.6,7.6,315,0.0
2007-03-30,6.6,13.7,-0.7,1023.6,12.6,239,0.0
2007-03-31,6.4,10.8,2.0,1023.9,16.7,305,0.0
2007-04-01,3.9,8.7,-1.1,1029.0,13.2,341,0.0
2007-04-02,4.5,10.1,-1.7,1021.4,22.0,258,0.0
2007-04-03,5.8,10.1,1.9,1006.1,17.6,262,0.0
2007-04-04,1.3,3.9,-1.7,1006.8,15.8,324,2.7
2007-04-05,1.1,5.8,-3.6,1002.4,30.8,228,0.0
2007-04-06,1.5,3.5,-1.0,995.7,22.3,274,2.9
2007-04-07,0.1,2.6,-1.9,1004.3,21.0,285,0.4
2007-04-08,-1.0,2.4,-3.7,1004.5,17.1,275,1.4
2007-04-09,-1.2,2.2,-3.7,1010.9,16.1,327,0.0
2007-04-10,0.5,4.6,-2.9,1015.6,11.7,147,0.0
2007-04-11,1.3,5.5,-2.6,1013.3,28.0,192,2.8
2007-04-12,4.0,8.1,-0.1,1010.0,22.7,300,0.1
2007-04-13,3.0,6.1,-0.0,1018.8,24.9,332,0.3
2007-04-14,3.4,6.9,-0.4,1020.2,18.3,359,0.0
2007-04-15,4.6,7.2,1.5,1026.0,14.4,8,0.0
2007-04-16,7.3,12.9,1.6,1023.3,9.4,326,0.0
2007-04-17,10.0,16.2,2.9,1012.6,17.6,207,0.0
2007-04-18,10.6,14.4,7.5,1003.9,25.6,205,1.0
2007-04-19,7.2,9.9,4.3,1006.1,11.1,265,7.6
2007-04-20,4.4,8.0,1.5,1000.6,31.0,180,2.8
2007-04-21,3.5,6.4,1.1,997.6,16.0,224,2.7
2007-04-22,3.6,7.8,0.3,1007.3,19.8,338,1.8
2007-04-23,4.1,7.1,2.1,1018.6,19.1,335,0.5
2007-04-24,5.9,9.2,2.1,1019.7,6.0,212,0.2
2007-04-25,7.7,11.2,3.6,1024.7,8.6,296,0.0
2007-04-26,9.5,13.8,4.5,1024.3,13.1,268,0.2
2007-04-27,12.8,17.9,8.6,1017.3,22.1,265,2.2
2007-04-28,7.8,11.0,1.8,1012.5,25.9,330,0.3
2007-04-29,1.9,4.7,-1.4,1016.6,17.6,338,0.0
2007-04-30,2.4,5.4,0.0,1005.7,12.5,165,4.4
2007-05-01,2.6,6.6,-0.0,1007.2,19.3,40,6.3
2007-05-02,2.5,6.4,-1.0,1008.8,15.6,344,0.3
2007-05-03,2.6,6.6,-2.7,1009.9,12.2,15,0.5
2007-05-04,2.8,7.2,-0.9,1009.0,10.8,282,6.2
2007-05-05,2.5,6.3,-2.1,1015.4,15.1,349,0.0
2007-05-06,5.6,12.2,-2.1,1022.6,16.8,250,0.0
2007-05-07,8.0,14.2,3.0,1013.1,21.1,184,7.3
2007-05-08,11.0,14.2,8.0,999.6,18.4,205,2.2
2007-05-09,9.5,11.9,6.4,994.0,27.3,241,6.2
2007-05-10,9.1,12.3,5.1,998.9,18.7,267,0.4
2007-05-11,8.2,11.9,4.5,1000.6,20.2,227,3.5
2007-05-12,8.2,12.0,3.5,1000.2,8.9,334,0.3
2007-05-13,10.4,15.1,4.8,1010.1,10.5,321,0.2
2007-05-14,11.1,16.0,3.8,1017.3,9.2,281,0.2
2007-05-15,14.6,20.2,7.8,1011.1,25.6,179,1.9
2007-05-16,13.0,16.2,11.1,1007.5,11.9,326,14.7
2007-05-17,12.6,16.4,6.9,1010.6,8.3,264,0.4
2007-05-18,14.1,18.0,10.0,1013.9,9.1,101,0.4
2007-05-19,16.5,22.4,10.0,1016.9,11.8,106,5.8
2007-05-20,16.7,21.2,11.7,1020.2,12.6,276,0.0
2007-05-21,18.1,23.9,9.9,1021.4,8.7,282,0.0
2007-05-22,19.5,25.1,12.7,1016.4,13.2,263,0.6
2007-05-23,19.5,24.6,14.2,1011.3,14.1,248,5.7
2007-05-24,15.4,17.6,13.0,1012.6,18.3,290,0.0
2007-05-25,16.5,21.7,9.6,1015.1,20.2,236,0.0
2007-05-26,20.3,26.0,13.6,1012.4,18.5,204,0.2
2007-05-27,23.0,27.7,18.1,1010.2,18.4,191,1.1
2007-05-28,23.4,28.6,18.8,1010.2,16.6,170,0.4
2007-05-29,24.7,30.0,19.1,1009.7,13.9,142,0.0
2007-05-30,23.9,28.1,19.7,1008.7,16.2,161,0.8
2007-05-31,23.1,28.1,18.7,1012.1,12.7,225,0.5
2007-06-01,14.1,19.7,10.2,1019.5,25.0,49,3.6
2007-06-02,12.2,15.6,9.5,1027.5,21.3,62,0.1
2007-06-03,13.7,19.2,6.9,1030.9,12.8,40,0.0
2007-06-04,16.7,21.9,9.1,1026.4,18.1,312,0.0
2007-06-05,15.9,18.5,12.7,1024.2,15.1,24,0.0
2007-06-06,16.0,21.0,9.2,1023.3,11.0,313,0.0
2007-06-07,16.7,19.4,13.8,1017.9,16.7,348,0.0
2007-06-08,16.2,20.4,9.3,1017.2,15.8,316,0.0
2007-06-09,16.3,20.0,11.4,1017.5,14.5,10,0.0
2007-06-10,16.3,19.3,12.6,1014.0,12.2,10,0.9
2007-06-11,13.3,16.7,9.8,1013.0,15.9,100,0.0
2007-06-12,14.1,18.1,8.1,1007.7,14.2,190,0.0
2007-06-13,19.6,25.5,13.7,1004.4,24.1,228,1.0
2007-06-14,19.3,23.3,15.9,1007.4,16.7,235,5.2
2007-06-15,18.9,21.9,15.3,1006.4,25.6,255,1.6
2007-06-16,14.1,16.9,11.3,1013.5,13.8,89,1.2
2007-06-17,16.0,23.0,11.2,1006.7,12.4,143,5.8
2007-06-18,17.2,20.7,14.2,1004.4,18.4,270,0.6
2007-06-19,16.3,18.9,12.8,1005.8,16.6,277,0.1
2007-06-20,14.9,17.8,11.4,1010.2,15.9,332,0.6
2007-06-21,14.2,18.2,10.0,1014.8,18.6,311,0.7
2007-06-22,14.0,17.3,9.8,1011.5,12.9,324,0.0
2007-06-23,14.2,18.1,9.3,1008.4,9.7,15,0.0
2007-06-24,15.3,18.8,9.8,1006.1,14.8,322,0.0
2007-06-25,16.0,19.5,12.7,1000.0,24.6,268,1.4
2007-06-26,17.3,21.1,13.1,998.1,20.4,233,0.2
2007-06-27,17.3,20.4,14.3,996.8,21.6,200,5.8
2007-06-28,16.3,18.7,13.6,1002.0,18.1,221,0.0
2007-06-29,14.8,17.2,11.8,1007.7,19.6,229,0.1
2007-06-30,15.3,18.8,10.7,1013.4,7.7,296,1.4
2007-07-01,16.0,19.7,11.6,1014.7,4.7,43,5.0
2007-07-02,15.3,18.3,11.0,1011.2,7.2,279,6.7
2007-07-03,16.2,19.9,10.7,1011.0,8.8,351,3.1
2007-07-04,17.4,22.4,11.5,1009.2,9.3,50,1.6
2007-07-05,17.8,22.2,11.7,1003.4,13.6,16,0.0
2007-07-06,18.8,23.3,16.2,994.6,26.6,130,11.3
2007-07-07,15.1,17.9,12.8,991.9,26.7,151,6.9
2007-07-08,16.0,18.9,13.9,996.0,13.3,179,4.9
2007-07-09,16.6,19.8,13.7,999.4,21.9,286,2.1
2007-07-10,16.7,19.0,14.5,1004.8,23.0,289,0.5
2007-07-11,18.5,23.7,13.1,1006.6,13.2,220,1.6
2007-07-12,19.1,23.0,15.3,1010.3,12.6,216,1.1
2007-07-13,20.3,24.6,17.0,1007.1,16.0,136,15.3
2007-07-14,15.5,18.0,13.6,1007.1,18.9,227,6.0
2007-07-15,16.5,20.4,12.6,1011.7,20.9,248,0.0
2007-07-16,17.0,19.6,14.5,1012.1,19.5,274,0.7
2007-07-17,18.2,22.1,14.5,1013.2,20.0,314,0.1
2007-07-18,20.0,25.6,13.9,1014.1,17.9,253,3.8
2007-07-19,18.5,20.7,15.7,1011.8,25.5,265,0.7
2007-07-20,16.6,18.8,14.8,1013.1,22.8,280,0.0
2007-07-21,15.6,18.6,12.6,1014.2,17.7,300,0.4
2007-07-22,14.6,18.0,10.2,1016.1,12.8,332,0.0
2007-07-23,16.4,20.5,11.1,1013.5,10.6,140,0.0
2007-07-24,16.6,20.3,12.3,1010.2,11.3,158,0.1
2007-07-25,17.5,20.6,15.6,998.5,21.7,148,12.7
2007-07-26,15.3,17.1,14.5,992.2,25.8,252,48.5
2007-07-27,17.3,19.5,15.1,1004.0,27.6,285,0.7
2007-07-28,17.7,21.5,14.9,1007.9,16.6,257,0.5
2007-07-29,17.1,20.7,12.4,1008.9,10.4,215,0.6
2007-07-30,17.3,20.6,13.2,1006.7,13.8,187,0.4
2007-07-31,15.8,18.3,13.1,1007.2,19.9,215,9.2
2007-08-01,15.3,18.8,11.2,1014.7,15.3,225,0.0
2007-08-02,15.9,19.6,11.0,1017.1,8.6,25,0.0
2007-08-03,16.2,18.2,13.5,1013.3,18.9,27,8.4
2007-08-04,16.8,18.8,15.6,1006.1,18.8,355,40.0
2007-08-05,17.2,20.8,14.7,1010.8,17.6,338,11.4
2007-08-06,19.1,22.3,16.8,1014.3,14.3,18,1.2
2007-08-07,20.5,24.2,16.9,1016.9,16.5,45,0.1
2007-08-08,19.6,22.7,16.6,1021.4,19.8,74,0.0
2007-08-09,18.0,21.8,13.7,1024.2,15.2,103,0.0
2007-08-10,18.5,23.1,13.0,1023.2,11.9,168,0.0
2007-08-11,19.5,24.5,13.4,1019.7,9.9,195,0.0
2007-08-12,20.6,25.5,14.1,1015.9,11.4,162,0.0
2007-08-13,21.7,27.6,15.1,1012.7,12.0,133,0.0
2007-08-14,22.8,28.5,16.3,1010.2,13.6,112,0.0
2007-08-15,22.8,27.9,17.9,1008.8,12.0,133,1.0
2007-08-16,22.3,27.2,17.2,1010.7,12.3,170,1.9
2007-08-17,22.9,27.1,18.4,1013.8,19.0,185,0.0
2007-08-18,18.2,21.0,13.7,1014.5,14.1,307,9.8
2007-08-19,16.3,20.4,11.3,1020.4,7.9,309,0.0
2007-08-20,17.8,21.2,14.4,1022.1,13.0,91,0.8
2007-08-21,21.6,27.5,16.4,1021.6,12.9,104,0.1
2007-08-22,23.6,29.5,17.1,1019.6,13.4,185,0.0
2007-08-23,23.9,29.3,18.7,1019.3,9.9,219,0.0
2007-08-24,22.7,26.9,19.6,1016.0,17.1,211,7.4
2007-08-25,19.9,22.3,18.3,1014.6,15.8,263,0.3
2007-08-26,17.6,19.2,15.5,1009.4,20.9,253,0.2
2007-08-27,13.8,15.7,11.2,1007.5,24.4,266,7.7
2007-08-28,13.1,16.2,10.7,1005.8,20.5,211,4.2
2007-08-29,11.2,14.2,8.6,1004.9,27.2,236,0.4
2007-08-30,10.7,13.3,8.5,1006.4,21.9,247,0.0
2007-08-31,9.9,12.6,7.8,1005.4,19.5,258,0.4
2007-09-01,9.3,13.0,5.4,1006.3,12.5,210,10.0
2007-09-02,9.7,12.8,5.1,1010.6,20.0,254,0.2
2007-09-03,13.5,16.2,10.5,1008.8,31.6,214,0.0
2007-09-04,14.6,19.1,11.7,1008.2,20.2,207,3.7
2007-09-05,12.4,16.3,8.0,1018.7,7.7,324,0.0
2007-09-06,14.1,18.9,8.2,1019.9,13.1,189,0.6
2007-09-07,13.1,14.7,9.2,1011.1,16.1,307,4.6
2007-09-08,9.5,12.1,5.9,1009.9,14.0,25,0.0
2007-09-09,8.9,11.5,6.8,1005.1,24.2,45,2.2
2007-09-10,7.7,9.3,5.8,1004.1,16.5,6,1.7
2007-09-11,7.0,10.5,3.5,1013.3,8.6,345,0.0
2007-09-12,9.0,13.2,4.3,1016.7,14.9,184,0.0
2007-09-13,10.3,11.8,8.0,1006.8,16.1,250,4.8
2007-09-14,8.6,10.8,6.5,1009.5,21.0,341,0.2
2007-09-15,9.3,11.6,7.5,1004.7,13.8,249,0.0
2007-09-16,8.5,9.9,7.0,1000.6,17.1,278,4.2
2007-09-17,8.5,11.0,6.9,1009.4,18.4,296,0.1
2007-09-18,11.1,14.9,7.4,1011.2,14.5,184,0.0
2007-09-19,12.9,18.2,9.7,1006.5,23.1,180,6.8
2007-09-20,9.2,12.2,5.9,1019.2,16.4,300,0.0
2007-09-21,9.9,15.3,5.3,1026.2,15.6,227,0.0
2007-09-22,11.1,15.7,7.1,1025.7,15.6,209,0.0
2007-09-23,12.1,17.1,7.9,1023.1,14.9,249,0.0
2007-09-24,11.0,15.7,6.4,1027.0,7.3,266,0.0
2007-09-25,11.0,16.5,4.7,1026.5,12.3,152,0.0
2007-09-26,13.0,18.0,8.9,1023.9,16.8,139,0.0
2007-09-27,12.9,15.2,10.6,1023.8,17.4,172,0.5
2007-09-28,13.6,17.7,10.1,1026.8,10.7,168,2.2
2007-09-29,14.7,20.1,10.3,1030.0,11.5,139,0.0
2007-09-30,13.5,19.7,7.3,1030.9,6.5,183,0.0
2007-10-01,12.5,18.5,6.6,1028.9,8.5,206,0.0
2007-10-02,12.5,17.8,7.7,1025.9,10.0,196,0.0
2007-10-03,13.2,16.9,10.7,1022.2,18.0,157,0.9
2007-10-04,12.4,15.2,10.6,1021.2,14.8,128,1.0
2007-10-05,9.8,11.9,7.0,1019.5,13.4,151,4.1
2007-10-06,8.5,12.0,6.0,1020.8,15.0,111,1.7
2007-10-07,8.5,9.3,7.5,1016.1,14.2,97,8.3
2007-10-08,8.4,10.1,6.8,1011.8,11.0,248,0.1
2007-10-09,6.2,6.8,5.4,1006.2,23.4,262,15.7
2007-10-10,6.5,6.8,5.9,1016.3,21.1,273,1.0
2007-10-11,3.6,6.0,0.8,1015.8,19.3,295,6.7
2007-10-12,2.5,5.3,0.1,1008.5,20.9,196,7.6
2007-10-13,2.6,4.7,0.7,1006.1,25.8,34,17.7
2007-10-14,1.9,3.9,0.4,1017.7,25.2,22,0.1
2007-10-15,1.2,2.9,-0.3,1015.1,10.8,350,0.0
2007-10-16,2.5,5.1,-0.5,1013.9,10.8,288,0.0
2007-10-17,6.7,8.4,4.9,1013.7,16.8,224,0.0
2007-10-18,9.7,12.3,7.7,1007.3,20.8,215,0.1
2007-10-19,6.4,9.8,3.8,1014.1,15.5,295,0.6
2007-10-20,3.1,4.3,2.5,1021.7,20.7,42,14.9
2007-10-21,4.1,4.7,3.1,1023.9,19.0,29,3.5
2007-10-22,3.9,4.2,3.5,1032.7,7.1,22,0.0
2007-10-23,4.8,6.0,3.9,1034.7,9.8,80,0.0
2007-10-24,7.1,9.3,5.2,1034.6,10.7,136,0.0
2007-10-25,6.2,7.7,4.7,1035.2,9.7,133,0.0
2007-10-26,4.9,6.1,3.6,1037.5,6.2,180,0.0
2007-10-27,4.1,4.8,3.5,1038.3,9.5,202,0.0
2007-10-28,3.0,4.3,2.1,1035.6,11.2,196,0.0
2007-10-29,2.9,4.8,2.0,1030.2,14.7,184,0.0
2007-10-30,1.7,3.7,0.1,1026.9,14.5,169,0.0
2007-10-31,3.4,6.0,0.3,1023.7,18.9,181,0.0
2007-11-01,5.3,5.9,4.2,1017.1,26.0,225,3.0
2007-11-02,3.1,5.5,0.8,1003.5,24.1,289,6.1
2007-11-03,0.2,0.9,-1.2,1007.6,22.1,314,0.0
2007-11-04,-1.1,0.6,-2.4,1008.3,17.7,360,0.6
2007-11-05,-2.5,-1.4,-3.1,1023.8,17.1,343,0.0
2007-11-06,-3.8,-2.7,-5.4,1024.6,15.4,219,0.0
2007-11-07,-4.7,-3.0,-6.0,1016.9,26.6,190,0.0
2007-11-08,-3.4,-2.0,-4.5,1013.1,20.2,177,0.0
2007-11-09,-3.6,-2.1,-4.8,1012.6,19.2,164,0.0
2007-11-10,-2.3,0.0,-4.8,1007.5,23.7,149,0.0
2007-11-11,-1.3,-0.5,-2.6,1004.5,25.3,133,2.3
2007-11-12,-3.4,-2.5,-4.1,1004.8,29.5,96,0.0
2007-11-13,-2.6,-1.3,-5.0,1008.0,24.5,97,0.8
2007-11-14,-6.2,-5.3,-7.3,1005.5,14.8,321,7.5
2007-11-15,-6.3,-4.6,-8.2,1014.6,15.9,253,1.7
2007-11-16,-5.4,-3.3,-7.0,1013.8,18.7,228,0.0
2007-11-17,-4.1,-1.9,-8.0,1010.7,18.6,299,1.3
2007-11-18,-9.5,-7.0,-12.2,1021.7,16.3,291,0.0
2007-11-19,-7.2,2.2,-14.8,1019.0,22.8,258,1.2
2007-11-20,-2.1,2.0,-5.7,1016.2,21.4,308,0.3
2007-11-21,-6.8,-3.5,-10.8,1024.5,15.1,286,0.0
2007-11-22,-6.8,-2.7,-11.7,1022.9,20.6,212,0.0
2007-11-23,-1.8,0.2,-3.7,1018.0,20.2,211,0.0
2007-11-24,0.3,0.7,-0.3,1015.0,20.0,221,3.1
2007-11-25,-0.4,0.2,-1.0,1010.0,16.9,201,9.4
2007-11-26,-0.4,0.7,-1.1,1001.6,16.6,191,2.3
2007-11-27,-2.1,-1.0,-3.3,993.9,11.2,258,0.8
2007-11-28,-3.1,-2.3,-4.6,995.0,26.4,301,2.3
2007-11-29,-5.6,-4.7,-7.5,1000.1,22.1,277,0.0
2007-11-30,-7.2,-6.0,-8.6,998.6,10.1,58,3.0
2007-12-01,-8.3,-7.0,-9.8,1010.9,9.7,34,0.0
2007-12-02,-10.3,-9.8,-11.2,1017.3,17.3,180,0.3
2007-12-03,-7.8,-2.9,-10.1,1006.9,23.9,161,0.7
2007-12-04,0.7,2.0,-2.3,1001.1,24.6,177,2.9
2007-12-05,0.9,1.7,-0.2,1013.6,17.1,223,0.0
2007-12-06,-0.9,-0.2,-1.5,1020.5,20.3,205,0.0
2007-12-07,-0.6,-0.0,-1.4,1013.0,20.8,183,0.0
2007-12-08,-0.6,-0.1,-1.3,1010.0,22.7,174,0.0
2007-12-09,-0.3,0.1,-0.6,1012.7,16.6,185,5.5
2007-12-10,1.0,1.5,0.1,1017.9,14.6,166,0.0
2007-12-11,-1.5,1.0,-2.6,1023.7,13.3,165,0.0
2007-12-12,-2.8,-1.0,-4.0,1022.8,21.0,270,4.3
2007-12-13,-3.5,-1.9,-4.2,1024.0,22.3,18,0.8
2007-12-14,-3.8,-2.7,-5.4,1034.8,12.5,31,0.0
2007-12-15,-5.3,-3.0,-7.5,1035.1,16.6,302,0.0
2007-12-16,-3.1,-2.0,-4.4,1033.7,15.7,343,0.0
2007-12-17,-2.2,-1.1,-4.2,1030.6,15.0,315,0.0
2007-12-18,-1.7,-0.7,-2.3,1025.9,23.5,307,0.0
2007-12-19,-1.1,0.1,-2.4,1021.6,20.5,314,0.0
2007-12-20,-0.1,1.5,-1.9,1008.9,27.0,303,0.3
2007-12-21,-1.1,1.1,-2.4,1013.3,21.9,308,0.4
2007-12-22,0.5,0.9,-0.6,1012.9,24.5,297,0.0
2007-12-23,-3.0,-0.7,-4.6,1025.3,14.0,261,0.0
2007-12-24,-2.3,-1.3,-3.8,1026.7,11.0,226,0.0
2007-12-25,-4.3,-3.6,-5.1,1029.3,15.7,218,0.0
2007-12-26,-5.5,-5.0,-5.8,1032.0,17.8,210,0.0
2007-12-27,-6.0,-5.8,-6.3,1034.0,18.4,222,0.0
2007-12-28,-5.8,-5.2,-6.3,1030.2,20.5,213,0.4
2007-12-29,-3.2,-0.6,-5.7,1022.0,21.3,209,0.4
2007-12-30,-1.8,-0.3,-3.2,1021.7,23.2,214,0.0
2007-12-31,-3.5,-2.9,-4.1,1029.7,13.8,194,0.0
2008-01-01,-5.3,-4.2,-6.6,1039.1,8.4,125,0.0
2008-01-02,-5.9,-4.0,-8.6,1046.1,21.7,80,1.1
2008-01-03,-15.0,-9.7,-18.6,1057.0,18.5,96,0.0
2008-01-04,-20.6,-17.4,-22.6,1057.6,11.0,57,0.0
2008-01-05,-22.7,-20.1,-25.2,1049.1,10.7,60,0.0
2008-01-06,-19.7,-16.3,-22.8,1041.3,15.6,160,0.0
2008-01-07,-15.2,-12.6,-16.5,1034.9,17.5,159,0.0
2008-01-08,-15.4,-13.3,-16.9,1031.0,16.9,174,0.0
2008-01-09,-11.3,-6.2,-14.8,1026.4,16.8,192,0.0
2008-01-10,-3.9,-2.3,-5.8,1022.2,19.8,198,0.3
2008-01-11,-2.3,-0.6,-3.8,1018.3,21.3,200,0.0
2008-01-12,-0.3,0.4,-0.8,1015.0,21.4,219,0.6
2008-01-13,-0.7,1.0,-1.3,1014.8,21.3,221,0.0
2008-01-14,-0.1,0.9,-0.9,1019.6,21.7,260,0.0
2008-01-15,-2.6,-0.3,-4.9,1021.5,18.8,224,0.0
2008-01-16,-2.2,-0.2,-4.6,1020.6,18.1,203,0.1
2008-01-17,-3.7,-2.4,-5.3,1025.6,18.8,199,0.0
2008-01-18,-2.3,-0.8,-3.9,1028.0,19.6,190,0.0
2008-01-19,-3.1,-1.7,-4.3,1020.6,31.6,186,2.9
2008-01-20,-0.5,0.7,-1.6,1004.7,29.1,213,3.1
2008-01-21,-3.0,-0.6,-5.2,1005.0,19.1,217,0.2
2008-01-22,-1.9,-0.7,-2.9,995.0,15.5,198,3.0
2008-01-23,-2.7,-1.8,-5.1,1008.9,12.6,308,0.0
2008-01-24,-5.2,-3.8,-7.5,1022.6,14.3,293,0.0
2008-01-25,-3.0,0.5,-7.2,1006.7,22.1,227,4.3
2008-01-26,-0.1,1.1,-1.6,992.1,24.2,255,4.2
2008-01-27,-2.7,-1.5,-4.6,990.4,18.1,297,0.3
2008-01-28,-6.3,-3.8,-7.1,1011.0,23.6,344,0.0
2008-01-29,-8.6,-7.3,-10.3,1022.2,15.0,267,0.0
2008-01-30,-1.5,0.9,-6.9,1015.3,16.5,226,1.2
2008-01-31,0.8,1.7,-0.2,1008.9,22.3,227,0.7
2008-02-01,-1.8,-0.5,-3.2,1012.4,19.3,176,0.0
2008-02-02,-1.2,1.0,-3.5,1006.5,27.9,196,1.2
2008-02-03,-0.9,0.9,-2.8,1012.0,25.5,245,0.7
2008-02-04,-1.0,0.5,-4.8,1021.1,25.3,254,0.9
2008-02-05,-4.3,-0.3,-7.7,1025.4,14.4,212,0.0
2008-02-06,-1.7,-0.3,-3.1,1022.9,12.4,193,0.5
2008-02-07,0.4,1.0,-0.1,1023.2,17.4,162,3.4
2008-02-08,1.2,2.3,0.3,1033.6,15.9,227,0.0
2008-02-09,0.6,1.7,-0.1,1039.9,13.2,238,0.0
2008-02-10,-0.9,1.3,-4.0,1040.8,13.6,237,0.0
2008-02-11,-2.8,-0.2,-4.9,1039.9,11.3,219,0.0
2008-02-12,-4.5,-3.3,-5.5,1037.3,7.6,191,0.0
2008-02-13,-4.2,-1.6,-6.2,1026.4,21.5,227,0.1
2008-02-14,-4.4,-1.5,-6.9,1011.9,23.2,306,1.4
2008-02-15,-7.8,-5.9,-9.0,1013.7,19.8,354,0.0
2008-02-16,-11.3,-8.9,-14.3,1026.7,23.8,350,0.0
2008-02-17,-10.8,-5.1,-16.4,1019.0,23.1,232,4.1
2008-02-18,-3.6,-1.7,-7.4,1004.2,19.4,291,0.9
2008-02-19,-5.8,-4.6,-7.4,1003.3,26.4,307,1.6
2008-02-20,-6.8,-4.0,-8.7,1012.4,17.9,313,0.0
2008-02-21,-6.1,-0.8,-12.2,1014.6,12.7,204,0.0
2008-02-22,1.0,3.3,-0.5,998.6,31.2,230,2.0
2008-02-23,1.6,3.1,0.5,983.7,30.5,259,4.9
2008-02-24,-1.9,0.4,-3.9,1002.6,23.5,285,1.5
2008-02-25,2.9,4.3,1.0,996.0,27.8,256,2.1
2008-02-26,0.4,2.4,-1.2,1001.1,31.9,278,0.0
2008-02-27,1.7,4.3,-0.6,996.6,20.8,216,3.1
2008-02-28,1.9,2.9,0.1,992.2,22.9,242,1.5
2008-02-29,-0.9,0.6,-2.2,1001.0,27.6,276,0.9
2008-03-01,0.0,1.8,-1.0,994.1,18.5,213,0.1
2008-03-02,0.2,0.7,-0.1,974.2,22.1,90,9.0
2008-03-03,-0.7,0.2,-2.3,980.4,17.7,284,0.3
2008-03-04,-1.3,0.8,-4.4,991.2,19.9,248,2.0
2008-03-05,-3.6,-1.0,-5.4,1002.6,31.7,276,0.1
2008-03-06,-3.2,-0.6,-5.5,1008.3,22.1,235,1.3
2008-03-07,0.4,2.5,-1.9,999.2,23.9,252,2.1
2008-03-08,-1.5,-0.2,-2.8,1012.0,19.0,291,0.1
2008-03-09,-0.7,3.3,-3.2,1014.7,12.0,170,0.1
2008-03-10,-1.1,2.0,-4.4,1016.6,14.3,160,0.0
2008-03-11,1.1,3.9,-0.4,1014.0,14.6,153,0.0
2008-03-12,0.6,2.8,-0.9,1003.8,15.2,152,0.8
2008-03-13,3.4,5.6,1.4,994.4,16.6,174,3.0
2008-03-14,2.0,5.1,-0.3,998.2,16.0,187,0.0
2008-03-15,1.3,3.2,0.2,1000.9,16.3,212,0.3
2008-03-16,0.0,2.7,-3.9,1001.8,13.0,240,0.6
2008-03-17,-1.6,1.7,-5.7,999.6,11.2,244,0.0
2008-03-18,0.1,2.6,-1.6,997.3,11.4,61,0.0
2008-03-19,-0.4,2.2,-3.3,994.5,16.5,191,2.9
2008-03-20,-3.5,0.0,-7.0,993.4,20.8,289,0.5
2008-03-21,-4.3,-0.5,-7.6,995.6,18.1,250,0.0
2008-03-22,-3.2,2.8,-9.7,998.6,22.2,184,0.1
2008-03-23,1.0,4.4,-1.1,993.3,25.7,186,2.3
2008-03-24,-0.9,1.0,-2.2,998.8,15.9,248,0.6
2008-03-25,2.8,9.1,-2.1,989.0,21.0,85,4.2
2008-03-26,2.0,7.5,-1.9,984.8,32.9,190,1.8
2008-03-27,-0.5,3.1,-3.0,1002.0,20.8,217,0.4
2008-03-28,-0.1,3.9,-3.6,1019.3,19.8,230,0.4
2008-03-29,0.4,5.0,-4.4,1032.4,13.8,156,0.0
2008-03-30,1.0,6.6,-4.9,1033.7,17.3,140,0.0
2008-03-31,1.3,6.8,-3.2,1031.6,11.5,131,0.0
2008-04-01,1.3,7.1,-3.4,1028.5,12.1,101,0.0
2008-04-02,1.8,7.8,-3.9,1021.9,12.0,97,0.0
2008-04-03,3.5,10.0,-2.8,1019.2,13.3,91,0.0
2008-04-04,5.9,13.3,-1.5,1014.6,10.4,18,0.0
2008-04-05,6.2,13.0,-0.9,1012.8,11.0,76,0.0
2008-04-06,8.7,16.2,1.1,1011.4,23.6,147,0.5
2008-04-07,9.4,13.3,5.6,1013.5,17.5,161,0.0
2008-04-08,9.2,12.1,5.2,1005.4,28.5,155,3.9
2008-04-09,6.8,10.6,4.8,1006.2,27.4,214,0.1
2008-04-10,10.7,17.5,2.9,1006.7,23.9,184,0.0
2008-04-11,12.1,15.1,9.2,1004.7,28.1,212,0.3
2008-04-12,7.9,11.5,4.6,1012.4,16.3,55,0.0
2008-04-13,8.8,12.5,5.2,1007.0,18.2,107,8.5
2008-04-14,8.6,10.8,3.6,1000.6,21.9,73,9.7
2008-04-15,3.5,6.4,1.1,1018.6,23.0,340,2.5
2008-04-16,5.3,9.2,2.1,1022.4,20.3,101,0.0
2008-04-17,2.8,4.7,0.8,1015.4,22.5,114,3.5
2008-04-18,3.3,5.8,0.7,1006.4,12.3,158,3.8
2008-04-19,5.9,9.9,2.2,1006.4,16.7,266,0.1
2008-04-20,4.4,7.3,-0.6,1011.6,16.9,60,0.0
2008-04-21,4.7,9.2,1.0,1011.6,16.9,36,0.8
2008-04-22,4.9,9.7,-1.2,1015.5,17.0,11,0.0
2008-04-23,3.9,8.1,-0.8,1019.7,15.6,36,0.0
2008-04-24,5.9,12.0,-2.1,1016.7,21.5,294,0.0
2008-04-25,8.1,13.6,0.9,1019.4,12.9,292,0.0
2008-04-26,8.6,14.3,1.1,1023.2,13.8,318,0.0
2008-04-27,10.3,16.0,3.2,1024.6,9.4,309,0.0
2008-04-28,11.8,17.5,4.3,1022.3,6.6,162,0.0
2008-04-29,12.4,18.4,4.4,1020.1,9.2,182,0.0
2008-04-30,12.9,18.2,5.8,1021.1,19.2,133,0.0
2008-05-01,12.9,17.4,7.7,1021.6,16.9,137,0.0
2008-05-02,13.1,17.7,8.1,1021.3,10.1,117,1.7
2008-05-03,11.8,16.0,6.9,1025.0,12.8,114,0.0
2008-05-04,12.5,18.2,4.7,1025.5,9.4,217,0.0
2008-05-05,13.3,18.4,10.1,1019.5,18.8,269,6.3
2008-05-06,5.4,9.7,1.5,1015.7,25.8,331,1.1
2008-05-07,3.9,8.2,0.2,1017.8,15.5,357,0.0
2008-05-08,6.3,10.0,0.7,1015.3,9.7,90,0.0
2008-05-09,7.8,11.8,1.8,1017.4,11.1,52,0.0
2008-05-10,10.3,14.2,3.6,1020.5,9.2,40,0.0
2008-05-11,12.3,16.9,4.8,1021.4,11.9,163,0.0
2008-05-12,12.5,17.8,5.4,1016.3,17.2,229,0.0
2008-05-13,6.3,10.7,2.4,1012.1,20.2,359,5.1
2008-05-14,5.0,8.7,1.6,1010.3,20.6,321,0.6
2008-05-15,4.8,8.8,0.5,1009.2,19.2,304,0.4
2008-05-16,6.0,10.7,-0.6,1009.0,14.6,261,0.2
2008-05-17,10.0,14.5,3.7,1009.0,9.0,221,0.0
2008-05-18,15.1,20.8,7.7,1007.5,25.5,191,0.0
2008-05-19,14.9,17.2,11.7,1007.1,15.3,243,14.4
2008-05-20,12.4,15.8,10.0,1013.8,12.3,7,2.9
2008-05-21,10.1,13.2,7.6,1019.3,14.5,48,0.5
2008-05-22,10.2,13.8,7.2,1021.0,19.7,72,5.9
2008-05-23,7.0,9.5,5.5,1020.2,22.2,75,16.2
2008-05-24,6.6,8.2,5.1,1016.3,25.4,63,6.7
2008-05-25,7.7,11.0,5.8,1014.4,25.6,57,5.9
2008-05-26,10.3,15.1,3.8,1017.8,18.5,22,0.0
2008-05-27,10.8,15.2,4.9,1015.5,9.8,198,0.0
2008-05-28,12.1,16.6,6.2,1014.3,15.5,33,0.1
2008-05-29,12.7,15.8,8.8,1017.1,18.7,334,0.0
2008-05-30,12.1,16.5,7.7,1014.5,17.1,334,6.2
2008-05-31,10.0,12.7,6.2,1014.9,19.7,8,0.0
2008-06-01,9.9,12.8,6.3,1018.8,15.3,13,0.0
2008-06-02,10.8,14.6,7.3,1017.6,19.1,265,5.6
2008-06-03,11.8,14.8,9.8,1008.0,19.3,308,9.9
2008-06-04,12.5,15.4,9.9,1013.1,19.3,9,3.0
2008-06-05,12.8,17.3,7.5,1016.9,15.8,356,0.0
2008-06-06,14.8,20.9,8.0,1013.4,24.0,319,0.0
2008-06-07,10.6,13.0,7.4,1017.3,18.0,16,0.0
2008-06-08,9.2,14.1,2.9,1020.3,15.3,277,0.0
2008-06-09,15.2,21.1,10.4,1008.3,30.4,253,1.7
2008-06-10,11.7,14.8,7.8,1008.5,26.8,294,0.0
2008-06-11,16.0,18.7,13.2,1002.3,28.8,243,0.0
2008-06-12,15.1,18.5,11.3,1005.4,19.6,242,0.0
2008-06-13,14.8,18.3,9.5,1010.3,12.3,268,0.0
2008-06-14,16.0,19.5,11.9,1011.7,17.0,102,1.2
2008-06-15,16.4,18.8,13.4,1006.2,18.1,246,8.1
2008-06-16,14.9,18.1,10.4,1011.6,7.0,341,0.0
2008-06-17,15.7,19.5,9.9,1011.8,12.0,78,0.0
2008-06-18,14.5,16.8,12.7,1010.8,18.2,245,2.0
2008-06-19,14.9,17.9,11.3,1014.7,21.3,259,0.0
2008-06-20,16.8,20.9,10.8,1017.5,10.1,223,0.0
2008-06-21,16.7,20.9,14.0,1015.2,14.6,211,8.6
2008-06-22,14.2,16.7,12.5,1012.3,19.2,316,18.0
2008-06-23,15.2,19.1,10.4,1012.2,14.3,279,0.0
2008-06-24,15.6,18.5,13.2,1006.5,16.9,248,1.7
2008-06-25,12.3,14.8,10.6,1006.6,20.5,276,6.7
2008-06-26,12.7,15.6,9.5,1011.4,19.7,287,0.0
2008-06-27,14.5,18.8,8.4,1012.7,12.3,264,0.0
2008-06-28,14.8,19.2,10.4,1010.2,15.2,118,9.7
2008-06-29,13.9,16.5,12.4,1006.6,14.4,39,14.1
2008-06-30,16.8,21.0,12.3,1010.0,13.0,4,0.0
2008-07-01,17.7,21.8,12.4,1010.4,11.8,342,0.4
2008-07-02,18.0,22.0,13.8,1010.3,16.6,351,2.0
2008-07-03,17.8,21.4,15.0,1008.6,14.7,353,11.2
2008-07-04,17.4,21.3,13.8,1007.1,9.2,25,4.2
2008-07-05,15.9,19.4,13.4,1000.9,15.2,28,7.6
2008-07-06,14.3,17.1,12.2,1000.9,20.5,357,0.0
2008-07-07,14.9,19.0,9.6,1008.3,15.8,243,0.0
2008-07-08,18.1,21.6,15.3,1003.2,20.3,197,10.3
2008-07-09,16.4,19.4,13.0,1004.4,18.3,264,0.0
2008-07-10,17.4,21.5,11.7,1006.2,10.7,247,0.4
2008-07-11,17.9,21.5,14.1,1008.7,16.6,352,0.0
2008-07-12,19.3,23.1,14.3,1010.4,12.5,295,0.0
2008-07-13,21.1,25.5,17.4,1012.6,11.6,230,12.0
2008-07-14,22.5,27.3,17.9,1014.0,15.2,204,0.4
2008-07-15,20.1,23.0,16.4,1013.0,15.3,242,9.2
2008-07-16,18.2,21.9,13.1,1013.0,9.3,152,1.4
2008-07-17,19.2,22.1,17.2,1007.7,15.2,181,20.1
2008-07-18,17.7,19.8,14.5,1011.5,9.6,311,0.0
2008-07-19,17.3,19.2,15.6,1011.1,17.0,28,18.3
2008-07-20,18.3,21.4,16.6,1003.2,19.5,176,7.8
2008-07-21,17.6,20.1,15.1,1009.1,14.4,238,2.7
2008-07-22,17.5,20.3,14.5,1012.8,24.3,206,7.2
2008-07-23,18.1,22.6,11.5,1022.3,6.9,314,0.0
2008-07-24,19.0,22.9,13.5,1022.8,9.7,19,0.1
2008-07-25,18.3,21.5,13.7,1019.5,13.4,6,0.5
2008-07-26,17.5,20.6,14.3,1017.7,14.6,2,0.2
2008-07-27,15.7,19.3,12.1,1015.9,14.7,346,1.8
2008-07-28,13.0,15.6,10.7,1016.1,19.2,356,2.3
2008-07-29,11.6,13.2,10.3,1016.6,16.4,342,1.7
2008-07-30,12.6,15.4,9.9,1016.9,13.3,337,4.7
2008-07-31,13.6,17.3,9.7,1020.2,11.7,338,0.4
2008-08-01,15.4,19.4,10.1,1019.1,15.0,260,0.0
2008-08-02,15.9,18.8,13.7,1014.0,15.7,280,5.6
2008-08-03,14.4,18.5,11.2,1009.3,16.2,167,6.9
2008-08-04,13.3,15.7,11.2,1006.9,16.9,339,2.7
2008-08-05,10.8,11.3,9.9,1002.5,23.9,86,20.9
2008-08-06,10.5,13.7,8.5,1005.4,20.5,40,2.1
2008-08-07,10.8,13.4,8.1,1012.7,18.9,328,0.0
2008-08-08,14.0,18.8,8.1,1011.6,19.2,216,0.2
2008-08-09,16.8,20.2,13.2,1004.4,24.8,211,0.6
2008-08-10,17.3,20.2,14.7,1005.3,14.7,259,0.2
2008-08-11,17.0,20.8,13.2,1009.3,12.5,240,0.3
2008-08-12,17.4,22.0,14.2,1012.8,13.3,233,1.9
2008-08-13,20.6,25.4,15.3,1012.6,21.7,179,0.0
2008-08-14,20.6,22.9,17.0,1014.7,19.1,253,0.5
2008-08-15,19.5,24.0,14.0,1017.6,11.5,218,0.0
2008-08-16,22.0,28.1,17.0,1014.2,16.9,158,7.0
2008-08-17,24.3,29.8,18.9,1013.2,13.9,161,0.0
2008-08-18,23.3,26.5,20.6,1011.2,15.3,170,0.2
2008-08-19,18.6,21.0,16.1,1013.2,13.8,282,1.3
2008-08-20,18.9,23.5,13.9,1014.2,13.2,230,0.2
2008-08-21,18.9,23.9,15.4,1011.6,22.4,214,5.9
2008-08-22,16.4,19.0,14.2,1012.0,20.0,255,0.0
2008-08-23,17.1,20.5,14.1,1012.0,16.3,240,0.4
2008-08-24,18.8,22.2,16.2,1008.4,19.8,190,3.6
2008-08-25,19.1,24.6,14.9,1002.5,16.3,151,13.5
2008-08-26,15.2,17.9,13.2,997.2,19.9,284,3.8
2008-08-27,13.4,15.6,12.1,1009.6,22.2,305,0.2
2008-08-28,14.5,18.9,11.9,1006.8,21.8,234,7.0
2008-08-29,14.3,16.6,12.5,1000.6,23.3,247,1.7
2008-08-30,10.8,12.5,9.3,1003.3,22.0,347,0.0
2008-08-31,9.3,11.5,7.7,1006.5,23.2,326,1.7
2008-09-01,7.8,10.2,5.4,1013.8,24.2,298,0.2
2008-09-02,9.8,12.0,7.4,1011.9,25.6,250,0.0
2008-09-03,13.7,17.4,10.1,1010.3,15.7,241,1.3
2008-09-04,17.9,23.4,12.6,1011.7,26.5,204,0.0
2008-09-05,17.7,19.5,16.2,1011.9,17.6,223,4.9
2008-09-06,18.1,22.0,14.6,1013.7,14.3,218,0.2
2008-09-07,20.8,25.8,16.6,1012.9,16.1,210,0.0
2008-09-08,19.3,21.0,17.1,1011.1,14.7,214,2.0
2008-09-09,13.3,16.8,10.8,1013.0,18.4,79,20.4
2008-09-10,8.3,10.5,6.9,1016.2,21.0,80,8.4
2008-09-11,6.6,7.5,5.7,1018.4,20.3,56,1.1
2008-09-12,6.9,8.5,5.6,1018.5,26.9,51,3.9
2008-09-13,7.9,11.1,5.3,1018.9,24.8,48,3.8
2008-09-14,7.1,8.8,5.8,1022.3,20.8,31,0.1
2008-09-15,5.9,6.8,4.7,1025.0,17.9,18,1.1
2008-09-16,5.5,6.5,4.4,1026.0,12.7,40,0.0
2008-09-17,5.1,6.7,3.5,1027.8,11.6,88,0.0
2008-09-18,6.1,8.1,4.3,1028.8,12.7,94,0.0
2008-09-19,7.1,9.2,5.3,1028.1,17.0,99,0.0
2008-09-20,9.0,12.5,6.1,1026.5,18.1,109,0.7
2008-09-21,10.6,14.1,8.4,1030.5,14.6,110,0.0
2008-09-22,9.1,12.6,6.0,1031.3,20.0,105,0.0
2008-09-23,7.7,10.7,4.5,1027.5,18.3,77,0.0
2008-09-24,7.4,11.6,3.8,1028.1,11.8,55,0.0
2008-09-25,7.7,12.8,2.1,1028.2,12.6,333,0.0
2008-09-26,7.0,9.2,2.6,1029.5,10.9,359,0.0
2008-09-27,7.1,10.8,2.8,1019.8,22.3,279,0.2
2008-09-28,7.9,10.3,4.6,1009.9,28.3,233,1.8
2008-09-29,7.7,10.5,4.9,1006.1,22.1,259,0.2
2008-09-30,7.2,9.9,5.4,1006.1,16.8,236,0.7
2008-10-01,7.2,10.9,3.8,1006.8,20.2,180,5.7
2008-10-02,9.8,12.0,8.3,1000.4,25.9,202,5.4
2008-10-03,10.0,14.0,6.6,1008.9,26.6,220,0.8
2008-10-04,10.7,12.9,8.7,1012.1,10.2,190,14.2
2008-10-05,12.4,14.1,10.8,1011.1,19.8,184,2.5
2008-10-06,12.8,14.2,9.2,1011.2,13.0,208,0.8
2008-10-07,8.0,12.0,4.8,1017.2,9.4,349,0.0
2008-10-08,4.6,7.4,0.8,1019.1,14.0,322,0.0
2008-10-09,4.9,6.2,3.5,1025.2,13.3,309,0.0
2008-10-10,5.3,7.1,3.5,1022.2,14.2,232,2.4
2008-10-11,7.5,8.9,5.9,1020.1,24.2,263,0.3
2008-10-12,10.0,11.9,8.2,1008.9,24.5,276,2.2
2008-10-13,8.6,10.8,7.0,1009.2,24.1,274,0.0
2008-10-14,8.9,10.7,7.1,1006.9,22.3,239,2.7
2008-10-15,8.3,10.2,6.8,1008.7,24.0,281,0.7
2008-10-16,7.3,9.6,5.8,1010.9,15.5,212,0.0
2008-10-17,8.1,10.6,6.0,1000.9,21.9,172,7.6
2008-10-18,6.2,7.8,5.5,1002.3,22.0,242,1.0
2008-10-19,5.8,6.9,4.9,1008.6,22.2,233,5.3
2008-10-20,6.6,8.7,5.6,1009.9,17.1,288,1.0
2008-10-21,6.4,8.7,3.5,1016.5,20.7,218,0.0
2008-10-22,8.6,12.0,5.9,1016.6,22.9,230,0.0
2008-10-23,6.1,8.8,3.5,1020.8,15.0,344,7.6
2008-10-24,4.6,6.4,3.1,1027.8,13.7,266,0.0
2008-10-25,3.7,5.2,2.5,1033.0,16.6,232,0.0
2008-10-26,2.6,4.5,1.1,1027.9,22.8,218,0.0
2008-10-27,4.6,6.6,2.5,1015.6,26.6,209,0.0
2008-10-28,6.6,7.8,5.6,1012.7,24.6,207,0.4
2008-10-29,7.3,7.8,6.9,1017.6,16.9,197,0.0
2008-10-30,7.9,9.1,6.3,1014.2,24.0,184,0.0
2008-10-31,9.1,9.9,8.6,1011.4,23.8,191,2.0
2008-11-01,6.0,8.3,4.4,1018.1,23.1,236,0.0
2008-11-02,2.1,4.4,0.5,1019.5,11.6,328,10.4
2008-11-03,1.2,2.8,-0.1,1022.5,18.7,266,0.0
2008-11-04,2.5,3.5,1.5,1025.7,17.4,262,0.0
2008-11-05,2.0,4.0,0.9,1019.6,21.9,283,0.2
2008-11-06,1.0,2.0,-0.3,1026.1,18.0,348,0.0
2008-11-07,-1.2,-0.6,-2.5,1035.2,11.7,286,0.0
2008-11-08,-2.0,0.2,-3.3,1034.6,13.8,240,0.0
2008-11-09,0.2,2.9,-1.3,1030.5,19.1,227,0.3
2008-11-10,3.2,4.5,1.5,1026.5,22.3,227,0.0
2008-11-11,5.2,7.0,4.1,1021.5,25.7,219,0.0
2008-11-12,2.8,4.6,1.4,1020.0,23.8,221,0.0
2008-11-13,1.6,3.1,0.7,1023.4,12.5,207,0.0
2008-11-14,1.5,2.4,0.7,1021.4,12.6,219,0.6
2008-11-15,1.9,3.5,1.2,1011.0,24.2,203,3.1
2008-11-16,5.5,7.3,4.2,997.8,28.6,245,3.2
2008-11-17,1.8,3.9,0.0,1001.5,21.4,273,2.0
2008-11-18,-2.3,0.0,-4.3,1013.4,19.9,308,1.0
2008-11-19,-3.6,-1.2,-5.1,1001.0,28.1,193,2.0
2008-11-20,-0.9,1.3,-2.0,982.9,23.6,204,4.1
2008-11-21,-1.2,1.3,-3.6,981.2,17.9,249,0.5
2008-11-22,-3.5,-2.6,-5.4,991.9,26.8,129,3.0
2008-11-23,1.4,6.8,-2.7,972.1,37.8,139,18.6
2008-11-24,-2.5,-1.8,-3.1,989.9,32.4,195,2.3
2008-11-25,-2.0,-1.1,-2.4,1006.7,23.2,182,2.2
2008-11-26,-3.1,-2.0,-5.4,1004.8,17.1,240,0.5
2008-11-27,-0.6,2.5,-3.0,1001.6,22.7,244,3.2
2008-11-28,2.9,3.2,2.7,1012.3,21.4,239,0.1
2008-11-29,1.8,2.7,0.3,1022.0,16.0,200,0.0
2008-11-30,0.1,0.9,-0.8,1023.2,19.2,162,0.2
2008-12-01,1.5,2.1,0.8,1022.9,19.0,172,0.0
2008-12-02,1.7,3.0,1.2,1018.1,20.0,161,2.2
2008-12-03,4.4,4.9,3.2,1016.6,17.8,181,0.0
2008-12-04,5.2,6.4,4.2,1009.4,22.9,186,4.8
2008-12-05,4.5,7.0,3.2,1004.4,19.0,153,5.2
2008-12-06,4.7,7.7,3.4,1006.2,24.2,223,1.2
2008-12-07,4.2,5.4,2.7,1008.0,14.7,201,7.3
2008-12-08,0.0,2.6,-1.7,1012.8,19.4,355,0.0
2008-12-09,-2.3,-1.7,-2.9,1011.7,18.9,20,5.2
2008-12-10,-4.0,-2.9,-6.1,1015.1,14.9,289,0.8
2008-12-11,-2.0,-1.0,-4.3,1029.4,14.5,193,0.0
2008-12-12,-1.8,-0.6,-2.7,1035.3,12.8,169,0.0
2008-12-13,-2.8,-1.8,-4.1,1034.2,10.8,176,0.0
2008-12-14,-4.6,-4.0,-5.3,1036.0,8.7,174,0.0
2008-12-15,-5.0,-4.2,-6.0,1036.8,8.4,233,0.0
2008-12-16,-7.8,-6.1,-9.6,1033.0,10.1,202,0.0
2008-12-17,-9.8,-8.7,-10.9,1031.5,18.1,173,0.0
2008-12-18,-7.7,-6.1,-9.2,1030.6,17.7,171,0.0
2008-12-19,-7.1,-3.8,-9.0,1026.5,19.7,170,1.7
2008-12-20,-4.8,-3.8,-5.5,1019.6,20.2,178,0.2
2008-12-21,-6.7,-5.4,-8.3,1019.8,19.2,176,0.6
2008-12-22,-7.9,-6.3,-9.5,1015.2,24.9,173,2.5
2008-12-23,-5.5,-4.8,-6.2,1009.2,22.0,161,1.6
2008-12-24,-6.7,-5.8,-7.5,1018.7,8.8,116,1.6
2008-12-25,-6.7,-5.6,-7.4,1034.9,10.3,20,0.0
2008-12-26,-8.8,-7.6,-9.7,1043.5,7.0,350,0.0
2008-12-27,-7.5,-4.0,-9.4,1034.8,19.3,246,3.2
2008-12-28,-4.8,-2.5,-6.5,1028.1,16.7,328,0.0
2008-12-29,-4.2,-1.6,-7.3,1027.2,15.7,303,0.8
2008-12-30,-2.3,-1.4,-4.4,1028.4,16.3,293,0.0
2008-12-31,-3.1,-2.1,-4.4,1021.5,19.4,267,0.0
2009-01-01,-5.2,-2.7,-9.0,1007.7,21.8,281,0.3
2009-01-02,-12.4,-9.4,-14.9,1010.5,19.4,292,0.0
2009-01-03,-14.2,-12.6,-16.5,1008.0,14.5,250,0.0
2009-01-04,-14.0,-10.6,-18.0,1007.4,13.8,271,0.0
2009-01-05,-12.8,-11.6,-14.6,1014.4,15.7,288,0.0
2009-01-06,-11.4,-7.3,-14.4,1012.8,27.4,246,0.0
2009-01-07,-8.9,-7.2,-10.3,1002.8,29.0,230,3.6
2009-01-08,-13.5,-10.6,-17.2,1010.0,17.1,268,2.0
2009-01-09,-10.8,-7.5,-16.5,1005.9,16.8,199,3.3
2009-01-10,-12.0,-9.7,-13.6,1020.0,12.7,338,0.3
2009-01-11,-3.3,-0.4,-9.4,1019.9,20.8,264,0.4
2009-01-12,0.1,2.3,-1.4,1011.6,24.7,258,1.8
2009-01-13,-1.8,0.9,-3.6,1010.1,25.1,251,0.2
2009-01-14,-1.2,0.1,-2.4,1013.3,20.3,247,0.0
2009-01-15,-0.6,0.1,-2.1,1014.4,11.8,210,2.2
2009-01-16,-2.3,-1.0,-4.4,1015.7,19.5,12,5.7
2009-01-17,-3.8,-2.6,-5.0,1026.4,19.5,66,0.0
2009-01-18,-6.1,-4.9,-7.0,1021.1,19.1,97,0.0
2009-01-19,-7.3,-6.4,-7.8,1012.4,11.2,114,0.1
2009-01-20,-7.8,-6.6,-8.7,1016.0,13.1,138,0.0
2009-01-21,-6.1,-3.0,-8.6,1021.3,20.0,161,2.2
2009-01-22,-1.6,-0.3,-2.8,1015.9,21.9,181,5.1
2009-01-23,0.4,0.9,-0.4,1005.1,21.4,200,3.4
2009-01-24,-1.4,-0.2,-3.6,1004.7,14.8,137,0.8
2009-01-25,-0.9,0.8,-3.6,1006.9,15.7,141,2.0
2009-01-26,-1.9,-1.3,-2.4,1011.6,15.6,157,0.0
2009-01-27,-1.0,-0.0,-1.6,1015.3,9.8,205,1.4
2009-01-28,-1.0,-0.3,-1.5,1017.4,8.8,111,3.0
2009-01-29,-1.4,-0.8,-1.9,1015.2,17.7,351,5.2
2009-01-30,-4.7,-1.2,-11.7,1020.8,13.6,8,0.0
2009-01-31,-17.4,-12.6,-21.2,1029.7,12.5,40,0.0
2009-02-01,-23.4,-20.6,-26.3,1033.9,6.7,3,0.0
2009-02-02,-17.1,-11.0,-24.9,1030.3,12.3,272,0.0
2009-02-03,-9.7,-7.5,-11.8,1026.1,14.9,271,0.0
2009-02-04,-12.7,-10.0,-15.6,1012.5,13.0,201,4.3
2009-02-05,-10.8,-8.5,-12.4,1008.5,10.2,97,0.0
2009-02-06,-9.6,-7.7,-11.0,1009.5,13.0,144,0.6
2009-02-07,-5.0,-1.7,-8.2,1007.7,12.8,160,0.0
2009-02-08,0.5,2.5,-1.5,1005.7,17.9,180,0.1
2009-02-09,1.2,1.7,0.2,1004.8,18.8,161,5.9
2009-02-10,0.3,1.1,-0.1,1002.2,13.3,147,6.8
2009-02-11,-0.2,0.7,-0.9,1006.5,6.1,88,0.1
2009-02-12,-0.4,1.0,-1.1,1011.9,10.3,139,0.5
2009-02-13,-0.6,0.6,-1.5,1013.6,11.0,127,0.1
2009-02-14,-1.8,-1.0,-2.8,1010.8,15.3,112,2.8
2009-02-15,-0.8,1.1,-3.6,1010.6,11.4,166,0.0
2009-02-16,-3.5,-1.3,-6.7,1014.0,15.4,46,3.4
2009-02-17,-1.5,-0.5,-2.1,1012.4,13.0,75,3.1
2009-02-18,-1.3,0.1,-3.2,1017.0,17.1,152,4.3
2009-02-19,-7.3,-3.6,-12.1,1026.3,15.5,146,0.0
2009-02-20,-7.2,-3.6,-12.1,1030.7,14.5,109,0.0
2009-02-21,-4.8,-3.4,-6.4,1033.6,12.1,110,0.0
2009-02-22,-9.1,-6.2,-13.7,1028.9,14.3,142,0.0
2009-02-23,-13.5,-10.3,-15.7,1023.3,12.9,155,0.0
2009-02-24,-11.5,-8.8,-14.1,1024.1,13.2,202,0.0
2009-02-25,-5.4,-2.1,-9.2,1017.6,18.7,228,0.0
2009-02-26,-1.2,0.6,-2.3,1008.8,18.8,207,0.0
2009-02-27,-0.2,1.5,-1.2,1004.3,17.0,189,0.2
2009-02-28,-0.1,1.5,-1.4,1004.3,19.4,170,1.1
2009-03-01,-1.4,0.4,-2.8,1010.7,10.0,104,1.5
2009-03-02,-2.0,-0.7,-2.9,1017.0,19.2,358,0.0
2009-03-03,-2.5,-1.5,-3.4,1017.3,15.3,10,0.0
2009-03-04,-2.3,0.1,-4.6,1018.3,10.0,217,0.0
2009-03-05,-1.1,1.1,-2.8,1019.0,8.7,187,0.0
2009-03-06,-2.3,-0.8,-3.8,1018.4,15.6,145,0.0
2009-03-07,-4.2,-2.3,-6.0,1015.6,18.0,125,3.2
2009-03-08,-3.3,-1.5,-4.4,1011.1,14.2,100,1.8
2009-03-09,-1.7,0.0,-3.3,1004.6,16.7,107,5.3
2009-03-10,0.5,2.3,-0.5,1000.6,9.5,175,0.0
2009-03-11,0.2,2.0,-2.1,1007.8,15.1,282,0.0
2009-03-12,-0.8,2.1,-2.8,1016.4,10.6,314,0.1
2009-03-13,-1.8,0.0,-2.8,1019.9,7.7,334,0.0
2009-03-14,-3.8,-1.4,-7.1,1023.9,9.8,58,0.0
2009-03-15,-3.5,-0.3,-6.6,1025.3,9.8,143,1.0
2009-03-16,-1.9,0.5,-6.4,1027.6,8.0,339,0.0
2009-03-17,-2.7,2.5,-8.4,1020.8,19.9,219,0.0
2009-03-18,-1.3,0.9,-3.5,1014.9,15.3,166,0.0
2009-03-19,-2.2,1.6,-5.9,1018.6,9.6,112,0.1
2009-03-20,-2.8,1.7,-8.2,1022.1,21.7,288,0.0
2009-03-21,-1.4,1.3,-3.4,1005.2,22.6,280,4.9
2009-03-22,-4.8,-1.9,-7.4,1001.0,17.6,321,0.3
2009-03-23,-6.2,-1.1,-11.5,997.8,10.3,246,0.0
2009-03-24,-4.0,0.2,-8.3,995.0,22.2,142,1.1
2009-03-25,-2.7,-1.0,-3.7,990.4,20.5,8,7.0
2009-03-26,-4.7,-2.8,-7.9,1002.5,18.6,286,0.0
2009-03-27,-4.7,-0.3,-9.1,1011.7,18.8,224,0.0
2009-03-28,0.1,4.5,-4.3,1015.7,21.6,177,0.7
2009-03-29,2.4,6.2,0.2,1014.6,27.5,178,5.7
2009-03-30,2.2,4.4,0.3,1015.4,20.3,209,10.6
2009-03-31,1.9,4.9,-0.3,1017.6,18.0,259,0.0
2009-04-01,1.8,4.2,0.4,1011.5,23.5,253,5.1
2009-04-02,-0.3,1.8,-2.8,1017.8,25.1,322,0.5
2009-04-03,-0.2,3.4,-4.0,1013.6,26.8,278,5.5
2009-04-04,-0.9,1.1,-4.6,1015.3,13.8,347,0.0
2009-04-05,0.1,5.0,-7.5,1014.6,18.4,252,0.2
2009-04-06,3.0,6.8,0.1,1010.2,19.6,250,2.3
2009-04-07,0.9,3.2,-1.3,1014.6,20.1,358,0.2
2009-04-08,-1.3,2.0,-6.4,1024.3,9.8,87,0.0
2009-04-09,-1.0,2.4,-4.6,1027.3,15.3,85,0.0
2009-04-10,-0.4,4.0,-4.4,1029.2,18.8,147,0.0
2009-04-11,1.9,5.9,-1.7,1026.6,16.8,196,0.5
2009-04-12,3.6,7.6,0.5,1023.1,16.2,169,5.3
2009-04-13,4.3,9.3,-1.3,1021.4,15.6,169,0.0
2009-04-14,4.1,9.3,-2.0,1017.4,17.7,137,0.0
2009-04-15,5.3,10.5,0.2,1015.7,15.5,333,0.0
2009-04-16,0.3,3.0,-4.2,1022.1,18.2,27,0.1
2009-04-17,0.3,3.4,-4.5,1016.5,15.5,192,0.0
2009-04-18,1.2,3.5,-2.3,1002.6,21.9,294,3.6
2009-04-19,-0.8,2.2,-3.1,1016.6,28.8,318,0.0
2009-04-20,0.1,3.8,-3.6,1015.0,27.4,304,0.4
2009-04-21,-1.3,1.1,-3.3,1023.2,26.3,354,0.0
2009-04-22,-1.5,3.4,-7.5,1024.7,12.3,346,0.0
2009-04-23,2.0,6.0,-1.9,1019.0,12.5,309,0.0
2009-04-24,2.8,8.0,-3.7,1021.4,12.8,334,0.0
2009-04-25,6.8,13.3,-2.5,1022.7,18.8,285,0.0
2009-04-26,10.6,16.6,3.0,1020.2,18.7,273,0.0
2009-04-27,13.0,18.7,6.8,1018.4,18.8,249,0.0
2009-04-28,14.1,19.4,8.6,1016.0,21.3,239,0.0
2009-04-29,15.4,21.3,9.4,1012.7,18.0,261,0.0
2009-04-30,7.8,12.4,4.7,1017.1,24.5,26,0.2
2009-05-01,6.1,10.6,1.4,1023.9,17.7,31,0.0
2009-05-02,8.5,14.6,-0.2,1024.3,10.8,323,0.0
2009-05-03,11.7,18.3,2.9,1020.7,12.3,275,0.0
2009-05-04,13.9,20.4,4.9,1015.6,11.7,246,0.0
2009-05-05,14.0,20.0,7.3,1010.2,17.4,222,0.4
2009-05-06,11.8,17.2,5.7,1007.2,13.2,223,4.7
2009-05-07,11.5,15.9,6.4,1005.3,7.4,192,0.6
2009-05-08,12.0,17.5,4.4,1013.3,11.4,294,0.0
2009-05-09,13.9,19.1,6.6,1016.9,15.5,269,0.0
2009-05-10,12.5,16.5,8.7,1020.6,17.1,312,0.0
2009-05-11,14.2,18.4,9.4,1016.4,10.7,189,0.0
2009-05-12,10.6,12.3,8.9,1011.5,13.0,6,5.1
2009-05-13,5.6,8.6,3.6,1002.8,32.1,12,39.0
2009-05-14,8.9,12.6,5.8,998.3,15.4,61,5.4
2009-05-15,8.0,10.9,5.1,1005.3,16.7,6,8.5
2009-05-16,6.6,8.4,5.0,1016.1,12.6,339,0.0
2009-05-17,6.8,8.9,4.8,1020.0,6.9,25,0.0
2009-05-18,10.2,14.4,4.7,1021.0,12.2,323,0.0
2009-05-19,12.0,15.2,7.5,1021.0,12.2,301,0.2
2009-05-20,11.8,15.4,7.8,1018.4,12.5,292,2.8
2009-05-21,11.3,14.0,8.0,1017.1,8.2,310,5.1
2009-05-22,12.1,17.3,6.9,1012.8,20.1,174,13.7
2009-05-23,12.3,15.3,8.5,1000.8,21.2,278,18.2
2009-05-24,9.7,12.2,7.7,997.8,26.3,282,12.2
2009-05-25,12.4,16.1,8.1,1004.9,25.3,317,0.0
2009-05-26,14.0,18.2,9.3,1012.6,19.9,321,0.0
2009-05-27,16.1,21.0,9.2,1014.9,17.8,222,0.0
2009-05-28,14.7,17.3,12.7,1014.9,16.0,273,0.2
2009-05-29,16.0,20.0,12.4,1022.2,17.3,36,0.0
2009-05-30,15.3,19.2,10.9,1030.0,14.2,23,0.0
2009-05-31,17.4,22.6,9.7,1029.5,11.0,18,0.0
2009-06-01,19.0,23.8,12.1,1022.6,13.0,236,0.0
2009-06-02,17.7,21.9,14.4,1010.0,15.1,235,6.5
2009-06-03,13.8,14.6,12.0,995.7,14.5,191,12.4
2009-06-04,12.0,12.9,9.5,994.1,29.8,214,1.6
2009-06-05,10.7,14.8,7.1,1004.0,25.2,216,1.1
2009-06-06,10.5,13.3,7.1,1006.8,13.7,228,3.6
2009-06-07,10.8,14.7,6.0,1010.0,17.4,164,8.1
2009-06-08,11.6,13.2,9.5,1007.9,22.2,243,2.0
2009-06-09,13.5,18.7,7.1,1019.4,15.7,187,5.6
2009-06-10,18.0,22.8,12.2,1017.0,18.0,169,0.5
2009-06-11,19.6,23.1,16.4,1013.9,12.7,226,0.6
2009-06-12,20.7,26.1,16.7,1010.2,19.9,144,2.2
2009-06-13,20.0,23.9,16.7,1006.0,24.2,132,8.1
2009-06-14,15.8,17.7,13.4,1012.2,14.4,197,0.0
2009-06-15,14.5,17.6,11.1,1013.3,21.3,208,0.3
2009-06-16,16.0,19.8,10.9,1014.1,14.0,188,0.6
2009-06-17,12.5,15.8,9.8,1006.4,30.1,225,10.7
2009-06-18,11.5,14.2,8.3,1014.2,19.5,264,0.0
2009-06-19,12.3,16.0,8.0,1012.1,16.9,217,1.1
2009-06-20,13.4,16.0,9.7,1012.8,17.7,232,0.0
2009-06-21,14.4,18.3,9.1,1019.6,11.9,257,0.1
2009-06-22,15.7,19.0,12.6,1025.1,15.0,65,0.0
2009-06-23,17.0,20.6,13.5,1024.5,17.6,78,0.0
2009-06-24,17.1,20.8,13.9,1022.1,19.6,90,0.0
2009-06-25,14.0,15.3,13.0,1023.5,20.4,73,1.9
2009-06-26,15.5,17.9,13.2,1025.5,24.4,92,0.1
2009-06-27,18.3,22.9,14.5,1024.4,18.6,118,3.7
2009-06-28,19.1,24.0,16.4,1018.1,16.5,213,18.9
2009-06-29,17.5,20.6,15.0,1020.4,16.6,26,0.0
2009-06-30,15.9,19.5,10.9,1026.1,11.5,91,0.0
2009-07-01,17.7,21.6,13.5,1023.6,11.5,211,0.3
2009-07-02,18.5,22.2,15.1,1016.1,17.9,283,0.5
2009-07-03,15.3,18.7,10.0,1007.4,22.6,338,2.1
2009-07-04,10.5,13.4,7.3,1005.4,16.6,343,0.9
2009-07-05,9.6,11.5,8.1,999.8,12.9,66,10.1
2009-07-06,10.8,14.5,6.3,1004.9,14.6,353,0.9
2009-07-07,12.6,16.1,6.9,1011.2,11.9,209,0.0
2009-07-08,15.9,19.1,12.1,1010.7,16.8,160,0.4
2009-07-09,17.5,21.0,15.1,1006.6,18.5,175,1.0
2009-07-10,16.9,19.9,13.2,1011.4,6.6,308,3.0
2009-07-11,17.4,21.6,11.0,1015.0,7.2,242,0.0
2009-07-12,19.2,23.5,14.0,1016.2,9.2,148,3.4
2009-07-13,19.9,23.5,15.9,1012.7,20.4,122,4.8
2009-07-14,17.3,20.1,14.7,1013.8,11.5,304,25.7
2009-07-15,18.0,22.6,11.9,1020.7,9.5,272,0.0
2009-07-16,20.0,24.8,12.9,1020.8,12.3,214,0.2
2009-07-17,20.2,23.2,17.6,1014.3,17.2,274,0.9
2009-07-18,19.5,23.3,14.5,1014.4,11.5,277,0.0
2009-07-19,20.4,24.8,14.6,1013.0,7.6,259,0.0
2009-07-20,19.8,23.7,16.3,1008.3,17.9,163,12.5
2009-07-21,17.3,19.6,14.6,1007.9,15.1,261,3.8
2009-07-22,15.3,17.7,12.9,1008.6,16.0,253,2.9
2009-07-23,16.7,20.4,11.8,1012.4,8.9,245,0.0
2009-07-24,18.4,22.6,12.0,1012.0,14.0,161,0.0
2009-07-25,18.4,21.7,16.5,1006.9,14.3,249,6.3
2009-07-26,18.1,21.0,14.6,1008.4,12.2,354,3.6
2009-07-27,18.1,21.1,16.1,1004.0,18.9,129,19.0
2009-07-28,16.6,19.1,13.3,1011.6,14.5,286,2.3
2009-07-29,18.3,22.1,13.7,1018.8,10.4,317,0.0
2009-07-30,18.7,23.1,14.1,1019.8,10.5,349,3.7
2009-07-31,19.0,22.9,14.1,1017.2,8.3,348,0.0
2009-08-01,17.1,19.1,14.3,1014.8,12.0,301,7.1
2009-08-02,16.6,19.6,13.4,1015.6,12.3,309,0.0
2009-08-03,16.6,20.0,13.5,1014.0,9.6,246,0.9
2009-08-04,16.0,19.2,12.7,1013.9,13.3,355,4.9
2009-08-05,17.0,20.6,14.2,1018.3,16.1,9,0.7
2009-08-06,15.2,17.2,13.0,1020.8,10.1,2,7.4
2009-08-07,14.3,16.9,11.5,1022.4,14.8,35,0.1
2009-08-08,14.4,17.9,10.2,1021.8,15.8,3,0.0
2009-08-09,13.0,15.3,10.1,1022.4,14.0,41,0.0
2009-08-10,15.3,20.8,8.6,1021.9,7.0,296,0.0
2009-08-11,16.9,20.8,12.2,1018.9,10.9,260,0.0
2009-08-12,17.3,20.7,13.8,1013.0,21.4,192,0.0
2009-08-13,15.8,18.4,14.1,1006.6,16.3,196,3.9
2009-08-14,13.3,15.3,12.0,1003.4,12.4,237,10.1
2009-08-15,12.3,14.3,11.1,1005.9,27.8,272,6.7
2009-08-16,14.0,17.9,10.2,1012.8,22.8,256,1.7
2009-08-17,18.0,22.0,14.8,1007.6,27.5,238,0.2
2009-08-18,17.1,21.0,13.9,1007.8,22.2,218,9.4
2009-08-19,13.8,16.5,11.5,1009.1,25.0,265,6.4
2009-08-20,12.5,15.8,9.5,1020.3,24.5,330,3.6
2009-08-21,10.9,12.0,8.9,1023.2,20.5,358,0.0
2009-08-22,14.1,18.1,11.2,1020.7,18.4,25,0.0
2009-08-23,14.7,16.9,12.5,1018.5,13.6,351,0.0
2009-08-24,13.9,16.3,12.3,1013.5,17.3,304,8.5
2009-08-25,14.6,18.1,12.3,1014.9,19.7,322,0.2
2009-08-26,14.8,18.8,10.0,1019.3,8.9,267,0.2
2009-08-27,15.5,18.3,12.6,1015.8,18.5,201,0.7
2009-08-28,15.4,18.7,12.3,1013.5,13.2,293,0.0
2009-08-29,15.7,19.4,11.8,1014.4,8.9,296,0.3
2009-08-30,16.2,19.9,12.3,1013.7,15.1,179,3.8
2009-08-31,13.3,16.3,9.8,1018.4,18.4,279,4.2
2009-09-01,14.1,19.1,8.5,1023.8,12.9,234,0.0
2009-09-02,15.7,21.2,8.8,1023.9,12.4,170,0.0
2009-09-03,17.7,21.8,13.4,1019.8,15.9,165,0.0
2009-09-04,17.4,21.7,13.1,1016.2,25.2,163,0.0
2009-09-05,17.6,19.9,14.9,1013.5,24.7,167,0.2
2009-09-06,15.2,17.2,12.5,1013.3,24.8,198,2.6
2009-09-07,14.1,17.6,11.5,1020.6,14.5,214,0.3
2009-09-08,14.8,19.3,10.0,1028.1,9.1,251,0.0
2009-09-09,15.5,19.9,11.5,1030.3,12.9,247,0.0
2009-09-10,15.8,20.4,11.8,1027.1,13.1,268,0.0
2009-09-11,14.3,18.0,9.5,1023.3,8.8,325,0.9
2009-09-12,13.4,16.6,10.8,1021.1,10.9,48,0.0
2009-09-13,13.5,17.9,10.4,1017.9,12.9,114,3.1
2009-09-14,14.0,17.3,11.4,1021.7,11.5,115,4.0
2009-09-15,13.6,17.6,10.7,1025.0,5.4,36,0.0
2009-09-16,13.0,16.3,9.8,1020.5,12.4,224,0.2
2009-09-17,11.9,13.8,8.8,1010.2,15.6,243,5.5
2009-09-18,9.1,12.1,6.6,1014.6,19.2,302,0.1
2009-09-19,9.6,12.2,6.8,1019.2,13.3,270,2.7
2009-09-20,12.0,14.3,10.2,1017.9,15.0,296,1.5
2009-09-21,13.3,17.2,10.1,1017.5,21.5,240,0.0
2009-09-22,12.0,13.9,10.2,1015.0,18.4,262,0.0
2009-09-23,12.2,13.9,10.7,1007.2,26.3,248,0.2
2009-09-24,11.0,13.3,8.0,1005.2,22.7,272,0.9
2009-09-25,8.2,10.5,6.5,1007.5,20.3,273,6.4
2009-09-26,8.4,12.1,5.0,1017.1,14.8,286,0.0
2009-09-27,12.2,13.7,9.9,1017.8,19.4,258,0.3
2009-09-28,12.4,13.3,11.8,1008.1,26.5,242,0.1
2009-09-29,9.4,12.6,4.8,993.9,26.4,255,15.7
2009-09-30,4.8,7.7,2.8,1001.8,16.6,276,2.0
2009-10-01,5.3,7.7,3.0,1002.3,24.2,213,2.4
2009-10-02,4.7,6.1,3.5,992.1,30.1,257,9.2
2009-10-03,3.7,6.6,0.9,1010.0,17.4,244,0.6
2009-10-04,7.1,10.0,3.1,1003.1,31.6,201,2.6
2009-10-05,7.7,9.1,5.5,995.2,28.7,239,3.4
2009-10-06,5.0,6.6,3.7,1009.3,31.5,278,0.8
2009-10-07,5.2,8.7,0.1,1016.1,27.8,207,0.9
2009-10-08,9.1,10.8,5.3,1005.8,25.7,250,12.2
2009-10-09,5.3,7.6,3.4,1006.9,10.0,348,10.5
2009-10-10,2.3,6.4,-1.7,1022.7,15.5,292,0.0
2009-10-11,1.3,5.6,-2.0,1024.5,15.6,143,0.0
2009-10-12,3.5,7.4,0.4,1007.3,29.3,141,13.3
2009-10-13,5.9,6.6,4.8,1008.0,15.1,72,1.8
2009-10-14,6.0,7.5,4.6,1008.6,20.9,45,5.9
2009-10-15,5.7,7.8,1.4,1020.6,20.7,134,1.4
2009-10-16,4.6,8.6,1.2,1021.6,17.3,154,2.9
2009-10-17,3.7,4.9,1.9,1014.1,18.4,230,4.9
2009-10-18,1.9,4.0,-0.3,1022.4,11.3,173,0.0
2009-10-19,1.3,4.9,-1.7,1021.7,14.8,189,0.0
2009-10-20,2.3,6.1,-0.2,1025.2,14.8,232,0.0
2009-10-21,1.9,5.3,-2.0,1026.3,17.0,90,0.0
2009-10-22,3.7,5.0,2.1,1021.9,19.5,97,3.9
2009-10-23,5.1,5.6,4.8,1017.4,10.6,301,2.3
2009-10-24,4.2,4.7,3.4,1019.9,14.6,347,1.5
2009-10-25,3.1,3.8,2.3,1028.1,14.3,101,0.1
2009-10-26,4.6,5.9,3.1,1023.0,17.6,181,3.8
2009-10-27,6.6,6.9,5.8,1013.0,15.1,206,7.8
2009-10-28,6.4,7.3,4.7,1005.0,10.6,291,2.0
2009-10-29,2.7,4.4,-0.4,1008.8,24.4,349,1.3
2009-10-30,-1.5,0.2,-2.3,1019.3,29.1,332,0.0
2009-10-31,-2.1,-1.2,-3.0,1023.4,20.7,331,0.0
2009-11-01,-2.0,-1.2,-2.5,1025.9,13.9,326,0.0
2009-11-02,-2.2,-1.4,-2.9,1024.8,10.3,278,0.4
2009-11-03,-1.2,-0.3,-2.0,1023.8,7.7,235,0.0
2009-11-04,-1.5,-0.7,-3.1,1022.3,15.5,148,1.2
2009-11-05,-3.5,-1.5,-4.6,1025.1,16.5,135,0.0
2009-11-06,-2.2,-1.3,-2.8,1024.4,18.2,126,3.1
2009-11-07,-0.1,1.1,-2.1,1022.8,19.5,147,7.7
2009-11-08,4.6,6.4,1.4,1015.1,19.4,183,10.8
2009-11-09,-0.2,3.0,-1.2,1026.2,12.6,44,0.0
2009-11-10,-0.1,1.5,-1.3,1022.1,16.3,130,3.3
2009-11-11,2.9,3.9,1.6,1012.5,12.4,160,1.9
2009-11-12,2.7,3.2,2.1,1009.8,12.1,127,4.3
2009-11-13,3.5,5.2,1.8,1011.5,14.5,191,0.6
2009-11-14,1.9,3.3,0.9,1023.8,10.3,27,0.7
2009-11-15,1.2,2.0,0.6,1026.7,10.2,49,0.0
2009-11-16,0.8,1.8,0.0,1023.5,10.4,102,5.9
2009-11-17,1.0,2.3,-0.0,1020.7,11.0,155,0.0
2009-11-18,1.4,2.3,0.7,1014.2,19.1,183,6.0
2009-11-19,1.4,2.5,0.7,1009.2,13.0,157,0.0
2009-11-20,1.7,3.0,0.8,1016.2,12.1,203,0.0
2009-11-21,4.0,6.5,1.9,1010.7,22.0,235,4.6
2009-11-22,3.8,5.3,2.9,1008.7,25.8,291,0.5
2009-11-23,2.3,3.0,1.4,1008.9,15.3,213,2.9
2009-11-24,4.0,5.1,3.0,1000.6,17.8,205,4.4
2009-11-25,4.0,4.8,3.0,998.4,20.6,283,4.1
2009-11-26,4.1,6.0,3.0,1005.8,20.4,209,3.6
2009-11-27,4.5,5.3,4.0,1006.4,22.0,242,1.1
2009-11-28,4.0,4.4,3.3,1007.3,21.5,214,2.3
2009-11-29,2.8,3.8,1.4,1010.2,16.5,210,1.6
2009-11-30,1.6,2.8,0.7,1014.9,20.1,229,6.9
2009-12-01,2.6,4.3,1.6,1017.4,24.1,179,0.0
2009-12-02,6.2,7.9,4.4,1015.0,19.0,200,0.0
2009-12-03,6.5,7.9,3.8,1015.4,13.7,227,1.1
2009-12-04,2.8,4.1,0.3,1021.2,13.9,35,0.0
2009-12-05,-1.5,0.1,-2.8,1028.2,15.8,87,0.0
2009-12-06,-3.1,-2.7,-3.6,1029.9,15.8,129,0.0
2009-12-07,-3.0,-2.5,-3.3,1027.3,11.9,145,0.0
2009-12-08,-3.6,-3.3,-3.9,1027.5,12.4,147,0.0
2009-12-09,-3.0,-2.5,-3.7,1027.7,11.6,140,0.0
2009-12-10,-3.0,-2.6,-3.4,1029.6,8.9,127,0.0
2009-12-11,-3.9,-3.1,-5.2,1030.5,10.0,131,0.0
2009-12-12,-5.0,-3.4,-6.2,1028.2,7.8,191,0.0
2009-12-13,-3.3,-2.5,-5.3,1020.2,16.3,305,0.3
2009-12-14,-16.4,-8.0,-18.8,1025.5,20.0,43,0.0
2009-12-15,-17.1,-16.2,-18.1,1028.4,9.1,267,0.0
2009-12-16,-16.1,-13.8,-18.0,1027.6,11.1,262,0.0
2009-12-17,-18.4,-16.0,-20.3,1031.8,9.5,277,0.0
2009-12-18,-18.4,-15.2,-20.7,1027.0,11.7,297,0.0
2009-12-19,-15.6,-13.1,-17.7,1022.3,15.5,63,0.0
2009-12-20,-15.0,-13.8,-16.1,1015.4,23.9,107,1.8
2009-12-21,-12.0,-8.1,-14.3,1003.1,21.9,153,7.6
2009-12-22,-14.9,-11.6,-17.4,1014.7,17.4,200,0.0
2009-12-23,-5.6,0.8,-13.6,1011.1,30.5,170,3.8
2009-12-24,-0.3,1.5,-2.4,1006.2,31.5,224,4.5
2009-12-25,-4.4,-2.6,-6.7,1016.6,23.8,133,3.6
2009-12-26,0.1,1.5,-2.9,997.0,24.3,151,10.5
2009-12-27,0.1,0.8,-1.2,994.6,22.7,238,0.9
2009-12-28,-5.3,-1.5,-8.9,1006.9,22.9,263,0.0
2009-12-29,-10.4,-6.4,-13.8,999.1,20.9,55,3.1
2009-12-30,-12.9,-12.0,-14.9,990.1,17.5,314,3.8
2009-12-31,-15.3,-14.6,-15.9,997.9,13.4,256,0.0
2010-01-01,-14.5,-13.1,-15.7,1006.3,7.1,139,0.0
2010-01-02,-15.2,-13.6,-16.1,1009.9,10.5,7,0.0
2010-01-03,-17.4,-16.0,-19.1,1011.9,13.0,329,0.0
2010-01-04,-15.1,-11.1,-18.9,1012.1,15.4,239,0.0
2010-01-05,-12.5,-10.2,-15.1,1017.4,18.2,207,0.0
2010-01-06,-13.4,-10.6,-16.7,1024.3,15.3,182,0.0
2010-01-07,-10.6,-6.3,-15.8,1017.5,24.3,139,5.7
2010-01-08,-5.9,-4.1,-9.3,1018.5,17.1,226,0.5
2010-01-09,-11.7,-8.6,-14.9,1033.0,15.7,308,0.0
2010-01-10,-15.0,-13.4,-16.9,1037.6,7.4,58,0.0
2010-01-11,-18.7,-14.8,-21.4,1031.2,9.2,195,0.0
2010-01-12,-16.9,-12.0,-20.4,1025.6,11.0,268,0.0
2010-01-13,-9.3,-8.2,-11.5,1022.7,10.1,332,0.0
2010-01-14,-7.6,-5.9,-9.0,1026.2,9.7,303,0.0
2010-01-15,-7.5,-6.7,-8.0,1030.6,10.3,326,0.0
2010-01-16,-9.2,-8.1,-10.7,1043.4,7.6,125,0.0
2010-01-17,-13.8,-11.0,-17.0,1047.2,10.8,189,0.0
2010-01-18,-20.5,-17.6,-23.0,1047.0,10.5,173,0.0
2010-01-19,-24.0,-18.8,-27.7,1044.7,8.7,137,0.0
2010-01-20,-24.5,-19.8,-28.7,1045.2,9.6,93,0.0
2010-01-21,-18.3,-15.7,-22.7,1047.9,13.5,83,0.0
2010-01-22,-18.6,-17.4,-19.9,1049.2,11.3,58,0.0
2010-01-23,-19.9,-18.6,-23.7,1044.5,13.4,24,0.0
2010-01-24,-21.2,-15.8,-27.0,1039.4,14.0,338,0.0
2010-01-25,-18.0,-16.2,-20.6,1036.2,13.4,356,0.0
2010-01-26,-23.8,-21.5,-27.1,1040.5,11.5,45,0.1
2010-01-27,-23.3,-20.2,-26.5,1033.8,12.6,172,0.0
2010-01-28,-19.0,-14.4,-22.1,1014.2,20.5,149,0.0
2010-01-29,-13.4,-12.3,-14.4,1001.5,22.8,146,0.5
2010-01-30,-11.1,-9.4,-12.5,1004.8,18.1,155,0.0
2010-01-31,-9.6,-7.9,-11.5,1011.8,20.7,153,0.0
2010-02-01,-5.4,-1.5,-9.0,1008.5,24.3,122,2.9
2010-02-02,-2.6,-1.1,-5.1,1008.7,24.2,136,4.8
2010-02-03,-5.0,-3.7,-5.8,1017.3,18.3,163,2.9
2010-02-04,-6.7,-5.0,-10.6,1030.3,21.9,129,3.3
2010-02-05,-13.0,-11.1,-15.5,1040.9,20.3,158,0.0
2010-02-06,-17.1,-13.7,-20.2,1041.3,13.7,172,0.0
2010-02-07,-15.4,-11.4,-18.5,1033.5,13.1,193,0.0
2010-02-08,-15.7,-13.9,-18.1,1026.4,13.9,166,0.0
2010-02-09,-12.8,-8.2,-16.5,1022.4,17.1,127,3.5
2010-02-10,-8.9,-7.5,-11.1,1024.5,19.2,151,4.3
2010-02-11,-9.0,-7.1,-11.1,1029.8,18.7,158,0.9
2010-02-12,-11.2,-9.7,-13.2,1030.8,19.8,160,0.0
2010-02-13,-12.9,-11.2,-15.4,1026.7,19.6,156,0.0
2010-02-14,-10.1,-8.0,-12.2,1017.7,12.1,129,0.8
2010-02-15,-10.0,-8.5,-11.0,1010.5,7.6,53,6.1
2010-02-16,-11.2,-9.5,-12.3,1011.8,7.6,349,0.0
2010-02-17,-12.6,-10.7,-13.9,1016.1,8.1,344,0.0
2010-02-18,-11.9,-9.1,-14.1,1013.7,10.5,186,0.0
2010-02-19,-11.4,-10.2,-12.2,1009.2,16.3,90,7.5
2010-02-20,-14.4,-11.8,-16.7,1007.9,22.1,79,3.3
2010-02-21,-16.2,-15.0,-17.2,1004.2,21.3,94,1.5
2010-02-22,-13.7,-12.3,-15.1,1002.4,12.1,52,9.1
2010-02-23,-8.2,-3.0,-13.5,1008.1,24.7,178,0.0
2010-02-24,-1.6,0.9,-4.4,1006.4,24.5,225,0.3
2010-02-25,-6.8,-4.6,-9.0,1017.3,10.5,71,0.0
2010-02-26,-2.8,1.1,-7.9,1014.0,15.2,163,2.1
2010-02-27,-0.1,1.0,-1.0,1011.0,15.9,188,5.0
2010-02-28,-2.8,-1.3,-3.6,1013.0,16.7,189,0.6
2010-03-01,-2.8,-1.7,-3.8,1008.3,20.0,164,1.0
2010-03-02,0.3,2.5,-1.7,999.6,25.3,194,0.8
2010-03-03,-2.2,-0.2,-5.2,1005.1,22.1,231,0.9
2010-03-04,-5.6,-3.2,-9.0,1008.1,22.2,220,0.0
2010-03-05,-8.2,-3.9,-11.3,1009.2,11.0,254,0.3
2010-03-06,-9.0,-6.5,-11.1,1019.0,9.2,348,0.0
2010-03-07,-10.3,-8.4,-12.0,1027.1,14.3,36,0.0
2010-03-08,-11.6,-6.6,-18.3,1027.2,16.5,292,0.0
2010-03-09,-6.1,-2.5,-8.6,1018.3,21.0,264,0.1
2010-03-10,-5.3,-0.2,-10.2,1017.5,30.1,260,0.4
2010-03-11,-0.9,1.1,-2.9,1014.4,24.3,263,0.3
2010-03-12,-3.0,0.8,-6.1,1005.9,20.5,236,0.0
2010-03-13,-4.3,-1.3,-6.8,999.0,14.1,289,0.7
2010-03-14,-7.6,-3.4,-11.4,996.6,14.2,230,1.4
2010-03-15,-7.3,-5.6,-8.5,996.1,19.5,258,3.8
2010-03-16,-9.6,-7.4,-11.8,1005.6,16.9,297,0.1
2010-03-17,-11.7,-6.9,-15.9,1013.0,11.8,302,0.0
2010-03-18,-9.2,-3.5,-14.9,1018.8,16.3,255,0.1
2010-03-19,-2.4,2.2,-8.3,1010.4,24.4,232,5.0
2010-03-20,1.7,3.6,0.3,1005.2,17.7,227,2.2
2010-03-21,2.6,4.3,1.1,1001.8,15.6,242,0.2
2010-03-22,1.1,3.4,-2.4,999.5,30.6,274,6.4
2010-03-23,-2.6,0.7,-4.9,1014.3,23.8,275,0.0
2010-03-24,-0.7,2.2,-3.8,1012.4,13.3,322,2.4
2010-03-25,-3.6,1.0,-8.4,1026.1,14.0,311,0.0
2010-03-26,-1.2,4.9,-10.0,1025.5,20.9,185,2.5
2010-03-27,3.6,6.6,2.0,1011.3,22.3,211,1.1
2010-03-28,2.7,6.4,-0.2,1008.6,18.7,186,0.0
2010-03-29,2.2,4.5,0.6,1010.7,13.1,185,1.4
2010-03-30,3.6,7.8,0.1,1013.6,15.3,210,0.1
2010-03-31,5.4,9.5,3.2,1019.0,13.0,168,0.6
2010-04-01,5.1,8.4,2.7,1019.7,15.0,134,0.3
2010-04-02,5.9,11.0,2.7,1020.1,14.4,129,0.0
2010-04-03,5.9,12.1,0.6,1020.3,19.3,132,0.0
2010-04-04,6.3,9.2,4.0,1023.4,18.5,149,0.8
2010-04-05,5.6,9.6,1.1,1026.9,8.6,237,1.0
2010-04-06,6.7,12.9,0.0,1027.2,10.6,141,0.0
2010-04-07,7.0,13.6,2.5,1025.7,10.5,194,6.6
2010-04-08,4.1,6.5,2.2,1028.0,13.4,7,2.6
2010-04-09,5.5,10.9,0.8,1028.7,9.4,101,0.0
2010-04-10,6.9,13.7,0.1,1025.6,11.7,98,0.0
2010-04-11,6.6,13.5,-1.4,1027.1,13.2,72,0.0
2010-04-12,5.1,9.1,2.0,1027.1,15.5,64,0.0
2010-04-13,4.3,10.1,-2.2,1022.7,8.3,94,0.0
2010-04-14,6.4,12.4,0.4,1016.5,12.3,288,0.4
2010-04-15,4.7,9.5,-1.7,1015.9,11.1,342,0.0
2010-04-16,7.1,14.8,-1.2,1011.5,16.5,189,0.0
2010-04-17,7.0,9.6,4.2,1007.0,14.1,222,6.2
2010-04-18,4.8,8.7,-0.4,1007.4,31.3,250,0.7
2010-04-19,8.2,14.5,3.4,1010.9,20.4,242,0.1
2010-04-20,6.7,10.5,3.0,1012.2,9.0,32,1.9
2010-04-21,4.5,7.3,0.7,1008.7,16.0,65,8.8
2010-04-22,7.6,11.1,4.9,1000.3,13.3,240,4.3
2010-04-23,3.7,6.8,1.2,1003.0,24.6,262,10.8
2010-04-24,3.5,8.1,0.4,1013.8,24.0,233,4.3
2010-04-25,3.0,6.5,-0.2,1022.4,25.4,305,0.5
2010-04-26,3.7,8.9,-2.1,1029.4,16.2,330,0.0
2010-04-27,6.7,13.5,-1.5,1024.3,12.3,231,0.0
2010-04-28,7.9,10.9,4.9,1014.2,14.8,259,0.2
2010-04-29,5.9,10.3,-0.6,1015.0,17.2,268,0.2
2010-04-30,10.1,14.4,6.2,1009.8,19.3,223,2.2
2010-05-01,13.9,18.6,9.6,1006.2,24.0,221,2.6
2010-05-02,13.2,16.9,9.9,1010.1,13.7,242,7.1
2010-05-03,11.9,15.1,7.6,1015.1,10.6,347,0.0
2010-05-04,14.4,19.1,10.9,1013.4,28.8,198,4.3
2010-05-05,10.0,13.4,5.8,1015.6,12.8,329,20.2
2010-05-06,7.4,11.2,3.9,1022.4,14.0,37,1.1
2010-05-07,11.5,17.1,6.8,1019.6,18.0,93,0.0
2010-05-08,17.1,23.7,11.1,1014.1,16.8,133,0.0
2010-05-09,17.6,22.5,13.4,1009.2,17.8,146,7.0
2010-05-10,16.2,20.1,13.1,1008.6,17.7,152,10.3
2010-05-11,16.2,20.4,12.7,1014.4,13.5,142,13.8
2010-05-12,17.2,22.4,10.9,1017.4,13.5,119,3.5
2010-05-13,18.5,23.0,13.5,1017.6,16.4,114,0.0
2010-05-14,17.9,22.3,12.6,1015.4,19.0,105,0.0
2010-05-15,17.8,23.4,13.2,1011.9,14.4,97,0.9
2010-05-16,16.6,20.5,13.0,1009.2,14.1,100,4.1
2010-05-17,16.3,19.8,14.1,1009.0,16.9,91,9.9
2010-05-18,17.1,21.1,13.6,1014.4,20.7,85,0.0
2010-05-19,14.8,18.7,10.7,1020.7,21.2,78,0.0
2010-05-20,16.2,21.3,9.6,1023.6,14.3,56,0.0
2010-05-21,17.5,22.5,10.3,1022.3,7.6,45,0.0
2010-05-22,17.3,22.6,11.3,1016.8,8.6,321,0.5
2010-05-23,15.6,20.4,10.3,1009.7,7.3,151,6.5
2010-05-24,15.0,19.2,10.8,1001.1,13.7,209,2.6
2010-05-25,10.8,13.2,9.0,999.4,10.5,346,4.3
2010-05-26,10.6,13.6,7.5,994.3,16.8,290,4.8
2010-05-27,10.6,13.4,8.4,999.7,22.0,288,2.0
2010-05-28,11.8,13.3,10.5,1009.2,15.5,305,0.0
2010-05-29,13.8,18.4,6.9,1015.5,11.2,217,2.7
2010-05-30,13.7,17.1,10.3,1016.6,11.4,286,0.2
2010-05-31,14.9,20.6,7.9,1014.8,12.0,95,5.1
2010-06-01,16.4,19.4,13.4,1011.9,15.5,116,8.5
2010-06-02,17.9,21.6,14.5,1012.2,10.7,175,6.4
2010-06-03,19.9,24.4,14.8,1011.9,9.4,264,0.2
2010-06-04,16.8,21.1,11.8,1005.1,18.6,359,29.6
2010-06-05,12.2,14.2,10.2,1009.7,23.6,311,0.0
2010-06-06,12.2,15.8,8.7,1015.6,16.9,274,0.4
2010-06-07,14.8,19.4,10.1,1011.0,17.4,230,6.3
2010-06-08,15.6,18.6,12.9,1007.3,19.3,212,9.8
2010-06-09,13.6,14.6,12.8,1013.0,11.5,341,0.4
2010-06-10,13.2,14.7,11.1,1017.4,12.1,137,3.7
2010-06-11,14.1,17.7,10.0,1013.3,15.1,119,0.1
2010-06-12,20.7,24.6,16.0,1001.6,30.1,232,0.9
2010-06-13,16.0,18.0,13.0,1002.6,24.7,248,11.8
2010-06-14,14.2,16.7,11.8,1012.6,18.4,278,0.2
2010-06-15,14.1,14.9,13.0,1014.4,10.5,180,5.9
2010-06-16,13.7,16.3,11.0,1011.3,17.3,298,3.4
2010-06-17,11.4,14.4,8.7,1012.5,26.3,306,0.6
2010-06-18,12.8,16.4,7.9,1013.0,10.2,275,0.0
2010-06-19,14.9,18.8,9.0,1013.7,18.0,151,0.0
2010-06-20,18.0,22.2,14.8,1016.4,18.5,158,0.2
2010-06-21,19.9,25.1,14.0,1016.9,19.8,151,0.0
2010-06-22,21.2,26.0,16.6,1013.4,15.8,160,0.0
2010-06-23,20.6,24.5,16.3,1010.7,18.3,60,0.5
2010-06-24,21.8,26.5,16.5,1011.5,13.4,104,0.1
2010-06-25,23.5,29.1,16.3,1011.8,9.9,153,0.0
2010-06-26,23.4,29.2,17.4,1011.2,17.9,154,0.2
2010-06-27,19.9,21.7,16.3,1014.1,13.7,294,3.3
2010-06-28,17.3,21.2,13.0,1020.2,12.2,342,0.0
2010-06-29,18.8,23.9,11.6,1019.8,9.4,351,0.0
2010-06-30,19.6,23.9,13.5,1019.8,10.8,84,0.0
2010-07-01,19.7,24.2,14.1,1017.4,12.4,144,0.0
2010-07-02,20.7,25.5,14.3,1013.8,10.3,160,0.1
2010-07-03,20.9,24.3,17.1,1015.3,17.2,12,0.0
2010-07-04,20.1,23.6,15.5,1019.4,14.2,39,0.0
2010-07-05,21.0,25.4,14.9,1018.2,10.6,89,0.0
2010-07-06,22.3,27.2,16.0,1013.3,15.6,105,0.0
2010-07-07,22.7,26.8,17.9,1010.4,16.5,115,0.0
2010-07-08,22.5,25.9,18.5,1013.8,11.7,131,0.6
2010-07-09,21.9,26.7,17.3,1017.1,8.5,222,3.8
2010-07-10,22.2,26.2,17.0,1019.9,10.4,326,0.6
2010-07-11,23.0,26.5,18.7,1020.8,12.5,357,0.0
2010-07-12,23.9,28.7,17.4,1020.5,11.5,33,0.0
2010-07-13,24.5,29.1,18.5,1018.0,13.0,92,0.0
2010-07-14,24.7,29.2,19.0,1016.3,10.8,111,0.0
2010-07-15,25.8,30.7,19.3,1016.7,8.9,149,0.0
2010-07-16,26.6,31.6,19.5,1017.8,8.9,267,0.0
2010-07-17,25.5,29.4,21.4,1018.3,16.6,308,0.0
2010-07-18,24.1,27.6,19.2,1018.4,10.5,28,0.2
2010-07-19,25.1,30.1,20.4,1017.3,11.4,187,0.2
2010-07-20,23.4,26.5,20.2,1017.9,10.3,330,0.0
2010-07-21,23.7,27.8,19.0,1017.8,7.6,68,0.0
2010-07-22,25.6,31.7,20.1,1016.6,14.4,137,1.3
2010-07-23,26.5,32.5,19.1,1015.5,11.0,199,0.0
2010-07-24,27.8,34.0,21.3,1013.9,13.2,126,0.0
2010-07-25,26.6,32.8,20.8,1013.7,15.5,103,1.5
2010-07-26,27.9,33.9,22.4,1014.5,14.7,103,0.2
2010-07-27,27.9,32.3,23.6,1015.5,19.5,137,1.0
2010-07-28,28.3,34.7,23.7,1012.2,21.0,120,1.3
2010-07-29,27.2,31.9,22.3,1008.0,19.6,145,2.1
2010-07-30,22.3,25.4,19.2,1015.6,14.9,202,0.3
2010-07-31,22.5,26.2,17.9,1019.7,8.0,249,0.0
2010-08-01,23.4,27.7,17.7,1018.8,8.2,191,0.0
2010-08-02,24.2,28.9,19.0,1015.7,12.7,71,0.1
2010-08-03,24.7,29.4,19.2,1014.5,10.1,325,0.0
2010-08-04,27.8,34.6,21.8,1011.6,15.7,136,0.1
2010-08-05,27.9,34.0,21.8,1012.8,20.9,159,1.0
2010-08-06,28.3,35.1,22.2,1018.5,13.2,139,1.0
2010-08-07,28.9,35.0,23.7,1021.3,11.5,150,0.0
2010-08-08,28.6,35.0,22.2,1019.1,14.6,132,0.4
2010-08-09,28.2,33.8,23.5,1015.8,12.7,153,0.3
2010-08-10,25.7,29.3,23.0,1014.4,10.8,278,2.3
2010-08-11,22.2,25.1,18.7,1016.9,8.4,334,3.5
2010-08-12,22.4,26.5,17.7,1021.3,11.4,39,0.0
2010-08-13,23.1,27.3,19.0,1024.0,11.5,76,0.0
2010-08-14,23.7,28.2,18.4,1025.3,9.4,84,0.0
2010-08-15,25.0,30.7,18.6,1021.4,13.5,199,0.0
2010-08-16,23.1,25.9,20.0,1017.7,10.4,313,5.2
2010-08-17,21.0,25.2,17.9,1014.8,13.1,108,3.0
2010-08-18,22.2,26.9,18.7,1003.3,10.2,183,9.1
2010-08-19,17.3,20.3,11.8,997.7,19.4,258,13.3
2010-08-20,11.3,13.3,9.1,1009.2,21.4,28,0.2
2010-08-21,13.7,17.1,10.2,1018.2,12.8,294,0.0
2010-08-22,16.1,20.5,13.8,1010.3,21.8,248,7.0
2010-08-23,17.3,19.4,15.5,1003.5,22.5,256,5.4
2010-08-24,16.5,19.5,12.7,1003.3,13.8,222,0.1
2010-08-25,17.1,21.0,13.7,1001.7,15.2,252,8.6
2010-08-26,13.2,15.7,11.6,999.1,23.4,239,5.4
2010-08-27,13.5,15.9,11.5,1003.3,18.7,268,1.3
2010-08-28,10.8,13.1,8.4,1001.1,27.0,67,22.4
2010-08-29,7.2,8.2,6.9,1000.5,26.7,12,33.6
2010-08-30,8.5,10.4,7.1,1010.1,12.1,337,3.3
2010-08-31,9.6,12.2,7.2,1019.1,8.4,145,0.3
2010-09-01,8.8,11.0,7.4,1016.6,20.8,93,10.8
2010-09-02,11.8,17.2,7.5,1000.8,18.1,104,10.5
2010-09-03,10.7,13.0,8.7,998.7,24.5,201,3.5
2010-09-04,9.0,11.1,7.7,1014.2,24.5,245,1.3
2010-09-05,9.1,12.4,4.9,1023.7,11.4,285,0.0
2010-09-06,10.2,13.4,6.7,1025.2,11.3,328,0.0
2010-09-07,9.7,11.8,6.5,1026.9,9.2,38,0.0
2010-09-08,10.0,12.0,7.2,1027.5,7.5,45,0.0
2010-09-09,12.7,16.4,9.7,1029.3,8.5,327,0.0
2010-09-10,13.7,17.4,8.9,1029.6,4.6,297,0.0
2010-09-11,14.0,16.9,11.7,1026.9,10.9,220,0.6
2010-09-12,13.0,15.4,11.0,1024.2,11.9,277,1.3
2010-09-13,13.2,15.2,11.0,1024.4,8.2,133,0.6
2010-09-14,14.2,18.2,11.0,1020.9,16.1,185,0.0
2010-09-15,15.8,19.2,12.4,1012.8,19.7,180,0.4
2010-09-16,14.6,16.6,13.8,1007.5,20.5,201,16.4
2010-09-17,12.5,14.2,10.1,1008.9,23.7,224,3.6
2010-09-18,11.2,14.2,9.3,1009.3,17.7,200,0.9
2010-09-19,11.1,13.8,9.1,1010.2,20.2,222,0.0
2010-09-20,9.9,13.5,6.5,1016.0,17.4,229,0.0
2010-09-21,10.8,15.6,5.8,1020.9,12.1,200,0.0
2010-09-22,10.2,13.0,7.3,1016.5,10.0,114,1.0
2010-09-23,9.9,12.6,6.9,1016.2,21.1,312,0.1
2010-09-24,10.7,15.1,7.1,1017.2,13.4,237,0.0
2010-09-25,11.9,16.9,7.7,1015.9,15.8,211,0.0
2010-09-26,12.6,17.6,8.6,1015.6,13.2,220,0.0
2010-09-27,12.2,17.2,7.2,1014.0,16.5,76,0.6
2010-09-28,7.8,10.1,5.0,1006.0,21.4,56,16.2
2010-09-29,4.6,6.2,3.1,1011.0,21.4,29,3.0
2010-09-30,5.9,8.9,3.0,1020.1,11.8,5,0.0
2010-10-01,6.5,8.4,4.9,1020.9,13.0,0,0.1
2010-10-02,6.2,8.3,4.7,1025.8,10.2,31,0.4
2010-10-03,4.8,6.1,3.7,1033.7,8.4,92,0.0
2010-10-04,4.7,6.6,2.9,1035.3,7.1,149,0.0
2010-10-05,4.8,7.7,2.6,1035.4,6.2,177,0.0
2010-10-06,3.8,8.5,-0.8,1037.8,7.6,42,0.0
2010-10-07,3.3,8.9,-0.9,1039.3,8.7,19,0.0
2010-10-08,2.8,8.9,-2.1,1038.3,9.7,34,0.0
2010-10-09,2.6,8.5,-2.3,1032.1,8.2,21,0.0
2010-10-10,2.6,8.6,-2.6,1017.2,13.6,237,0.0
2010-10-11,3.5,5.3,1.8,1005.5,19.7,286,1.0
2010-10-12,2.2,4.0,0.5,998.6,19.4,268,4.4
2010-10-13,1.1,2.8,0.3,1001.4,28.3,309,1.9
2010-10-14,2.4,4.7,1.2,1002.5,18.8,254,0.8
2010-10-15,1.5,2.8,0.2,991.0,29.2,251,5.3
2010-10-16,0.5,2.2,-1.0,1010.1,22.2,274,0.0
2010-10-17,-0.0,2.2,-1.4,1021.4,14.2,272,0.1
2010-10-18,0.2,4.2,-3.3,1026.1,13.7,235,0.0
2010-10-19,0.8,3.4,-1.5,1024.5,20.3,168,0.0
2010-10-20,2.4,4.6,0.8,1011.7,24.1,144,7.1
2010-10-21,4.3,5.8,2.5,1000.5,23.2,227,15.2
2010-10-22,2.0,3.0,0.8,1003.2,21.2,228,4.1
2010-10-23,2.1,5.1,0.2,1010.3,31.2,238,3.6
2010-10-24,5.2,7.9,2.4,1013.6,24.1,205,0.0
2010-10-25,5.9,7.8,4.4,1012.1,21.1,205,1.0
2010-10-26,5.1,6.4,3.2,1015.3,14.2,237,2.3
2010-10-27,1.6,2.8,0.7,1019.4,15.3,344,0.0
2010-10-28,0.2,1.3,-0.7,1020.5,13.9,232,0.0
2010-10-29,1.7,3.5,0.4,1008.7,14.8,237,4.5
2010-10-30,4.4,5.6,3.6,1016.2,16.7,259,0.0
2010-10-31,4.7,7.5,2.5,1021.2,20.1,210,0.0
2010-11-01,4.6,6.8,2.7,1016.8,20.1,214,0.0
2010-11-02,4.0,4.6,3.0,1013.4,15.6,234,3.2
2010-11-03,6.0,7.7,4.4,1011.8,20.8,197,0.0
2010-11-04,6.7,7.7,4.1,1000.8,21.9,238,1.2
2010-11-05,3.3,5.0,1.8,997.2,22.0,265,1.0
2010-11-06,2.1,2.9,1.1,998.8,16.2,261,0.0
2010-11-07,0.9,1.9,-0.6,1001.8,15.6,258,0.2
2010-11-08,-0.4,0.7,-1.4,1007.8,13.8,166,3.7
2010-11-09,5.1,8.5,0.9,999.2,15.2,136,11.3
2010-11-10,9.9,11.2,8.7,996.6,21.8,166,5.2
2010-11-11,7.2,10.8,4.5,998.5,23.0,233,1.2
2010-11-12,4.7,5.3,4.2,998.7,22.3,190,0.7
2010-11-13,5.1,6.1,4.5,986.8,26.5,223,4.4
2010-11-14,5.4,6.6,4.7,999.2,26.7,255,0.3
2010-11-15,7.0,9.7,3.7,1010.8,23.8,214,0.8
2010-11-16,5.7,8.4,4.1,1016.4,17.2,282,0.0
2010-11-17,2.7,4.0,-0.2,1028.8,18.4,56,0.0
2010-11-18,0.5,2.6,-0.4,1030.8,22.2,132,3.4
2010-11-19,4.5,5.8,3.0,1023.7,19.7,174,0.0
2010-11-20,2.6,4.4,-0.1,1022.9,19.0,77,4.5
2010-11-21,-1.5,-0.3,-2.2,1023.2,18.0,91,3.6
2010-11-22,-4.0,-2.3,-5.1,1020.3,8.9,63,0.0
2010-11-23,-3.2,-0.4,-5.9,1011.0,18.6,127,4.4
2010-11-24,0.4,1.2,-0.1,994.9,19.7,95,20.3
2010-11-25,-0.3,0.3,-0.7,991.8,15.6,209,4.2
2010-11-26,-3.1,-0.4,-6.4,1000.6,16.6,231,3.0
2010-11-27,-11.1,-6.5,-14.1,1008.8,11.7,322,0.0
2010-11-28,-15.3,-13.2,-19.6,1017.8,13.5,318,0.0
2010-11-29,-22.2,-18.6,-27.1,1025.4,11.5,355,0.0
2010-11-30,-21.3,-19.2,-25.5,1017.0,14.9,23,0.0
2010-12-01,-26.1,-22.1,-29.3,1023.1,10.2,318,0.0
2010-12-02,-25.7,-20.8,-30.0,1031.1,11.5,213,0.0
2010-12-03,-15.4,-12.7,-19.6,1025.0,17.9,162,0.3
2010-12-04,-8.2,-3.6,-13.0,1012.1,22.0,202,2.2
2010-12-05,-8.7,-6.8,-9.8,1017.7,15.1,236,0.0
2010-12-06,-10.5,-9.1,-11.2,1014.0,18.9,169,0.3
2010-12-07,-6.3,-3.9,-8.9,1010.3,17.3,205,0.3
2010-12-08,-7.3,-6.3,-7.7,1013.7,8.3,224,0.0
2010-12-09,-5.4,1.7,-9.1,1002.8,25.0,126,13.2
2010-12-10,-4.0,1.6,-6.5,990.3,19.0,221,3.5
2010-12-11,-8.4,-6.4,-12.0,1002.3,18.9,242,0.0
2010-12-12,-13.8,-12.2,-14.9,1014.0,15.5,162,0.0
2010-12-13,-8.1,-5.0,-13.0,1014.5,17.0,55,0.8
2010-12-14,-7.0,-4.8,-9.5,1015.7,15.7,69,0.0
2010-12-15,-10.1,-9.3,-11.0,1017.0,10.8,16,0.0
2010-12-16,-12.0,-11.2,-13.1,1011.5,7.4,250,0.0
2010-12-17,-11.1,-9.7,-12.3,1015.0,8.2,208,0.0
2010-12-18,-12.0,-10.6,-12.4,1015.6,24.5,86,3.2
2010-12-19,-7.3,-5.5,-10.2,1010.7,22.8,108,3.8
2010-12-20,-8.0,-5.6,-11.8,1007.4,21.2,136,6.2
2010-12-21,-8.0,-3.4,-11.1,1005.2,21.0,230,2.8
2010-12-22,-8.9,-7.7,-10.1,1017.9,14.5,223,0.0
2010-12-23,-10.7,-8.0,-12.7,1021.5,9.4,13,0.0
2010-12-24,-11.4,-8.7,-13.0,1019.1,17.1,98,7.6
2010-12-25,-7.8,-7.2,-8.5,1010.8,19.0,84,4.4
2010-12-26,-7.8,-7.0,-8.5,1009.0,22.8,77,12.9
2010-12-27,-7.6,-7.2,-8.3,1016.8,13.7,48,2.5
2010-12-28,-8.7,-7.9,-10.2,1023.7,15.2,57,0.0
2010-12-29,-9.9,-8.5,-11.1,1021.9,22.2,81,8.1
2010-12-30,-8.4,-7.4,-9.4,1017.6,16.6,148,0.0
2010-12-31,-11.8,-9.5,-12.7,1010.0,14.1,178,0.0
2011-01-01,-9.8,-7.5,-12.2,1003.3,22.0,162,1.5
2011-01-02,-6.6,-4.3,-7.9,993.5,20.4,132,3.9
2011-01-03,-9.9,-7.7,-10.8,1009.9,13.9,260,0.1
2011-01-04,-8.4,-7.2,-9.5,1019.5,14.5,188,0.0
2011-01-05,-9.5,-8.4,-10.4,1021.0,10.9,209,0.0
2011-01-06,-7.7,-6.7,-9.1,1024.4,18.7,209,0.2
2011-01-07,-8.6,-7.5,-9.4,1024.0,29.7,187,0.5
2011-01-08,-6.0,-5.0,-7.5,1024.0,24.9,190,1.8
2011-01-09,-3.4,-0.6,-6.1,1021.9,19.7,179,1.9
2011-01-10,0.6,1.6,-0.4,1019.0,22.7,207,6.6
2011-01-11,-2.4,0.1,-5.9,1022.3,15.8,246,0.3
2011-01-12,-3.7,0.5,-8.1,1017.9,22.3,191,0.9
2011-01-13,-1.7,-0.1,-2.7,1003.2,23.1,199,2.2
2011-01-14,-3.6,-2.3,-4.9,1005.4,19.2,240,0.0
2011-01-15,-7.0,-4.8,-9.7,1013.3,13.5,277,0.0
2011-01-16,-11.9,-10.3,-13.4,1025.8,12.0,318,0.0
2011-01-17,-14.8,-13.0,-16.3,1025.1,17.9,149,0.5
2011-01-18,-10.7,-8.9,-12.7,1022.1,17.4,164,4.2
2011-01-19,-8.9,-8.3,-9.8,1021.2,18.3,165,4.7
2011-01-20,-8.8,-8.0,-9.7,1023.9,11.0,153,0.1
2011-01-21,-9.8,-9.0,-10.8,1028.8,10.3,120,0.0
2011-01-22,-12.0,-10.8,-13.8,1021.1,9.7,72,1.8
2011-01-23,-13.8,-12.3,-14.8,1015.7,8.0,69,1.4
2011-01-24,-17.2,-14.0,-19.4,1016.7,12.5,315,0.0
2011-01-25,-13.9,-10.7,-19.3,1010.4,19.4,220,0.5
2011-01-26,-10.5,-9.6,-10.9,1009.1,19.6,200,0.5
2011-01-27,-11.6,-10.6,-13.1,1015.3,11.0,307,0.0
2011-01-28,-10.8,-5.5,-14.2,1017.6,19.3,255,0.0
2011-01-29,-3.9,-3.4,-5.0,1007.6,21.9,262,0.0
2011-01-30,-3.3,-2.5,-3.8,994.5,26.3,276,1.0
2011-01-31,-7.7,-4.2,-9.3,1014.6,23.3,303,0.0
2011-02-01,-5.0,-2.1,-8.7,1009.4,18.8,249,0.3
2011-02-02,-1.8,-1.1,-2.6,1008.3,16.8,239,1.2
2011-02-03,-1.0,-0.4,-1.6,1005.9,21.0,265,1.3
2011-02-04,-0.7,0.6,-1.9,1002.8,18.4,241,1.0
2011-02-05,-0.9,0.2,-1.7,989.2,18.7,235,2.3
2011-02-06,-2.8,-1.4,-4.6,992.1,23.4,310,1.4
2011-02-07,-3.3,-2.4,-4.5,1005.5,19.3,283,0.0
2011-02-08,-2.7,-0.4,-3.9,997.7,27.6,177,7.0
2011-02-09,-3.1,-0.4,-6.3,988.2,28.5,309,6.0
2011-02-10,-9.5,-6.7,-12.5,1009.7,18.9,332,0.5
2011-02-11,-13.1,-11.9,-14.1,1012.8,11.5,281,0.0
2011-02-12,-13.3,-11.9,-14.3,1003.1,14.3,66,1.7
2011-02-13,-16.0,-14.3,-17.0,1009.7,21.7,11,0.8
2011-02-14,-17.3,-15.9,-19.5,1017.6,20.3,19,1.2
2011-02-15,-18.5,-15.9,-20.8,1021.0,14.9,346,0.0
2011-02-16,-16.9,-15.0,-19.7,1022.3,11.4,336,0.0
2011-02-17,-22.3,-19.8,-24.1,1028.0,11.4,346,0.0
2011-02-18,-25.7,-22.4,-28.6,1031.3,7.6,338,0.0
2011-02-19,-22.3,-16.5,-27.1,1029.1,9.6,320,0.0
2011-02-20,-20.8,-16.0,-25.1,1029.7,8.7,4,0.0
2011-02-21,-16.9,-13.4,-20.5,1035.1,12.2,94,0.0
2011-02-22,-17.0,-14.7,-19.1,1037.8,17.7,126,0.0
2011-02-23,-15.6,-13.7,-18.0,1039.5,18.9,136,0.0
2011-02-24,-14.3,-12.3,-16.1,1040.6,16.8,148,0.0
2011-02-25,-13.1,-11.4,-15.0,1042.1,9.3,161,1.6
2011-02-26,-12.3,-9.9,-14.0,1039.5,12.1,165,0.2
2011-02-27,-13.3,-11.2,-16.0,1039.2,13.1,162,0.0
2011-02-28,-11.1,-8.5,-12.8,1039.5,11.0,163,0.0
2011-03-01,-11.9,-6.5,-16.1,1038.3,7.2,277,0.0
2011-03-02,-10.9,-6.0,-16.6,1036.5,15.5,309,0.0
2011-03-03,-3.4,0.2,-5.9,1029.6,21.3,268,0.0
2011-03-04,-2.6,-1.0,-3.8,1015.6,24.4,279,0.2
2011-03-05,-1.9,0.1,-3.9,991.7,30.3,279,3.5
2011-03-06,-4.9,-3.1,-7.0,1000.2,23.8,332,0.8
2011-03-07,-7.3,-4.9,-9.1,1023.8,18.3,329,0.0
2011-03-08,-5.8,-1.3,-10.1,1027.2,12.9,246,0.0
2011-03-09,-2.9,1.5,-6.2,1024.9,15.3,227,0.0
2011-03-10,-3.6,-1.0,-5.7,1020.4,20.7,197,0.0
2011-03-11,-4.4,-2.9,-5.9,1012.1,27.4,181,2.4
2011-03-12,-1.4,1.1,-3.1,1009.8,18.4,247,0.5
2011-03-13,-0.1,3.1,-2.5,1018.2,14.6,231,0.1
2011-03-14,1.6,5.7,-1.1,1016.9,13.5,187,0.0
2011-03-15,-0.4,1.6,-2.1,1018.1,25.9,330,0.0
2011-03-16,-3.7,-2.3,-5.3,1032.1,21.7,7,0.0
2011-03-17,-5.0,-0.5,-9.1,1035.1,17.6,34,0.0
2011-03-18,-3.5,0.1,-7.8,1029.3,12.5,71,0.0
2011-03-19,-1.5,0.8,-3.8,1023.3,7.6,58,0.0
2011-03-20,-1.0,1.5,-3.3,1021.4,11.9,218,1.0
2011-03-21,-2.8,1.4,-7.3,1025.6,10.2,227,0.0
2011-03-22,-0.7,2.7,-4.8,1016.5,19.5,226,0.4
2011-03-23,0.8,2.1,-1.9,1007.2,29.6,297,2.0
2011-03-24,-2.7,-1.2,-5.1,998.4,35.0,293,1.3
2011-03-25,-5.9,-4.4,-7.9,996.5,29.5,294,2.3
2011-03-26,-7.0,-4.2,-9.1,1000.2,27.4,294,0.8
2011-03-27,-5.8,-1.3,-10.5,1011.6,21.3,265,0.2
2011-03-28,-2.4,0.7,-5.1,1008.9,31.8,215,0.1
2011-03-29,-2.4,-0.3,-4.3,1007.9,25.1,263,1.2
2011-03-30,-1.8,2.1,-4.1,1007.1,30.4,249,2.4
2011-03-31,-3.4,-0.2,-7.8,1023.9,19.4,311,0.0
2011-04-01,-3.6,2.5,-10.0,1026.9,20.0,179,0.0
2011-04-02,1.8,6.7,-2.8,1023.1,14.9,187,0.0
2011-04-03,4.9,9.7,1.6,1026.9,18.2,216,0.0
2011-04-04,2.7,7.0,-0.6,1024.0,21.3,189,0.0
2011-04-05,3.2,6.6,1.0,1018.1,17.4,200,0.4
2011-04-06,3.3,7.1,0.3,1014.2,13.5,241,0.7
2011-04-07,2.1,3.2,1.0,998.1,12.8,213,5.2
2011-04-08,1.3,3.2,0.2,982.5,13.8,320,7.7
2011-04-09,0.8,1.8,0.2,979.1,33.0,0,20.2
2011-04-10,1.1,2.9,-0.1,992.5,27.8,342,4.2
2011-04-11,-0.2,0.9,-2.2,1005.2,19.2,335,0.1
2011-04-12,-1.1,1.8,-3.3,1005.3,10.4,4,0.3
2011-04-13,-1.1,2.5,-4.5,1006.9,10.1,36,0.5
2011-04-14,-0.9,3.6,-5.6,1009.8,14.9,7,1.3
2011-04-15,1.6,4.6,-1.7,1013.3,14.9,321,0.0
2011-04-16,3.4,8.3,-1.1,1014.0,12.4,257,0.1
2011-04-17,4.6,8.0,1.9,1012.3,17.3,270,0.1
2011-04-18,5.7,9.5,2.2,1006.6,35.5,291,0.0
2011-04-19,2.7,6.3,-0.2,1011.6,27.4,323,0.1
2011-04-20,2.1,5.8,-1.1,1019.5,22.5,337,0.0
2011-04-21,3.5,9.3,-2.9,1020.1,13.4,266,0.0
2011-04-22,6.7,9.5,2.5,1020.0,17.6,309,0.5
2011-04-23,7.2,11.9,1.4,1023.5,8.4,354,0.0
2011-04-24,6.8,12.5,0.7,1022.9,13.4,314,0.0
2011-04-25,7.8,15.1,1.4,1021.5,13.8,309,0.0
2011-04-26,7.9,12.8,1.5,1023.5,12.6,115,0.0
2011-04-27,11.5,19.7,3.6,1022.2,13.0,208,0.5
2011-04-28,10.7,16.7,3.7,1018.8,14.5,334,0.7
2011-04-29,8.8,13.5,2.6,1019.2,13.1,32,0.0
2011-04-30,8.3,12.3,3.9,1015.2,13.5,39,2.3
2011-05-01,5.0,8.1,2.2,1011.0,20.2,323,8.8
2011-05-02,4.4,9.9,-1.2,1015.6,11.4,78,0.2
2011-05-03,7.2,13.5,3.3,1011.4,15.3,32,16.1
2011-05-04,8.7,14.8,3.8,1011.5,11.1,40,5.4
2011-05-05,6.7,9.6,4.3,1013.4,18.0,333,12.1
2011-05-06,9.6,15.8,4.3,1016.5,13.3,19,7.7
2011-05-07,12.5,14.8,10.4,1023.7,15.8,54,0.0
2011-05-08,13.8,17.5,9.9,1029.8,13.1,24,5.2
2011-05-09,11.8,15.3,7.7,1031.5,16.9,30,0.0
2011-05-10,12.6,18.7,4.7,1025.6,13.9,345,0.0
2011-05-11,11.6,14.8,8.3,1022.5,13.7,24,0.0
2011-05-12,11.8,18.4,3.9,1017.0,15.9,204,0.1
2011-05-13,9.3,12.5,6.2,1014.3,18.0,98,0.8
2011-05-14,8.0,10.2,6.0,1013.9,21.8,104,1.2
2011-05-15,9.5,14.3,4.1,1017.8,19.6,90,0.0
2011-05-16,10.3,14.9,3.4,1017.9,19.7,153,0.0
2011-05-17,11.3,13.8,8.9,1016.2,17.8,230,3.7
2011-05-18,11.6,14.1,9.8,1012.1,27.4,237,3.9
2011-05-19,12.2,16.9,7.1,1019.2,15.5,259,0.0
2011-05-20,15.3,20.7,9.9,1017.8,17.9,240,2.1
2011-05-21,15.4,19.8,9.4,1017.7,7.2,289,5.5
2011-05-22,15.8,19.9,11.2,1020.7,11.8,321,0.0
2011-05-23,16.2,22.4,8.3,1019.8,15.8,165,1.2
2011-05-24,13.9,17.5,10.1,1019.7,23.2,280,3.2
2011-05-25,12.4,18.8,7.6,1014.6,23.6,231,5.2
2011-05-26,10.3,13.7,6.0,1015.0,18.7,271,0.9
2011-05-27,12.8,16.9,8.5,1015.7,18.2,286,0.0
2011-05-28,16.0,22.8,9.5,1013.0,19.1,177,2.4
2011-05-29,17.5,21.5,13.0,1014.7,14.7,232,2.0
2011-05-30,16.6,19.2,14.4,1018.2,23.0,259,0.1
2011-05-31,17.7,22.0,12.5,1025.1,12.0,301,0.0
2011-06-01,18.8,23.9,11.8,1025.8,11.0,129,0.0
2011-06-02,20.2,25.0,13.3,1022.7,11.3,231,0.0
2011-06-03,17.7,19.4,14.6,1019.4,24.9,316,0.0
2011-06-04,14.8,17.7,11.0,1018.9,25.3,338,0.0
2011-06-05,17.2,22.3,10.8,1017.4,16.9,338,0.0
2011-06-06,16.4,20.3,11.6,1020.5,12.8,18,0.0
2011-06-07,16.1,20.8,9.3,1018.3,10.6,47,0.0
2011-06-08,17.0,21.3,10.5,1015.0,11.0,31,0.0
2011-06-09,18.2,22.0,13.8,1011.1,11.2,29,0.4
2011-06-10,18.4,21.8,15.3,1007.5,12.6,68,3.6
2011-06-11,19.3,24.1,15.4,1007.3,16.5,27,2.3
2011-06-12,17.8,21.5,13.1,1009.6,12.7,35,0.0
2011-06-13,16.9,20.5,13.6,1008.3,12.7,329,5.1
2011-06-14,14.4,17.5,12.1,1009.1,11.6,50,9.2
2011-06-15,14.6,18.6,8.1,1010.3,7.8,260,0.3
2011-06-16,14.5,16.3,12.6,1009.7,21.3,268,0.7
2011-06-17,14.4,18.1,10.6,1012.6,17.4,315,0.0
2011-06-18,15.5,19.7,12.2,1009.4,17.3,226,3.7
2011-06-19,15.4,17.8,11.2,1005.4,17.7,127,5.6
2011-06-20,15.7,20.3,11.1,999.7,21.6,211,9.8
2011-06-21,14.7,18.7,9.9,1007.3,16.8,237,0.3
2011-06-22,15.5,18.9,11.2,1011.9,14.8,287,0.0
2011-06-23,17.1,21.7,11.0,1013.3,8.1,245,0.6
2011-06-24,16.5,17.5,14.9,1010.9,12.0,322,0.8
2011-06-25,16.9,19.3,14.6,1008.8,12.7,357,1.9
2011-06-26,16.4,19.8,14.6,1006.7,15.1,7,36.0
2011-06-27,17.7,21.8,14.4,1012.0,16.2,350,2.3
2011-06-28,20.6,24.4,16.6,1015.8,16.1,20,1.1
2011-06-29,20.5,24.5,16.7,1018.4,17.1,46,0.4
2011-06-30,22.3,26.5,17.7,1018.0,15.7,83,0.3
2011-07-01,22.5,26.0,18.5,1015.1,15.0,95,0.0
2011-07-02,20.7,25.2,17.2,1009.5,17.3,121,6.0
2011-07-03,19.4,23.8,14.0,1009.1,11.5,172,1.9
2011-07-04,20.2,24.8,14.7,1010.9,11.5,54,3.0
2011-07-05,19.6,22.1,17.5,1010.9,23.7,58,1.8
2011-07-06,19.2,22.1,16.9,1008.3,17.5,112,9.2
2011-07-07,19.8,24.0,15.4,1011.5,11.0,157,1.7
2011-07-08,19.6,23.9,16.3,1012.0,14.3,47,7.5
2011-07-09,18.9,22.2,16.3,1011.5,14.3,357,8.8
2011-07-10,20.2,23.7,17.0,1014.3,17.9,14,0.5
2011-07-11,21.3,25.5,15.2,1017.1,8.6,81,0.0
2011-07-12,21.6,25.9,16.0,1013.8,16.8,191,0.0
2011-07-13,20.2,22.9,17.3,1015.0,12.6,297,0.0
2011-07-14,19.4,22.7,15.5,1018.6,9.6,291,0.0
2011-07-15,21.0,25.3,16.3,1017.4,18.1,166,1.5
2011-07-16,22.1,27.1,18.7,1011.2,20.4,213,7.5
2011-07-17,19.2,23.3,16.8,1009.7,10.2,255,14.3
2011-07-18,19.2,22.9,13.6,1012.9,7.9,5,0.0
2011-07-19,21.5,26.1,15.4,1013.4,11.7,135,0.0
2011-07-20,22.4,26.2,17.5,1012.6,13.1,134,0.3
2011-07-21,21.6,24.2,18.1,1010.7,14.2,120,1.0
2011-07-22,23.0,26.9,18.5,1009.2,20.4,127,0.2
2011-07-23,23.1,26.3,21.1,1009.3,23.6,137,0.0
2011-07-24,20.9,23.7,18.7,1013.5,15.9,179,1.4
2011-07-25,22.1,26.4,17.6,1016.5,13.5,85,0.0
2011-07-26,24.2,28.7,18.5,1016.6,11.9,164,0.0
2011-07-27,24.5,28.6,19.2,1017.5,10.9,151,0.0
2011-07-28,24.7,29.4,19.1,1012.8,8.1,117,0.5
2011-07-29,21.8,24.6,19.3,1008.6,13.6,264,2.5
2011-07-30,21.0,23.9,17.4,1007.6,11.9,302,0.6
2011-07-31,19.2,21.0,16.6,1005.4,14.4,12,1.2
2011-08-01,17.6,19.5,15.6,1007.2,17.2,17,0.0
2011-08-02,15.4,17.5,13.7,1014.3,19.5,34,0.0
2011-08-03,14.3,16.4,11.9,1019.9,16.1,41,0.0
2011-08-04,15.1,18.1,11.9,1018.5,13.9,33,0.0
2011-08-05,16.7,20.6,11.6,1015.9,12.0,333,0.0
2011-08-06,18.6,22.5,13.9,1014.1,13.7,256,0.0
2011-08-07,19.2,22.3,16.4,1011.2,21.6,219,0.0
2011-08-08,21.2,25.6,16.6,1007.6,27.3,198,2.8
2011-08-09,18.4,21.0,15.7,1005.6,23.2,215,13.6
2011-08-10,16.8,19.9,13.3,1010.8,15.8,210,0.0
2011-08-11,15.7,18.6,13.2,1011.8,16.1,221,2.3
2011-08-12,14.9,18.2,10.4,1015.0,13.4,205,0.0
2011-08-13,18.7,23.8,13.0,1015.0,11.0,129,0.0
2011-08-14,21.0,26.6,16.1,1014.5,14.0,58,3.9
2011-08-15,22.9,28.0,18.2,1014.9,11.4,75,0.0
2011-08-16,22.6,26.9,18.6,1013.6,11.8,94,1.6
2011-08-17,21.3,25.0,18.2,1011.3,10.6,123,21.0
2011-08-18,16.8,18.7,14.1,1011.4,20.2,277,30.4
2011-08-19,16.2,20.7,12.3,1014.6,11.7,261,2.5
2011-08-20,14.9,18.8,11.2,1009.3,14.8,144,6.3
2011-08-21,15.7,18.7,13.6,1011.8,17.2,40,4.0
2011-08-22,15.3,18.7,11.1,1017.6,8.7,48,0.0
2011-08-23,15.1,18.8,9.9,1017.5,11.1,93,0.0
2011-08-24,15.1,18.3,12.0,1021.1,11.6,61,0.0
2011-08-25,16.5,20.1,12.1,1023.7,5.2,192,0.0
2011-08-26,16.8,21.0,12.8,1025.2,11.2,257,0.1
2011-08-27,18.0,22.6,12.8,1024.4,11.2,242,0.0
2011-08-28,18.2,23.8,12.8,1019.0,15.5,226,0.0
2011-08-29,17.3,19.9,14.0,1014.6,13.2,240,0.3
2011-08-30,17.1,19.5,15.1,1009.1,25.0,226,4.6
2011-08-31,14.2,17.5,11.9,1011.2,15.6,212,4.6
2011-09-01,13.3,17.3,9.4,1010.9,10.1,235,0.5
2011-09-02,12.4,16.2,7.7,1009.5,10.2,270,0.5
2011-09-03,12.3,16.0,9.1,1010.3,11.5,284,2.2
2011-09-04,11.9,14.8,9.8,1016.7,14.8,319,0.9
2011-09-05,11.8,15.2,8.3,1022.0,11.3,336,0.0
2011-09-06,12.2,16.4,7.1,1019.9,6.2,174,0.0
2011-09-07,13.4,18.6,7.5,1010.7,8.2,155,0.0
2011-09-08,12.0,14.4,9.4,999.3,11.7,127,3.3
2011-09-09,10.6,12.1,9.7,994.7,11.5,31,8.6
2011-09-10,11.6,13.6,10.5,998.5,23.2,318,6.1
2011-09-11,12.1,13.1,11.2,1003.8,25.7,317,2.9
2011-09-12,12.8,14.1,10.3,1009.3,18.7,326,1.5
2011-09-13,11.9,13.6,9.8,1004.9,18.6,182,3.9
2011-09-14,14.1,16.8,12.2,1001.4,30.9,245,0.0
2011-09-15,13.2,15.6,11.2,1004.2,28.8,242,0.9
2011-09-16,10.3,12.5,8.8,1004.5,21.5,243,4.2
2011-09-17,10.6,12.4,9.1,1009.8,17.7,288,3.1
2011-09-18,10.9,13.5,9.1,1018.1,14.5,293,0.1
2011-09-19,10.2,14.4,5.4,1023.5,10.1,199,0.0
2011-09-20,13.0,17.6,9.0,1018.6,16.7,219,1.4
2011-09-21,12.1,13.8,10.8,1017.8,18.2,295,0.2
2011-09-22,13.1,16.5,10.5,1013.3,22.8,232,1.4
2011-09-23,12.3,14.0,9.6,1005.4,22.4,248,5.2
2011-09-24,10.1,12.8,8.0,1006.3,21.1,255,0.0
2011-09-25,8.6,10.4,7.2,1013.2,18.5,301,1.8
2011-09-26,7.7,9.8,4.7,1022.1,13.4,304,0.0
2011-09-27,9.0,13.5,3.9,1020.2,17.1,251,0.5
2011-09-28,10.5,12.4,7.9,1015.2,21.3,300,0.3
2011-09-29,7.8,9.3,6.0,1014.4,17.5,326,0.1
2011-09-30,9.8,13.7,7.2,1014.2,18.5,251,0.1
2011-10-01,10.3,13.6,7.7,1009.8,28.9,337,2.4
2011-10-02,6.6,7.8,5.4,1017.8,27.4,357,0.5
2011-10-03,7.1,11.1,3.9,1012.6,11.6,255,2.9
2011-10-04,10.4,12.2,8.4,1005.2,13.5,247,1.3
2011-10-05,10.9,12.4,9.0,1000.9,23.8,257,2.0
2011-10-06,10.0,11.9,8.2,1005.2,19.7,248,0.5
2011-10-07,13.4,16.0,11.5,1001.8,27.8,221,0.8
2011-10-08,11.4,13.8,9.4,1000.4,19.1,157,10.0
2011-10-09,8.7,13.0,6.3,1009.4,26.1,242,2.2
2011-10-10,7.0,8.3,5.5,1011.6,11.0,61,2.7
2011-10-11,5.9,7.4,4.3,995.9,33.4,217,4.0
2011-10-12,5.9,8.2,3.6,999.2,19.5,221,0.5
2011-10-13,3.9,5.3,3.0,1003.0,12.4,285,2.2
2011-10-14,3.2,5.7,1.6,1015.8,16.6,341,1.4
2011-10-15,1.0,3.2,-0.5,1027.7,13.7,353,0.0
2011-10-16,1.3,3.3,-0.6,1029.8,15.2,256,0.0
2011-10-17,3.8,6.3,2.0,1026.3,12.8,235,0.0
2011-10-18,3.9,6.5,1.6,1023.2,16.6,207,0.0
2011-10-19,2.8,3.9,0.9,1016.1,20.2,185,0.0
2011-10-20,5.3,8.3,2.7,1015.5,17.8,215,0.1
2011-10-21,4.7,6.5,3.1,1016.9,20.1,240,5.8
2011-10-22,4.6,6.6,2.7,1023.9,22.7,248,0.7
2011-10-23,6.1,7.5,4.2,1023.7,21.7,297,0.3
2011-10-24,2.4,3.9,1.3,1032.9,9.1,49,0.0
2011-10-25,3.9,6.5,1.5,1031.6,11.3,267,0.1
2011-10-26,4.1,4.6,3.2,1030.9,7.2,332,0.1
2011-10-27,2.8,3.5,2.2,1033.6,5.6,299,0.0
2011-10-28,3.2,6.7,0.9,1033.3,13.7,224,0.0
2011-10-29,2.7,4.8,0.7,1026.0,20.1,244,0.0
2011-10-30,5.3,6.3,4.6,1020.4,17.5,267,0.0
2011-10-31,6.3,7.7,4.8,1010.9,19.7,256,3.0
2011-11-01,6.4,7.4,5.7,1016.6,17.4,320,0.0
2011-11-02,5.7,6.1,5.3,1022.2,15.1,264,0.0
2011-11-03,5.8,6.5,5.1,1019.1,15.1,273,0.0
2011-11-04,6.1,6.6,5.0,1021.7,9.0,27,0.4
2011-11-05,0.8,4.8,-3.3,1032.5,15.0,104,0.0
2011-11-06,-4.0,-3.2,-4.9,1041.6,13.2,142,0.0
2011-11-07,-1.9,0.2,-4.0,1033.9,16.4,216,0.0
2011-11-08,1.8,3.9,0.3,1017.3,24.7,296,1.7
2011-11-09,0.7,1.4,-0.1,1018.3,27.5,355,0.0
2011-11-10,0.6,2.0,-1.0,1029.5,20.8,15,0.0
2011-11-11,0.2,1.8,-1.3,1031.6,18.4,318,0.3
2011-11-12,1.3,2.3,0.4,1035.3,12.2,9,0.0
2011-11-13,0.9,1.5,-0.3,1036.5,14.2,258,0.0
2011-11-14,0.6,2.5,-0.3,1018.1,20.2,250,0.9
2011-11-15,-1.2,2.8,-2.9,1013.0,18.8,326,0.6
2011-11-16,-1.7,0.2,-3.5,1017.8,18.8,299,0.3
2011-11-17,2.1,3.3,0.4,1009.5,24.6,287,2.2
2011-11-18,1.6,3.2,0.2,1013.2,12.9,272,0.4
2011-11-19,1.7,3.1,1.1,1005.7,26.2,262,7.1
2011-11-20,-2.6,0.8,-4.1,1018.1,23.3,334,0.1
2011-11-21,-4.5,-3.7,-5.8,1026.1,16.9,272,0.0
2011-11-22,-2.9,-1.6,-5.0,1024.0,16.3,340,0.0
2011-11-23,-4.2,-2.3,-6.0,1034.5,13.9,191,0.0
2011-11-24,-0.3,1.1,-2.1,1028.9,24.8,231,0.4
2011-11-25,1.2,2.2,0.5,1019.0,24.6,248,3.2
2011-11-26,1.2,1.8,0.7,1005.0,19.4,229,6.4
2011-11-27,1.7,4.1,0.6,997.1,30.4,232,7.4
2011-11-28,2.8,4.7,0.8,986.1,31.4,259,7.2
2011-11-29,0.2,0.7,-0.4,1009.4,26.7,305,0.0
2011-11-30,-0.9,-0.1,-2.3,1019.4,12.8,193,0.0
2011-12-01,-0.0,0.9,-0.6,1016.7,8.2,267,3.2
2011-12-02,0.0,0.8,-0.6,1014.7,28.0,193,0.6
2011-12-03,0.7,1.9,-1.1,1005.2,28.5,221,7.7
2011-12-04,1.0,3.0,-1.6,998.8,23.7,196,1.6
2011-12-05,1.5,3.1,0.2,990.9,24.0,203,10.9
2011-12-06,0.2,0.8,-0.7,996.2,24.1,232,0.9
2011-12-07,-1.0,-0.1,-2.0,1006.9,17.6,207,0.0
2011-12-08,-1.4,-0.5,-2.6,1012.8,14.0,168,0.3
2011-12-09,-4.0,-2.8,-6.3,1017.1,18.3,148,0.0
2011-12-10,-1.1,-0.0,-2.8,1005.9,22.4,183,3.9
2011-12-11,-1.2,-0.4,-1.7,1007.0,19.3,216,0.0
2011-12-12,-0.1,0.2,-0.5,1014.6,20.0,250,1.8
2011-12-13,-1.1,-0.1,-2.1,1016.2,18.4,185,1.2
2011-12-14,1.0,2.7,-0.1,1013.6,20.3,192,0.5
2011-12-15,2.5,3.5,1.3,1013.0,23.4,191,2.7
2011-12-16,2.1,3.3,0.9,1008.3,24.2,159,9.4
2011-12-17,1.8,2.4,0.7,1002.0,24.1,158,3.4
2011-12-18,0.2,0.8,-1.0,1000.9,26.5,145,7.5
2011-12-19,0.4,0.7,-0.3,1011.8,25.4,204,0.0
2011-12-20,-2.0,-0.5,-3.6,1020.1,24.3,186,0.0
2011-12-21,-4.1,-3.1,-5.0,1010.8,11.3,73,3.8
2011-12-22,-4.4,-3.9,-5.5,1011.3,17.6,1,6.4
2011-12-23,-4.0,-2.8,-5.5,1016.9,17.4,325,0.0
2011-12-24,-6.0,-4.0,-7.4,1016.7,17.6,221,0.0
2011-12-25,-4.5,-2.2,-6.7,1015.2,17.2,230,2.5
2011-12-26,0.5,4.4,-4.6,1003.2,36.4,254,3.8
2011-12-27,2.1,5.6,-1.8,1001.2,36.7,272,2.4
2011-12-28,-1.1,0.6,-2.5,1008.1,33.2,297,0.0
2011-12-29,-1.4,0.6,-2.9,1010.1,23.2,221,0.1
2011-12-30,0.6,1.2,0.0,1003.8,18.9,217,0.0
2011-12-31,-0.9,0.2,-1.6,1007.9,14.4,202,0.0
2012-01-01,-1.7,-0.8,-2.1,1011.3,9.7,145,1.5
2012-01-02,-3.0,-1.5,-6.5,1017.6,13.7,177,0.0
2012-01-03,-4.0,-3.5,-4.4,1012.6,17.8,168,5.2
2012-01-04,-0.9,1.5,-3.4,1002.8,23.6,210,1.1
2012-01-05,0.6,1.6,-0.1,992.9,22.8,208,0.0
2012-01-06,0.1,0.6,-0.4,994.7,21.3,164,1.4
2012-01-07,-0.9,0.7,-4.3,1001.8,17.6,217,1.8
2012-01-08,-4.6,-2.9,-8.2,1013.7,17.9,192,0.0
2012-01-09,-4.5,-1.9,-8.8,1015.3,9.0,26,0.4
2012-01-10,-4.0,-3.2,-4.7,1016.7,10.1,268,0.5
2012-01-11,-3.4,-2.2,-5.5,1015.5,23.5,234,0.9
2012-01-12,-2.4,-0.7,-3.5,1001.5,27.6,229,3.9
2012-01-13,-0.4,1.9,-3.7,986.1,28.2,215,5.6
2012-01-14,-3.3,-2.7,-3.9,998.5,16.2,169,0.0
2012-01-15,-4.9,-3.7,-6.6,1008.5,17.7,28,4.2
2012-01-16,-5.2,-2.7,-6.6,1014.3,17.0,74,2.7
2012-01-17,-8.4,-6.4,-10.7,1022.0,8.9,201,0.0
2012-01-18,-9.3,-7.6,-10.7,1026.2,13.1,192,0.0
2012-01-19,-9.3,-8.1,-10.6,1020.4,26.0,177,0.1
2012-01-20,-7.9,-6.5,-9.2,1013.8,25.3,157,3.5
2012-01-21,-5.7,-2.1,-8.9,1014.4,25.0,147,3.7
2012-01-22,-8.6,-6.0,-11.9,1015.8,26.6,147,3.5
2012-01-23,-13.4,-11.6,-15.2,1020.4,22.7,138,0.0
2012-01-24,-14.3,-11.3,-17.3,1028.5,21.3,134,0.0
2012-01-25,-18.3,-15.1,-20.6,1036.7,16.3,121,0.0
2012-01-26,-19.1,-15.3,-21.7,1045.2,10.7,103,0.0
2012-01-27,-21.2,-17.5,-24.0,1051.6,10.5,97,0.0
2012-01-28,-21.2,-16.3,-24.9,1052.7,11.5,55,0.0
2012-01-29,-19.0,-14.8,-21.4,1053.5,13.7,49,0.0
2012-01-30,-21.5,-18.2,-24.4,1052.5,10.1,37,0.0
2012-01-31,-20.3,-17.8,-22.1,1051.0,13.0,66,0.0
2012-02-01,-23.8,-22.1,-25.9,1048.1,15.0,64,0.0
2012-02-02,-21.0,-17.7,-26.6,1042.6,21.0,83,2.9
2012-02-03,-22.9,-20.4,-25.5,1047.2,12.9,116,0.0
2012-02-04,-23.2,-16.6,-28.5,1049.3,17.1,121,3.2
2012-02-05,-13.5,-11.2,-16.5,1040.5,16.5,150,9.1
2012-02-06,-11.6,-10.3,-12.7,1043.9,14.6,114,3.0
2012-02-07,-14.1,-12.2,-16.0,1047.2,14.6,167,0.0
2012-02-08,-15.5,-13.5,-18.5,1043.2,12.3,113,0.0
2012-02-09,-19.7,-17.2,-22.3,1042.0,14.3,35,0.0
2012-02-10,-19.1,-15.5,-22.1,1039.2,13.8,23,0.0
2012-02-11,-19.4,-17.1,-20.8,1037.1,9.6,41,0.0
2012-02-12,-20.5,-18.6,-27.3,1028.4,11.9,66,0.8
2012-02-13,-26.9,-21.8,-32.0,1024.8,10.1,149,0.0
2012-02-14,-18.6,-13.4,-22.5,1020.9,13.8,160,0.0
2012-02-15,-13.6,-10.1,-16.8,1004.7,10.5,98,1.3
2012-02-16,-12.3,-10.5,-14.4,1014.6,7.5,145,0.0
2012-02-17,-11.0,-8.9,-12.8,1018.2,12.4,130,0.0
2012-02-18,-13.0,-10.8,-14.6,1022.6,13.1,144,0.0
2012-02-19,-13.7,-11.0,-16.3,1027.3,21.3,166,0.0
2012-02-20,-9.2,-7.0,-11.2,1024.3,23.1,191,0.9
2012-02-21,-4.4,-1.7,-6.7,1020.0,23.2,213,0.2
2012-02-22,-2.8,-0.6,-4.8,1011.5,23.2,252,2.6
2012-02-23,-0.7,1.9,-4.3,996.8,23.6,198,7.5
2012-02-24,0.1,1.1,-1.3,991.0,14.0,277,4.8
2012-02-25,-1.7,0.1,-3.1,991.2,7.0,344,0.1
2012-02-26,-3.0,-1.2,-4.1,996.6,9.7,59,0.1
2012-02-27,-5.8,-4.4,-7.3,1008.8,11.8,13,0.0
2012-02-28,-7.2,-5.6,-9.0,1013.6,9.9,234,0.0
2012-02-29,-6.0,-2.8,-8.6,1011.4,10.3,219,0.0
2012-03-01,-4.3,-1.8,-6.3,1014.7,8.5,264,0.0
2012-03-02,-2.4,-0.2,-4.5,1007.2,14.2,171,1.3
2012-03-03,-1.5,0.2,-2.7,1010.0,21.5,22,4.5
2012-03-04,-3.3,-1.8,-6.0,1016.9,26.6,9,0.1
2012-03-05,-7.9,-6.1,-9.4,1019.8,16.2,19,0.0
2012-03-06,-9.0,-7.3,-10.5,1023.9,18.4,9,0.0
2012-03-07,-12.1,-8.9,-14.2,1026.8,13.5,354,0.0
2012-03-08,-13.0,-9.9,-16.2,1027.2,10.9,2,0.0
2012-03-09,-12.9,-7.6,-17.9,1032.8,9.0,3,0.0
2012-03-10,-9.8,-2.5,-18.1,1026.6,20.3,202,1.4
2012-03-11,-2.2,-0.3,-3.4,1009.0,20.2,168,3.9
2012-03-12,-1.2,0.8,-3.2,1003.7,28.2,252,2.4
2012-03-13,-0.9,1.4,-2.4,996.7,30.3,294,2.2
2012-03-14,-2.4,-0.7,-4.0,999.8,25.2,325,2.3
2012-03-15,-6.9,-4.4,-8.4,1013.5,20.3,353,1.3
2012-03-16,-6.3,-2.1,-10.5,1017.8,16.1,255,0.0
2012-03-17,0.7,2.7,-1.9,1010.8,18.4,266,0.0
2012-03-18,1.4,3.2,-0.6,1008.7,19.5,277,0.0
2012-03-19,0.8,2.7,-1.9,1008.9,16.3,191,4.1
2012-03-20,-0.8,1.9,-3.7,1000.4,35.7,278,3.3
2012-03-21,-0.7,0.9,-1.9,1011.1,26.6,314,0.1
2012-03-22,-0.9,3.0,-4.7,1018.8,15.8,295,1.1
2012-03-23,-0.5,1.7,-4.7,1009.4,20.3,331,8.6
2012-03-24,-5.9,-1.3,-10.6,1021.5,10.8,330,0.0
2012-03-25,-3.3,-1.0,-5.2,1010.3,25.2,90,3.9
2012-03-26,-5.1,-0.1,-10.8,1016.9,19.9,346,0.0
2012-03-27,-2.8,0.9,-5.7,1009.4,12.2,328,0.2
2012-03-28,-2.9,2.1,-8.7,1006.3,16.2,244,0.9
2012-03-29,0.5,2.3,-0.5,990.9,16.7,135,4.5
2012-03-30,0.1,2.5,-2.2,989.9,20.3,353,2.2
2012-03-31,-1.2,2.0,-4.4,992.8,12.2,106,0.7
2012-04-01,-3.4,1.0,-7.9,993.0,17.4,339,1.3
2012-04-02,-4.2,0.8,-10.2,993.6,23.6,178,2.0
2012-04-03,-1.5,1.1,-3.3,997.5,23.6,263,3.2
2012-04-04,-1.9,0.8,-4.3,1016.4,19.5,263,0.0
2012-04-05,-1.8,2.0,-5.2,1015.6,12.9,57,0.7
2012-04-06,-0.9,4.8,-6.0,1013.6,17.1,216,0.0
2012-04-07,-1.1,1.0,-3.0,1002.9,11.8,125,5.7
2012-04-08,0.6,4.0,-1.8,997.2,10.0,229,0.9
2012-04-09,0.8,2.9,-0.5,1004.4,17.0,339,1.9
2012-04-10,-0.0,2.5,-2.0,1014.8,15.7,38,0.0
2012-04-11,0.7,4.9,-3.1,1015.2,11.2,92,0.0
2012-04-12,1.8,4.2,0.2,1012.3,16.1,146,0.2
2012-04-13,2.3,9.2,-3.1,1005.8,11.8,145,0.0
2012-04-14,4.2,10.1,-1.0,1005.6,13.2,210,0.0
2012-04-15,4.9,12.3,-1.5,1013.3,10.9,155,0.0
2012-04-16,6.3,9.6,3.5,1008.5,17.7,104,4.7
2012-04-17,8.8,12.5,4.5,1003.0,23.6,209,0.4
2012-04-18,3.9,7.3,-0.0,1009.1,12.1,265,0.0
2012-04-19,3.6,8.6,-3.6,1013.9,18.4,84,0.0
2012-04-20,7.7,12.2,2.3,1007.5,22.3,109,8.1
2012-04-21,11.0,14.0,7.9,1007.4,13.6,193,0.0
2012-04-22,10.6,15.7,4.3,1007.2,11.2,74,0.3
2012-04-23,10.8,15.6,5.4,1006.4,12.3,161,6.9
2012-04-24,11.5,17.4,5.4,1008.9,19.2,200,2.5
2012-04-25,10.2,13.8,5.7,1014.0,12.0,202,0.0
2012-04-26,12.0,19.3,8.0,1014.3,20.4,180,4.6
2012-04-27,12.8,19.1,5.1,1019.5,14.7,240,0.0
2012-04-28,15.3,19.8,10.8,1019.7,20.2,266,0.0
2012-04-29,11.8,16.5,7.2,1017.0,17.3,331,0.2
2012-04-30,8.5,12.3,4.5,1020.2,15.8,351,1.0
2012-05-01,8.3,13.9,3.6,1014.7,32.3,307,0.0
2012-05-02,6.7,11.2,1.3,1016.7,15.5,295,0.0
2012-05-03,9.0,13.1,4.9,1006.3,26.7,288,0.0
2012-05-04,8.0,12.1,2.8,1009.7,14.2,65,0.0
2012-05-05,11.6,17.1,6.2,1005.4,20.5,166,6.2
2012-05-06,14.3,19.3,7.6,1010.1,12.9,194,0.0
2012-05-07,15.3,19.4,11.6,1011.2,16.9,236,0.3
2012-05-08,10.4,12.1,8.8,1019.5,12.2,358,2.2
2012-05-09,6.9,8.5,6.0,1024.0,14.3,39,12.3
2012-05-10,10.6,16.8,4.0,1027.5,11.0,162,0.0
2012-05-11,14.5,20.0,7.9,1021.3,23.5,209,2.9
2012-05-12,16.1,22.8,10.6,1010.0,25.3,237,11.1
2012-05-13,9.2,10.5,6.9,1015.6,16.8,310,0.6
2012-05-14,8.8,13.0,5.1,1023.6,12.5,43,0.0
2012-05-15,8.5,12.5,5.2,1021.9,16.3,95,0.0
2012-05-16,15.6,23.9,6.7,1016.5,20.3,115,0.0
2012-05-17,18.2,22.8,12.8,1014.1,22.9,131,0.0
2012-05-18,15.5,19.2,12.5,1015.7,20.6,184,5.9
2012-05-19,14.3,18.6,9.2,1024.3,8.4,68,0.0
2012-05-20,17.8,23.3,11.3,1022.3,12.2,176,1.1
2012-05-21,19.1,24.5,12.2,1020.3,8.2,191,0.6
2012-05-22,19.6,24.4,13.1,1017.1,12.3,281,0.1
2012-05-23,14.3,16.7,10.1,1019.8,21.9,33,1.8
2012-05-24,10.3,12.9,7.1,1027.7,19.5,48,0.0
2012-05-25,11.0,14.4,5.7,1026.6,15.5,37,0.0
2012-05-26,12.7,17.2,5.3,1019.7,11.2,2,0.0
2012-05-27,14.7,18.6,10.5,1015.3,11.0,345,0.1
2012-05-28,14.3,18.2,9.4,1007.5,10.8,272,1.1
2012-05-29,16.0,20.5,11.2,1004.4,20.4,242,0.0
2012-05-30,14.9,20.7,11.1,1004.0,23.3,196,5.8
2012-05-31,10.3,12.8,8.5,1008.0,18.4,281,0.9
2012-06-01,11.1,14.3,6.9,1011.8,16.3,183,0.0
2012-06-02,11.7,14.7,8.5,1004.5,26.1,151,13.4
2012-06-03,8.7,11.5,5.6,1005.2,18.4,249,5.7
2012-06-04,10.3,13.9,6.0,1008.3,17.9,256,0.0
2012-06-05,12.5,16.6,6.4,1011.6,16.7,223,0.0
2012-06-06,12.5,14.0,10.8,1009.2,10.2,55,5.9
2012-06-07,14.0,17.3,9.2,1006.9,14.4,23,0.0
2012-06-08,12.4,13.4,10.5,1001.5,25.0,6,15.5
2012-06-09,14.9,19.2,10.1,1008.4,22.7,296,0.0
2012-06-10,15.9,20.3,11.0,1011.1,7.6,203,1.6
2012-06-11,16.4,19.2,11.3,1008.5,19.2,156,4.8
2012-06-12,17.7,21.3,14.1,1001.6,17.1,212,9.5
2012-06-13,15.4,19.0,11.2,1007.0,13.3,246,2.9
2012-06-14,16.7,20.5,12.0,1011.2,8.6,10,1.7
2012-06-15,16.8,20.7,12.5,1014.5,16.9,108,13.6
2012-06-16,16.9,20.6,14.6,1013.1,9.4,60,11.3
2012-06-17,18.6,22.8,12.1,1015.5,16.3,247,0.0
2012-06-18,16.5,18.4,14.0,1017.4,24.3,281,0.0
2012-06-19,17.8,22.4,12.5,1015.7,15.8,237,1.5
2012-06-20,16.4,19.1,13.5,1014.7,19.5,303,0.0
2012-06-21,16.2,19.8,10.7,1017.0,10.9,309,0.0
2012-06-22,17.0,21.2,10.9,1018.2,9.5,74,0.0
2012-06-23,17.4,20.4,15.2,1015.7,14.8,137,5.1
2012-06-24,15.4,17.2,13.3,1013.6,20.1,254,3.9
2012-06-25,16.4,20.6,11.3,1012.0,18.9,197,2.5
2012-06-26,15.4,16.7,12.9,1005.2,20.3,186,25.0
2012-06-27,13.8,16.3,11.3,1001.8,15.9,217,5.8
2012-06-28,14.3,17.0,11.3,1006.8,13.0,265,0.2
2012-06-29,14.3,17.5,11.2,1013.8,11.8,333,1.6
2012-06-30,14.3,17.5,9.7,1018.6,9.0,352,0.0
2012-07-01,17.3,22.4,10.9,1018.0,17.0,207,0.0
2012-07-02,20.3,25.2,15.7,1017.0,14.9,239,4.1
2012-07-03,19.7,22.3,16.9,1019.2,14.3,348,0.0
2012-07-04,18.3,22.1,13.7,1019.5,13.6,16,0.0
2012-07-05,19.8,23.8,15.0,1019.9,12.3,44,0.0
2012-07-06,20.3,23.2,17.9,1020.3,14.7,65,0.0
2012-07-07,19.6,23.3,15.1,1018.6,13.3,63,0.0
2012-07-08,20.7,24.2,17.2,1014.9,16.5,157,0.3
2012-07-09,21.6,25.8,19.0,1009.0,17.9,199,14.0
2012-07-10,21.6,24.9,18.5,1010.0,12.6,265,1.7
2012-07-11,20.8,24.3,17.3,1012.0,9.7,240,3.1
2012-07-12,19.1,21.7,16.3,1011.1,11.9,60,13.1
2012-07-13,17.8,22.1,14.2,1005.8,21.6,253,17.3
2012-07-14,16.3,19.8,12.2,1012.1,12.1,217,0.8
2012-07-15,17.7,20.9,14.6,1007.5,18.9,189,0.8
2012-07-16,16.8,19.4,13.8,1007.4,19.4,250,0.0
2012-07-17,15.1,17.6,11.9,1008.9,14.8,260,0.0
2012-07-18,14.1,17.6,10.6,1005.6,14.4,243,2.1
2012-07-19,14.1,17.1,10.7,1002.6,18.3,240,0.1
2012-07-20,12.9,14.7,11.1,1000.4,13.0,208,11.9
2012-07-21,15.2,18.7,11.1,1008.7,13.5,262,4.0
2012-07-22,15.7,19.3,11.8,1017.1,14.1,248,1.7
2012-07-23,16.1,19.5,12.2,1022.8,16.9,273,0.0
2012-07-24,16.8,20.3,14.3,1022.3,19.7,265,0.0
2012-07-25,19.7,22.6,16.4,1021.7,15.6,274,0.0
2012-07-26,20.9,24.9,16.3,1017.5,12.7,226,0.0
2012-07-27,21.3,24.6,17.3,1015.2,8.7,5,1.1
2012-07-28,20.7,24.2,16.9,1017.6,10.6,120,1.8
2012-07-29,22.5,26.9,17.8,1018.9,13.4,152,0.3
2012-07-30,23.4,28.0,18.8,1018.3,11.3,200,0.0
2012-07-31,22.9,27.3,17.5,1016.5,10.7,215,0.0
2012-08-01,20.4,24.1,17.0,1016.5,12.6,300,12.9
2012-08-02,17.2,20.7,13.2,1022.3,11.8,315,0.0
2012-08-03,19.2,23.9,12.9,1020.8,8.3,152,0.0
2012-08-04,20.3,24.8,16.7,1014.1,13.1,165,5.6
2012-08-05,19.8,22.7,17.3,1014.0,10.5,308,0.5
2012-08-06,19.7,23.7,13.9,1017.0,10.0,172,0.0
2012-08-07,22.1,28.5,17.6,1009.5,27.9,193,1.2
2012-08-08,17.8,20.9,14.4,1011.7,23.0,241,0.0
2012-08-09,16.2,18.5,14.0,1014.0,14.5,264,1.7
2012-08-10,14.9,18.1,10.6,1015.3,7.1,342,0.5
2012-08-11,13.9,16.7,11.6,1016.0,13.2,38,10.3
2012-08-12,14.1,17.0,11.7,1019.5,13.0,46,4.3
2012-08-13,14.8,18.1,11.3,1021.3,22.2,49,0.0
2012-08-14,14.2,15.1,12.7,1015.9,28.6,72,4.9
2012-08-15,14.6,15.9,13.9,1013.5,15.4,56,2.8
2012-08-16,15.3,17.4,14.1,1011.7,14.5,45,1.9
2012-08-17,14.6,16.8,13.0,1012.4,14.6,34,1.7
2012-08-18,15.6,18.4,13.8,1013.1,14.2,9,0.8
2012-08-19,16.7,20.7,12.8,1013.4,14.8,281,0.6
2012-08-20,13.6,16.4,9.8,1008.4,22.7,347,14.1
2012-08-21,10.4,13.1,7.9,1018.7,19.8,13,0.0
2012-08-22,11.1,15.9,4.7,1014.6,13.3,214,0.0
2012-08-23,14.9,17.7,12.1,1001.8,26.8,239,6.9
2012-08-24,14.3,16.4,12.6,1005.4,24.1,268,2.5
2012-08-25,14.6,18.8,11.5,1008.3,9.4,233,1.1
2012-08-26,15.5,19.3,12.0,1009.4,9.2,277,1.3
2012-08-27,15.0,17.4,13.1,1008.9,12.7,159,10.2
2012-08-28,15.4,17.4,13.8,1007.4,18.4,341,3.4
2012-08-29,14.3,15.8,12.8,1013.5,18.6,2,0.4
2012-08-30,13.2,15.4,10.8,1018.2,20.3,11,0.0
2012-08-31,10.6,12.2,9.0,1022.0,12.7,353,0.0
2012-09-01,9.3,12.3,6.3,1026.2,8.2,32,0.0
2012-09-02,10.0,13.8,7.0,1022.2,15.9,197,4.1
2012-09-03,13.2,15.6,9.9,1017.6,15.9,258,2.2
2012-09-04,13.0,15.3,10.9,1012.9,14.8,267,3.2
2012-09-05,13.1,16.2,8.9,1010.6,21.3,236,0.0
2012-09-06,13.8,15.6,11.6,1008.1,15.3,252,0.1
2012-09-07,10.3,12.0,8.7,1006.1,17.5,264,1.1
2012-09-08,10.3,12.9,8.0,1001.5,27.0,260,4.2
2012-09-09,8.5,11.0,6.4,1003.0,24.7,305,5.2
2012-09-10,9.3,12.2,6.6,1018.0,21.7,309,0.0
2012-09-11,11.0,16.5,5.3,1018.0,12.5,223,1.6
2012-09-12,15.4,21.8,9.9,1010.5,13.2,227,0.0
2012-09-13,16.1,21.4,11.5,1010.2,14.3,216,0.0
2012-09-14,15.3,18.8,12.1,1009.7,16.6,216,0.0
2012-09-15,13.0,16.0,9.9,1006.4,14.8,241,0.0
2012-09-16,11.5,14.2,9.2,1008.9,20.3,279,0.3
2012-09-17,12.3,15.9,8.9,1018.2,15.0,231,0.0
2012-09-18,13.6,16.4,11.6,1019.4,14.0,205,0.0
2012-09-19,14.2,17.1,11.4,1016.1,19.8,174,0.0
2012-09-20,14.1,16.1,10.2,1014.1,18.8,193,3.6
2012-09-21,8.5,9.4,6.1,1021.0,14.5,355,11.6
2012-09-22,8.3,10.7,5.9,1019.5,17.1,76,4.5
2012-09-23,10.8,12.5,8.0,1004.8,13.8,192,16.6
2012-09-24,8.5,11.0,7.1,999.4,15.0,230,2.0
2012-09-25,8.7,10.9,6.8,1005.2,23.1,288,0.1
2012-09-26,9.6,12.0,7.7,1014.8,10.7,270,0.5
2012-09-27,11.5,15.2,7.1,1016.2,22.3,158,0.0
2012-09-28,13.7,16.2,10.6,1008.2,22.4,223,15.3
2012-09-29,10.2,11.8,8.2,1015.6,23.8,256,0.0
2012-09-30,9.0,9.9,7.8,1011.7,21.7,205,12.6
2012-10-01,8.9,10.8,7.4,1017.5,24.5,284,0.0
2012-10-02,9.8,13.6,6.5,1023.0,13.7,192,3.4
2012-10-03,10.9,12.0,9.6,1017.6,12.6,195,0.6
2012-10-04,11.9,14.2,10.9,1011.6,20.2,193,2.7
2012-10-05,11.1,12.7,8.6,1008.7,18.1,199,3.8
2012-10-06,6.9,9.0,5.7,1002.0,25.6,228,7.0
2012-10-07,7.1,9.5,5.7,1002.6,25.8,244,8.6
2012-10-08,6.5,9.5,4.6,1006.7,10.9,180,0.5
2012-10-09,5.4,8.0,2.6,1003.6,11.3,204,0.2
2012-10-10,4.9,6.0,4.0,998.7,14.2,207,3.8
2012-10-11,5.0,7.0,3.7,1007.6,16.8,222,1.0
2012-10-12,5.2,7.9,1.5,1014.5,11.5,204,0.0
2012-10-13,3.1,6.3,-0.2,1016.3,9.4,282,0.0
2012-10-14,4.5,7.3,2.2,1017.0,15.0,194,0.0
2012-10-15,7.2,9.4,5.4,1018.2,15.5,169,0.0
2012-10-16,9.1,10.7,7.8,1018.7,18.7,181,0.0
2012-10-17,10.0,11.5,8.6,1015.7,19.8,159,9.1
2012-10-18,7.6,11.5,2.9,1020.5,14.8,306,2.6
2012-10-19,7.0,11.8,2.1,1024.0,20.1,217,0.0
2012-10-20,9.2,11.5,7.5,1022.6,21.8,245,0.2
2012-10-21,9.1,11.0,7.5,1019.5,20.4,245,0.0
2012-10-22,5.3,10.0,1.3,1023.2,20.0,32,1.4
2012-10-23,0.1,1.0,-0.8,1026.7,9.0,113,0.0
2012-10-24,-0.4,1.2,-1.6,1017.8,19.2,247,0.0
2012-10-25,2.1,3.2,1.0,1000.9,26.5,220,9.7
2012-10-26,0.4,1.9,-1.8,985.6,27.4,249,4.6
2012-10-27,-0.3,1.8,-2.0,1004.6,31.9,247,1.5
2012-10-28,-1.0,-0.4,-1.6,1004.9,19.6,54,11.2
2012-10-29,-2.4,-0.7,-4.4,1015.1,17.4,319,0.4
2012-10-30,-5.8,-1.8,-11.7,1015.3,24.4,104,4.4
2012-10-31,-2.3,-1.1,-3.8,1004.8,15.9,272,0.7
2012-11-01,-2.3,0.2,-5.5,1022.0,14.0,215,0.0
2012-11-02,0.6,2.6,-1.6,1020.9,22.5,155,0.0
2012-11-03,2.8,4.6,1.7,1009.8,20.6,174,1.9
2012-11-04,4.8,6.7,3.6,1006.3,23.6,216,4.9
2012-11-05,4.8,7.6,3.9,1007.2,24.8,170,12.6
2012-11-06,6.7,9.0,3.4,990.5,25.5,219,7.7
2012-11-07,2.1,3.4,1.1,994.8,27.6,238,3.6
2012-11-08,1.0,2.3,0.4,999.9,24.9,259,0.3
2012-11-09,-0.2,1.9,-3.3,1005.7,14.5,300,1.5
2012-11-10,-2.2,-0.8,-3.8,1024.6,13.1,285,0.0
2012-11-11,-1.6,0.3,-3.2,1027.2,20.3,179,0.0
2012-11-12,2.3,4.0,0.5,1015.9,23.5,216,0.9
2012-11-13,2.5,4.0,0.6,1018.4,22.9,272,0.0
2012-11-14,1.3,3.5,-0.3,1023.0,22.7,277,0.8
2012-11-15,4.2,4.8,3.5,1012.0,29.8,263,2.0
2012-11-16,3.1,3.7,2.5,1015.1,23.8,289,0.0
2012-11-17,2.9,3.6,2.0,1022.4,14.2,255,0.1
2012-11-18,1.2,3.1,-0.0,1022.5,16.1,205,0.0
2012-11-19,-0.0,0.6,-0.4,1020.7,16.1,225,0.0
2012-11-20,0.4,1.2,-0.5,1028.9,15.9,246,0.0
2012-11-21,2.0,3.2,0.8,1032.5,12.5,230,0.0
2012-11-22,2.0,3.1,1.2,1034.1,14.8,205,0.0
2012-11-23,0.6,1.7,-1.1,1029.8,15.5,207,0.0
2012-11-24,-1.0,-0.2,-2.0,1027.3,11.2,203,0.0
2012-11-25,-2.6,-2.2,-3.2,1023.3,12.3,181,0.1
2012-11-26,-2.4,-1.3,-3.4,1015.1,11.7,245,0.9
2012-11-27,-0.7,0.4,-1.3,1015.9,12.8,283,0.0
2012-11-28,-1.5,-0.8,-3.0,1014.3,17.7,98,7.6
2012-11-29,-5.3,-3.3,-7.0,1009.6,26.7,93,21.6
2012-11-30,-6.8,-5.0,-7.9,1001.8,26.8,91,18.7
2012-12-01,-1.2,2.2,-4.8,1006.5,13.0,239,3.1
2012-12-02,-4.7,-2.7,-6.3,1015.9,11.8,222,0.0
2012-12-03,-6.4,-5.3,-7.3,1015.9,14.8,145,0.0
2012-12-04,-7.1,-6.8,-7.5,995.4,18.5,11,7.6
2012-12-05,-6.4,-5.2,-7.1,1004.7,18.5,234,0.0
2012-12-06,-5.4,-4.0,-6.8,1011.9,13.4,146,1.0
2012-12-07,-5.7,-4.4,-7.3,1012.2,18.7,112,3.4
2012-12-08,-7.4,-6.7,-8.1,1016.2,9.4,130,7.3
2012-12-09,-6.9,-5.2,-7.9,1025.3,14.8,187,0.1
2012-12-10,-7.8,-3.9,-9.5,1026.8,17.0,106,1.6
2012-12-11,-1.9,-0.9,-3.0,1022.5,20.6,140,0.4
2012-12-12,-9.8,-3.6,-12.5,1027.6,20.9,128,0.0
2012-12-13,-8.3,-6.8,-12.0,1026.9,25.6,126,6.9
2012-12-14,-9.6,-7.6,-12.1,1038.2,21.9,134,1.0
2012-12-15,-15.7,-12.5,-17.0,1045.3,19.5,138,0.0
2012-12-16,-16.6,-15.4,-17.5,1043.5,21.3,147,0.0
2012-12-17,-18.7,-16.6,-21.8,1040.5,18.0,134,0.0
2012-12-18,-18.9,-17.5,-21.8,1039.7,15.5,130,0.0
2012-12-19,-18.9,-17.6,-21.6,1042.9,14.6,132,0.0
2012-12-20,-21.5,-19.7,-23.4,1041.6,13.7,140,0.0
2012-12-21,-19.0,-17.9,-19.9,1037.4,13.0,104,0.0
2012-12-22,-19.4,-17.9,-21.1,1039.0,13.5,88,0.0
2012-12-23,-25.1,-21.2,-28.0,1039.9,13.4,97,0.0
2012-12-24,-23.9,-17.1,-27.9,1031.1,21.8,155,0.0
2012-12-25,-12.0,-3.6,-16.7,1010.9,26.5,185,4.3
2012-12-26,-0.6,1.7,-2.7,999.3,25.4,242,6.3
2012-12-27,-0.3,1.1,-2.5,1003.2,15.3,214,0.0
2012-12-28,-0.8,1.1,-2.8,1000.6,24.6,220,3.4
2012-12-29,-5.7,-3.0,-8.3,1011.7,26.9,290,3.0
2012-12-30,-10.6,-8.4,-11.9,1020.2,18.4,274,0.0
2012-12-31,-6.2,-1.1,-11.8,1011.3,16.3,205,1.3
2013-01-01,-0.5,1.0,-1.4,1009.5,19.1,196,1.6
2013-01-02,-0.9,0.9,-1.9,1009.5,16.6,223,0.0
2013-01-03,-0.4,0.2,-0.8,1008.4,20.7,237,0.2
2013-01-04,-1.8,-0.3,-4.2,1005.8,9.9,282,0.1
2013-01-05,-4.4,-3.0,-5.9,1008.9,15.6,341,1.4
2013-01-06,-6.6,-5.0,-7.7,1013.0,15.9,11,0.0
2013-01-07,-7.5,-6.7,-8.2,1021.9,16.7,7,0.0
2013-01-08,-10.1,-8.5,-11.1,1025.6,9.5,334,0.0
2013-01-09,-10.8,-9.9,-11.5,1019.6,16.0,229,0.0
2013-01-10,-9.4,-8.5,-10.1,1008.1,16.0,188,4.9
2013-01-11,-12.8,-10.3,-14.6,1012.1,14.2,106,0.2
2013-01-12,-15.0,-14.2,-16.1,1021.0,12.2,71,0.0
2013-01-13,-14.5,-12.0,-16.5,1021.8,13.7,299,0.0
2013-01-14,-10.0,-8.0,-11.8,1023.4,18.2,283,0.0
2013-01-15,-9.2,-8.0,-11.7,1021.8,17.1,253,0.0
2013-01-16,-10.2,-9.0,-11.2,1016.3,11.9,101,4.6
2013-01-17,-11.1,-10.0,-13.3,1017.2,21.1,65,0.0
2013-01-18,-14.8,-13.5,-15.5,1015.6,19.5,57,5.1
2013-01-19,-17.1,-15.3,-19.2,1012.2,8.2,342,0.1
2013-01-20,-18.7,-16.3,-20.5,1006.9,9.1,43,1.9
2013-01-21,-15.0,-13.2,-16.3,1007.1,14.5,355,4.9
2013-01-22,-13.0,-10.4,-15.1,1011.2,15.8,289,0.0
2013-01-23,-9.9,-8.3,-11.2,1009.4,13.4,280,0.0
2013-01-24,-9.5,-8.1,-10.3,1008.4,14.7,272,0.0
2013-01-25,-12.5,-10.2,-14.0,1016.2,16.6,300,0.0
2013-01-26,-13.3,-11.1,-14.7,1022.6,15.7,247,0.0
2013-01-27,-13.9,-12.2,-15.6,1024.2,17.7,219,0.0
2013-01-28,-12.8,-10.5,-15.8,1019.8,16.3,189,0.0
2013-01-29,-9.2,-6.9,-10.7,1016.7,14.2,203,0.0
2013-01-30,-9.4,-7.3,-12.3,1013.7,19.3,184,0.0
2013-01-31,-4.9,-4.0,-7.1,998.8,26.0,173,5.5
2013-02-01,-2.8,-0.8,-4.3,993.0,17.9,169,0.8
2013-02-02,-2.4,-1.0,-5.7,1001.0,12.8,225,1.3
2013-02-03,-2.7,-0.4,-5.6,1001.6,19.7,150,6.8
2013-02-04,-4.0,-2.1,-6.2,1001.2,15.5,313,0.0
2013-02-05,-6.2,-2.5,-10.2,1000.4,14.5,209,0.8
2013-02-06,-1.1,0.5,-3.0,1005.4,16.8,196,0.0
2013-02-07,-0.5,0.3,-1.2,1012.6,15.7,151,0.7
2013-02-08,-1.3,-0.1,-2.3,1016.1,18.6,125,2.9
2013-02-09,-0.0,0.5,-0.7,1017.5,17.9,139,0.4
2013-02-10,-0.4,0.7,-1.1,1014.4,19.1,147,1.7
2013-02-11,-1.3,-0.5,-2.4,1022.4,18.0,188,0.0
2013-02-12,-0.8,0.5,-1.9,1025.9,12.5,87,0.0
2013-02-13,-2.3,-1.0,-3.3,1031.8,10.0,66,0.0
2013-02-14,-3.8,-2.8,-5.5,1033.3,7.5,75,0.0
2013-02-15,-7.2,-5.8,-8.3,1028.2,6.2,41,0.0
2013-02-16,-7.4,-5.7,-8.9,1025.8,7.1,339,0.0
2013-02-17,-9.6,-8.3,-10.8,1024.0,9.5,347,0.0
2013-02-18,-10.7,-8.6,-12.1,1018.9,8.2,340,0.0
2013-02-19,-11.5,-9.4,-13.0,1016.3,6.3,9,0.0
2013-02-20,-11.6,-9.2,-13.2,1021.8,7.1,14,0.0
2013-02-21,-13.7,-11.9,-15.3,1026.6,5.8,19,0.0
2013-02-22,-13.4,-8.9,-16.7,1026.1,9.0,280,0.0
2013-02-23,-11.4,-6.5,-15.1,1031.4,11.3,276,0.0
2013-02-24,-7.7,-2.5,-11.4,1033.9,14.6,274,0.0
2013-02-25,-3.8,0.8,-6.6,1035.8,15.3,266,0.0
2013-02-26,-3.1,0.7,-6.4,1030.7,20.9,262,0.0
2013-02-27,-0.7,0.9,-1.8,1020.4,22.0,294,0.0
2013-02-28,0.5,1.9,-0.8,1005.7,24.3,276,0.8
2013-03-01,-0.5,0.3,-2.9,990.8,24.0,290,10.2
2013-03-02,-9.5,-4.3,-15.7,1006.6,19.2,15,0.2
2013-03-03,-12.2,-9.6,-16.2,1003.0,22.1,117,2.4
2013-03-04,-12.3,-10.4,-15.7,1015.0,20.2,44,0.0
2013-03-05,-14.2,-8.6,-20.5,1023.4,12.4,169,0.0
2013-03-06,-5.2,0.7,-12.0,1010.6,25.7,206,0.0
2013-03-07,-4.4,0.4,-7.7,1003.6,28.6,287,0.0
2013-03-08,-9.1,-6.2,-11.3,1018.4,20.5,314,0.1
2013-03-09,-10.4,-6.3,-13.3,1017.1,15.8,257,0.0
2013-03-10,-12.7,-8.1,-15.9,1014.8,13.3,1,0.0
2013-03-11,-13.5,-8.6,-16.3,1014.9,7.6,118,0.0
2013-03-12,-12.8,-7.3,-17.4,1010.9,10.3,150,0.0
2013-03-13,-9.0,-5.8,-11.4,1007.7,16.3,119,1.4
2013-03-14,-6.9,-3.8,-9.7,1007.8,9.0,86,2.9
2013-03-15,-7.6,-6.0,-8.8,1007.1,29.0,37,11.4
2013-03-16,-8.1,-7.7,-8.8,999.8,27.0,21,18.4
2013-03-17,-8.9,-7.3,-10.7,1014.4,19.1,352,0.0
2013-03-18,-9.3,-7.5,-10.9,1021.9,14.1,52,0.0
2013-03-19,-8.7,-7.3,-11.1,1015.1,17.3,49,0.3
2013-03-20,-8.9,-6.4,-11.3,1011.6,18.2,50,0.3
2013-03-21,-10.3,-8.3,-13.0,1015.9,16.9,11,0.0
2013-03-22,-14.6,-12.3,-16.4,1023.4,12.5,358,0.0
2013-03-23,-14.3,-9.6,-19.5,1025.2,13.6,23,0.0
2013-03-24,-9.3,-6.9,-11.6,1020.8,26.4,33,0.0
2013-03-25,-7.5,-4.5,-10.1,1016.1,28.3,17,0.0
2013-03-26,-7.6,-4.0,-10.9,1015.6,19.2,346,0.0
2013-03-27,-8.4,-4.5,-12.5,1017.4,18.5,330,0.0
2013-03-28,-5.0,0.6,-10.3,1023.1,17.6,294,0.0
2013-03-29,-4.1,1.2,-8.7,1025.9,12.3,265,0.0
2013-03-30,-4.1,-0.2,-8.6,1018.7,29.1,157,1.7
2013-03-31,-1.2,1.8,-3.7,1011.9,12.9,206,0.6
2013-04-01,-0.3,2.2,-2.3,1008.0,27.0,109,8.9
2013-04-02,1.1,2.3,-0.3,1007.6,19.8,234,0.0
2013-04-03,-0.8,2.3,-4.8,1021.7,9.8,341,0.0
2013-04-04,-1.2,2.7,-4.7,1026.4,16.2,87,0.0
2013-04-05,0.1,2.6,-1.7,1011.5,15.7,115,11.0
2013-04-06,0.7,2.0,-0.8,1005.0,15.3,308,0.1
2013-04-07,-0.7,2.4,-3.2,1012.4,11.8,4,0.0
2013-04-08,-1.0,3.1,-4.8,1011.0,15.3,231,0.1
2013-04-09,-0.6,3.2,-4.3,1014.8,6.6,127,0.4
2013-04-10,-0.0,5.5,-5.6,1021.7,14.4,139,0.0
2013-04-11,1.6,6.3,-2.5,1021.4,14.4,146,0.0
2013-04-12,1.7,6.7,-3.0,1020.2,16.6,152,0.0
2013-04-13,3.1,8.9,-2.0,1019.1,20.3,154,0.0
2013-04-14,2.6,3.6,1.8,1022.5,14.3,153,7.7
2013-04-15,4.1,10.4,-1.9,1030.5,10.1,224,0.0
2013-04-16,4.5,8.7,1.8,1030.5,16.3,247,0.0
2013-04-17,6.8,13.7,0.3,1024.3,17.4,214,0.0
2013-04-18,7.6,12.4,4.1,1018.8,19.4,242,0.0
2013-04-19,9.9,14.9,5.6,1013.4,22.2,235,0.0
2013-04-20,6.9,11.3,3.0,1016.9,25.6,269,0.4
2013-04-21,3.7,6.4,0.5,1022.2,22.9,333,0.5
2013-04-22,2.2,7.4,-3.9,1023.3,15.7,13,0.0
2013-04-23,3.5,8.9,-2.8,1019.7,18.6,165,0.0
2013-04-24,5.9,8.8,3.5,1008.0,25.2,252,8.7
2013-04-25,3.5,5.8,1.9,1008.4,21.5,280,5.3
2013-04-26,4.7,8.4,0.7,1011.3,17.0,266,1.7
2013-04-27,5.8,8.3,2.8,1003.4,13.6,291,8.1
2013-04-28,3.6,6.6,0.0,1009.8,10.2,332,0.0
2013-04-29,5.7,11.8,-2.5,1020.3,12.3,250,0.0
2013-04-30,8.4,13.1,5.3,1015.1,24.9,239,2.1
2013-05-01,8.0,11.6,3.6,1020.4,21.4,271,0.1
2013-05-02,9.2,15.1,1.6,1023.7,16.0,246,0.0
2013-05-03,9.9,14.4,4.5,1019.8,13.6,299,0.0
2013-05-04,9.0,11.8,5.7,1017.2,14.7,106,0.0
2013-05-05,11.7,17.6,6.3,1012.3,22.1,307,0.0
2013-05-06,8.4,10.1,6.6,1020.3,26.3,317,0.0
2013-05-07,10.2,15.7,2.2,1026.3,10.9,229,0.0
2013-05-08,14.1,19.4,7.9,1022.5,12.7,294,0.0
2013-05-09,15.3,21.7,6.6,1020.9,13.9,166,0.0
2013-05-10,18.4,24.2,13.2,1012.0,21.6,239,0.1
2013-05-11,18.5,24.1,11.7,1010.0,15.2,250,0.2
2013-05-12,17.1,21.7,11.3,1011.1,9.5,11,0.0
2013-05-13,18.7,24.6,12.5,1010.8,12.8,133,0.1
2013-05-14,19.9,25.2,14.2,1008.9,13.2,195,0.0
2013-05-15,18.9,23.7,12.8,1011.3,11.7,54,2.2
2013-05-16,19.5,24.6,13.0,1013.9,14.4,96,0.0
2013-05-17,20.3,24.2,16.1,1017.9,15.9,101,0.0
2013-05-18,20.1,24.5,15.8,1018.4,15.0,117,0.2
2013-05-19,19.7,24.0,15.2,1017.9,12.5,135,0.0
2013-05-20,18.7,23.8,15.4,1013.7,13.9,36,6.7
2013-05-21,14.8,17.5,12.5,1012.0,19.8,102,5.2
2013-05-22,12.9,14.7,11.4,1007.1,16.6,111,16.1
2013-05-23,13.6,17.1,10.8,1006.2,16.1,120,12.8
2013-05-24,14.8,18.7,9.7,1007.3,16.1,95,2.6
2013-05-25,17.4,21.5,14.4,1004.6,15.3,126,5.0
2013-05-26,16.1,18.8,14.2,1008.5,12.3,270,0.7
2013-05-27,15.1,16.9,13.7,1015.9,17.4,72,0.2
2013-05-28,14.3,15.7,13.3,1015.3,20.0,84,4.6
2013-05-29,14.7,17.9,12.4,1012.1,17.1,101,5.3
2013-05-30,15.4,19.8,9.9,1014.9,9.5,172,1.1
2013-05-31,17.2,21.3,11.0,1014.7,13.0,108,0.0
2013-06-01,18.6,22.4,13.3,1013.3,14.5,75,0.0
2013-06-02,18.9,22.8,14.3,1014.4,19.3,79,0.0
2013-06-03,19.1,23.6,13.4,1015.8,15.8,78,0.0
2013-06-04,19.9,25.0,13.1,1015.5,11.0,27,0.3
2013-06-05,18.4,23.5,14.4,1017.5,13.3,24,4.1
2013-06-06,16.5,20.4,10.2,1020.6,11.2,90,0.0
2013-06-07,16.1,19.8,12.2,1017.5,8.2,117,1.6
2013-06-08,16.5,20.7,12.2,1014.2,6.3,174,8.5
2013-06-09,17.1,22.0,10.8,1011.5,7.6,207,0.8
2013-06-10,18.2,22.2,14.9,1007.8,15.1,188,5.5
2013-06-11,17.1,19.5,13.8,1007.3,18.8,254,1.1
2013-06-12,15.3,18.1,12.2,1014.5,16.3,285,0.1
2013-06-13,15.5,18.4,11.0,1020.2,8.7,307,0.0
2013-06-14,17.9,21.5,13.4,1018.2,19.3,197,0.0
2013-06-15,18.9,22.4,16.3,1015.0,18.5,236,0.3
2013-06-16,17.5,22.2,12.4,1014.7,14.2,216,1.6
2013-06-17,16.6,20.1,13.9,1012.0,18.0,256,2.0
2013-06-18,14.6,17.3,11.0,1015.0,16.7,286,0.0
2013-06-19,16.1,19.9,11.6,1018.1,13.1,326,0.0
2013-06-20,16.6,20.3,11.6,1018.9,12.4,345,0.1
2013-06-21,16.2,20.4,10.1,1016.9,15.7,22,0.0
2013-06-22,16.8,21.2,11.0,1014.2,15.6,26,0.0
2013-06-23,17.0,20.1,13.4,1015.0,9.4,85,0.0
2013-06-24,20.2,25.8,12.8,1015.5,9.7,23,0.4
2013-06-25,23.1,28.2,17.0,1015.4,10.3,68,0.1
2013-06-26,23.4,27.5,18.2,1016.7,12.3,133,2.6
2013-06-27,22.2,26.3,19.0,1018.5,7.6,165,6.7
2013-06-28,21.8,25.5,17.3,1018.6,8.2,348,0.0
2013-06-29,23.4,28.0,18.5,1011.5,9.8,111,3.8
2013-06-30,20.9,26.0,16.6,1008.6,10.9,73,12.6
2013-07-01,17.9,19.1,16.6,1009.8,17.3,123,17.7
2013-07-02,17.2,18.3,16.1,1015.0,6.4,43,14.6
2013-07-03,18.7,22.6,15.3,1018.1,5.4,339,8.6
2013-07-04,21.0,25.0,16.8,1021.4,8.3,8,0.3
2013-07-05,21.7,25.9,15.4,1022.3,6.3,21,0.0
2013-07-06,22.4,26.4,18.1,1021.1,6.9,289,4.1
2013-07-07,19.4,22.1,17.3,1020.7,10.6,323,7.7
2013-07-08,17.5,19.5,15.2,1018.9,15.7,320,12.7
2013-07-09,18.4,21.2,14.8,1016.2,16.6,330,0.1
2013-07-10,17.9,21.1,14.5,1012.3,10.8,341,0.0
2013-07-11,18.9,21.7,15.0,1010.6,6.7,348,0.0
2013-07-12,18.9,22.3,14.0,1013.0,8.4,348,0.2
2013-07-13,18.8,22.6,14.4,1013.8,10.0,38,0.0
2013-07-14,17.9,21.3,13.9,1012.1,11.6,106,3.3
2013-07-15,18.5,21.7,14.7,1008.0,10.5,141,1.3
2013-07-16,17.5,19.9,15.1,1006.4,16.7,312,6.3
2013-07-17,15.3,17.0,12.6,1011.6,17.9,288,0.0
2013-07-18,16.0,19.2,12.1,1012.6,18.5,276,0.1
2013-07-19,16.4,20.4,13.5,1006.0,19.5,223,8.4
2013-07-20,14.9,16.8,13.0,1004.3,16.6,286,3.7
2013-07-21,13.4,15.9,10.9,1005.8,17.6,332,6.3
2013-07-22,14.2,16.7,11.6,997.1,21.7,20,11.9
2013-07-23,15.2,17.8,12.4,1000.0,17.6,72,0.2
2013-07-24,15.7,19.0,10.9,1005.6,10.4,40,0.3
2013-07-25,16.5,19.5,13.1,1007.4,17.2,355,0.7
2013-07-26,15.7,18.0,14.3,1007.7,20.1,339,0.0
2013-07-27,16.1,18.9,14.1,1008.6,19.7,342,0.3
2013-07-28,15.8,17.7,14.1,1013.9,13.3,349,0.0
2013-07-29,17.0,19.5,14.9,1017.0,15.2,349,0.1
2013-07-30,17.6,20.7,14.1,1014.7,13.9,22,0.0
2013-07-31,18.4,22.5,13.1,1011.1,7.5,55,0.1
2013-08-01,17.7,21.4,14.7,1007.9,12.6,267,6.6
2013-08-02,16.1,18.0,14.4,1007.6,14.5,292,0.3
2013-08-03,17.3,20.8,12.6,1010.9,14.6,336,2.3
2013-08-04,18.2,20.9,15.0,1015.1,17.8,355,0.2
2013-08-05,18.8,22.0,14.5,1016.9,16.0,358,0.2
2013-08-06,19.8,23.5,15.6,1018.4,10.5,348,0.2
2013-08-07,20.4,24.8,14.7,1018.1,10.2,346,0.0
2013-08-08,21.4,26.1,17.0,1018.6,9.3,134,0.0
2013-08-09,22.6,27.8,16.8,1015.6,13.3,202,0.0
2013-08-10,21.5,23.9,18.1,1014.3,13.4,288,0.0
2013-08-11,21.2,27.3,16.2,1010.7,18.6,180,1.5
2013-08-12,18.3,21.3,14.9,1013.0,16.1,249,0.0
2013-08-13,17.8,21.5,13.2,1015.4,13.9,193,0.0
2013-08-14,17.4,19.7,14.5,1012.0,18.9,216,1.1
2013-08-15,15.8,18.7,12.7,1016.1,23.2,231,0.0
2013-08-16,15.4,19.0,12.1,1020.4,17.7,265,0.0
2013-08-17,16.0,20.3,10.5,1023.3,7.2,242,0.0
2013-08-18,16.7,21.1,10.7,1023.0,10.1,195,0.0
2013-08-19,18.2,22.1,14.2,1020.9,13.4,177,0.0
2013-08-20,19.5,24.8,14.3,1021.7,12.1,198,0.0
2013-08-21,20.0,25.9,17.1,1020.3,15.8,232,4.9
2013-08-22,18.6,22.9,15.0,1018.1,10.2,140,3.3
2013-08-23,15.1,16.5,12.7,1014.5,18.5,26,12.3
2013-08-24,13.1,15.3,11.0,1018.0,22.7,39,0.0
2013-08-25,13.5,16.7,11.4,1018.0,19.3,41,0.1
2013-08-26,13.3,16.5,10.4,1020.1,15.7,37,0.1
2013-08-27,12.3,14.2,10.4,1024.3,10.7,87,0.0
2013-08-28,12.8,15.9,9.7,1022.2,10.2,143,0.1
2013-08-29,13.7,17.0,11.2,1017.0,10.1,353,1.9
2013-08-30,14.4,19.4,8.0,1016.7,6.2,332,0.0
2013-08-31,14.9,18.3,11.3,1012.7,12.4,44,0.1
2013-09-01,14.7,17.7,12.1,1006.7,15.5,353,0.3
2013-09-02,13.4,16.1,10.3,1004.4,16.9,249,1.7
2013-09-03,12.7,16.8,7.9,1005.7,9.0,92,1.4
2013-09-04,11.7,14.5,9.5,1015.3,21.3,16,0.5
2013-09-05,10.5,12.7,8.4,1019.0,26.4,23,0.0
2013-09-06,10.9,14.3,8.6,1015.9,26.1,27,0.0
2013-09-07,10.8,12.3,8.9,1018.6,20.5,23,0.0
2013-09-08,13.3,17.4,9.8,1022.0,11.2,352,0.0
2013-09-09,12.5,15.4,10.3,1020.7,12.4,16,0.0
2013-09-10,11.5,14.6,8.3,1021.0,13.4,76,0.5
2013-09-11,10.6,13.2,8.6,1022.0,8.9,110,0.0
2013-09-12,11.2,14.6,8.0,1020.2,13.7,156,0.9
2013-09-13,11.8,14.6,8.8,1019.1,9.4,152,7.0
2013-09-14,11.9,14.5,10.2,1019.0,16.0,86,0.2
2013-09-15,11.2,13.8,9.4,1014.1,17.5,74,0.7
2013-09-16,12.0,15.3,10.0,1007.2,13.0,75,4.9
2013-09-17,12.4,14.9,10.9,1005.4,12.2,82,1.9
2013-09-18,12.4,16.1,9.1,1007.5,13.9,125,0.0
2013-09-19,12.0,13.8,10.2,1008.7,21.3,99,1.1
2013-09-20,11.7,14.3,9.6,1008.2,19.2,90,1.4
2013-09-21,10.6,12.2,9.3,1008.8,15.6,36,0.0
2013-09-22,10.5,13.2,8.5,1006.7,14.5,299,2.0
2013-09-23,8.5,9.1,8.3,988.0,22.7,132,17.9
2013-09-24,8.0,8.9,6.1,990.0,28.6,14,5.4
2013-09-25,4.8,6.9,2.6,996.5,21.5,311,1.2
2013-09-26,3.3,4.9,1.8,1002.6,24.3,276,0.0
2013-09-27,3.6,6.8,0.9,1005.5,10.3,249,0.6
2013-09-28,2.9,6.6,-0.3,1008.6,11.6,345,1.9
2013-09-29,3.1,5.2,1.3,1012.2,16.3,337,1.3
2013-09-30,1.9,3.1,0.7,1015.3,16.2,327,0.0
2013-10-01,1.8,4.0,-1.3,1017.4,14.8,329,1.3
2013-10-02,1.1,3.7,-1.3,1025.5,14.9,360,0.1
2013-10-03,3.2,6.4,0.2,1030.5,11.5,310,0.0
2013-10-04,5.6,7.3,4.2,1028.4,8.4,318,0.0
2013-10-05,6.0,7.9,4.2,1025.0,13.1,284,0.0
2013-10-06,6.2,10.4,2.2,1018.1,17.9,249,0.0
2013-10-07,8.8,10.4,7.3,1017.5,19.6,265,0.5
2013-10-08,10.2,11.5,9.7,1019.5,16.6,275,0.3
2013-10-09,11.2,12.7,9.9,1016.9,22.0,237,0.0
2013-10-10,10.6,13.3,8.8,1017.3,14.4,201,0.0
2013-10-11,9.1,11.5,6.6,1021.3,11.9,255,0.0
2013-10-12,7.1,9.4,5.3,1026.3,13.0,328,0.3
2013-10-13,7.3,11.1,4.5,1020.5,22.0,283,0.0
2013-10-14,2.4,5.8,-1.2,1022.6,15.3,320,0.0
2013-10-15,4.7,8.0,-0.4,1013.9,21.5,243,0.0
2013-10-16,6.4,8.2,3.1,1005.2,15.5,294,1.1
2013-10-17,1.9,3.8,-1.0,1011.8,11.0,110,0.0
2013-10-18,5.4,7.4,2.3,1007.3,20.2,177,0.5
2013-10-19,3.1,6.4,0.2,1009.1,26.3,277,4.1
2013-10-20,2.6,3.5,1.3,1016.4,21.6,261,1.0
2013-10-21,0.4,2.6,-2.0,1018.0,10.6,329,0.0
2013-10-22,-1.1,0.6,-2.3,1026.9,9.7,73,0.0
2013-10-23,-0.4,2.4,-2.9,1026.7,25.2,196,0.0
2013-10-24,5.6,7.7,2.7,1014.1,25.1,220,8.5
2013-10-25,8.1,9.3,6.5,1010.8,23.1,254,1.7
2013-10-26,6.9,8.2,5.9,1013.0,21.7,247,4.0
2013-10-27,9.3,10.9,7.3,1005.1,17.7,252,1.9
2013-10-28,10.0,11.8,7.5,1000.8,19.1,219,4.4
2013-10-29,10.4,14.1,6.8,999.8,33.4,235,0.0
2013-10-30,8.4,9.7,6.8,1009.4,28.5,249,0.0
2013-10-31,5.6,6.7,3.2,1014.8,21.6,268,3.7
2013-11-01,5.6,7.1,3.7,1018.0,23.0,235,0.0
2013-11-02,6.0,7.0,5.2,1011.4,18.9,233,0.0
2013-11-03,6.0,7.2,4.5,1005.0,17.4,190,1.5
2013-11-04,7.1,9.4,5.5,998.2,33.1,195,8.7
2013-11-05,6.3,9.3,4.0,1001.3,22.9,192,2.2
2013-11-06,10.4,12.5,6.0,994.5,25.3,188,13.6
2013-11-07,4.3,5.0,3.2,1001.2,12.5,326,12.5
2013-11-08,4.5,5.5,3.3,1008.7,19.9,231,0.0
2013-11-09,3.2,4.9,1.3,1016.4,17.6,194,0.8
2013-11-10,7.7,8.9,5.2,1008.5,19.5,201,16.8
2013-11-11,4.3,5.8,3.2,1018.7,10.3,309,1.9
2013-11-12,2.3,3.2,1.2,1028.0,14.8,232,0.0
2013-11-13,1.7,3.0,1.0,1018.9,20.2,219,2.9
2013-11-14,1.9,3.1,0.8,1014.8,15.0,288,1.8
2013-11-15,2.1,2.9,1.3,1022.4,15.3,278,0.0
2013-11-16,1.9,4.5,1.1,1010.3,26.2,244,2.2
2013-11-17,5.1,6.1,3.4,1002.4,31.3,270,0.1
2013-11-18,0.2,2.9,-2.4,1022.2,28.3,295,0.0
2013-11-19,-0.2,1.7,-2.1,1022.1,25.7,197,0.0
2013-11-20,2.3,3.0,1.7,1017.5,20.1,191,0.5
2013-11-21,1.6,3.2,0.4,1016.9,16.0,163,0.7
2013-11-22,3.3,4.0,2.6,1019.0,15.4,171,0.0
2013-11-23,2.8,3.4,2.3,1017.6,11.5,179,4.4
2013-11-24,3.6,4.4,2.6,1009.7,13.2,209,2.0
2013-11-25,1.0,4.0,-2.4,1009.5,21.1,24,9.0
2013-11-26,-3.3,-2.3,-5.4,1012.6,23.5,12,9.6
2013-11-27,-5.2,-1.2,-7.5,1014.2,20.2,246,1.0
2013-11-28,0.7,2.3,-0.9,990.2,25.8,258,3.9
2013-11-29,-1.7,-0.3,-4.3,994.8,19.4,311,1.3
2013-11-30,-6.7,-3.6,-10.0,1011.1,18.4,236,0.0
2013-12-01,-1.1,0.3,-3.2,999.0,23.1,235,4.5
2013-12-02,-4.3,0.3,-9.5,1001.9,32.0,318,1.3
2013-12-03,-5.0,0.7,-11.1,1016.3,22.4,259,3.2
2013-12-04,0.7,1.4,-0.1,1004.6,19.5,247,4.8
2013-12-05,-3.7,-0.1,-7.8,996.0,17.5,293,4.7
2013-12-06,-1.9,-1.3,-3.6,989.5,24.0,174,1.9
2013-12-07,-3.8,-2.6,-5.5,987.7,12.6,149,0.5
2013-12-08,-6.6,-4.8,-8.8,1001.5,11.5,338,0.0
2013-12-09,-9.4,-7.9,-11.7,1012.5,15.3,355,0.0
2013-12-10,-13.2,-11.4,-14.7,1028.8,18.9,334,0.0
2013-12-11,-8.9,-4.5,-13.2,1024.6,14.7,227,1.6
2013-12-12,-0.1,0.9,-4.0,1015.9,20.9,258,0.0
2013-12-13,1.0,3.0,-2.4,1000.5,34.2,277,0.5
2013-12-14,-5.1,-2.8,-7.1,1015.9,22.9,324,0.0
2013-12-15,-11.5,-7.6,-13.6,1028.4,15.8,302,0.0
2013-12-16,-6.4,-1.0,-13.6,1025.2,16.6,229,0.2
2013-12-17,1.3,3.2,-1.2,1015.4,22.9,251,1.8
2013-12-18,0.5,1.8,-0.5,1016.4,22.5,284,2.3
2013-12-19,-1.9,-0.8,-3.0,1023.1,16.8,247,0.0
2013-12-20,-1.9,-0.8,-3.3,1021.9,17.0,213,0.0
2013-12-21,-0.7,0.1,-1.3,1016.2,17.2,259,1.0
2013-12-22,1.2,2.3,0.2,1012.2,22.1,242,1.6
2013-12-23,1.6,2.5,0.7,1008.1,20.7,232,1.5
2013-12-24,0.9,2.2,-0.0,1013.0,24.3,248,0.8
2013-12-25,1.4,2.8,-0.6,1014.9,22.7,211,0.0
2013-12-26,0.5,1.4,-1.0,1016.3,22.2,200,0.0
2013-12-27,-0.8,0.5,-1.6,1016.8,18.9,196,0.0
2013-12-28,-0.5,0.4,-1.6,1018.6,18.5,205,0.0
2013-12-29,0.5,1.9,-0.5,1015.5,20.2,203,0.0
2013-12-30,2.1,3.3,1.2,1016.1,22.1,239,0.3
2013-12-31,0.9,1.6,-0.0,1024.2,20.7,265,0.0
2014-01-01,-1.5,-0.1,-2.5,1026.6,16.9,240,0.0
2014-01-02,-3.0,-2.2,-3.8,1025.7,12.6,197,0.0
2014-01-03,-2.7,-1.8,-3.8,1023.6,13.7,156,0.0
2014-01-04,-1.2,-0.5,-2.0,1019.5,18.4,175,0.2
2014-01-05,0.3,1.4,-1.2,1016.2,17.9,217,1.7
2014-01-06,-0.4,0.2,-1.3,1014.6,10.8,128,0.3
2014-01-07,0.4,1.3,-0.2,1016.1,22.6,186,1.8
2014-01-08,3.4,4.6,0.8,1009.0,25.3,237,0.5
2014-01-09,2.8,3.4,2.3,1003.8,15.4,243,0.1
2014-01-10,1.8,3.3,0.9,993.4,23.1,196,9.8
2014-01-11,-1.0,1.2,-3.5,989.6,24.8,283,1.6
2014-01-12,-2.5,-1.0,-4.1,997.0,20.5,343,3.3
2014-01-13,-7.8,-4.5,-10.8,1000.9,15.0,332,0.2
2014-01-14,-9.5,-7.8,-12.1,1013.9,16.7,303,0.0
2014-01-15,-9.8,-8.8,-11.9,1018.9,10.8,227,0.1
2014-01-16,-9.9,-8.8,-11.6,1013.8,16.4,50,2.5
2014-01-17,-12.8,-11.8,-13.8,1017.6,13.0,1,0.2
2014-01-18,-14.7,-13.9,-16.1,1022.4,11.6,3,0.0
2014-01-19,-17.1,-14.6,-18.6,1030.7,13.9,355,0.0
2014-01-20,-14.5,-12.0,-18.8,1034.7,10.6,295,0.0
2014-01-21,-16.5,-14.7,-18.6,1033.0,5.6,203,0.0
2014-01-22,-18.4,-17.1,-20.4,1028.1,10.3,106,0.0
2014-01-23,-14.8,-11.4,-17.2,1028.7,13.7,37,0.0
2014-01-24,-16.4,-14.9,-17.5,1031.9,13.8,31,0.0
2014-01-25,-14.9,-12.3,-17.4,1032.8,13.7,301,0.0
2014-01-26,-12.3,-10.8,-13.3,1031.0,7.6,328,0.0
2014-01-27,-13.0,-11.9,-13.8,1031.0,11.4,64,0.0
2014-01-28,-16.3,-13.2,-20.1,1038.7,16.6,88,0.0
2014-01-29,-22.3,-19.5,-24.8,1047.0,13.2,105,0.0
2014-01-30,-23.6,-19.0,-26.9,1052.7,10.5,165,0.0
2014-01-31,-19.9,-14.8,-23.4,1053.6,16.9,185,0.0
2014-02-01,-14.3,-10.1,-18.2,1044.6,27.5,181,0.0
2014-02-02,-9.8,-8.4,-10.8,1034.4,27.9,202,0.0
2014-02-03,-9.6,-6.9,-12.5,1028.9,19.6,238,0.4
2014-02-04,-4.7,-2.2,-7.3,1026.8,14.0,287,1.1
2014-02-05,-5.3,-3.9,-6.4,1023.0,11.4,194,0.0
2014-02-06,-8.1,-3.7,-12.5,1015.3,13.5,185,0.0
2014-02-07,-4.0,-1.9,-7.0,1010.8,13.4,203,0.0
2014-02-08,-1.0,1.8,-2.9,1010.3,16.9,173,1.0
2014-02-09,-0.8,0.3,-1.7,1010.8,14.4,166,0.1
2014-02-10,-0.8,-0.0,-1.9,1012.2,16.1,150,1.6
2014-02-11,-2.0,-0.5,-3.2,1012.7,15.8,148,4.9
2014-02-12,0.2,2.1,-1.4,1010.3,23.2,209,1.2
2014-02-13,-0.3,1.0,-1.7,1010.0,15.9,179,3.8
2014-02-14,-0.3,0.9,-1.5,1008.6,9.0,100,3.3
2014-02-15,0.0,1.3,-1.6,1012.0,14.2,237,0.3
2014-02-16,-0.8,1.2,-2.6,1012.2,18.6,188,1.5
2014-02-17,1.0,2.6,-0.2,1004.2,17.9,227,2.6
2014-02-18,0.7,2.0,0.0,1003.1,25.2,261,1.0
2014-02-19,-1.9,-0.0,-6.7,1007.8,23.6,272,0.0
2014-02-20,-4.2,-0.5,-7.6,1007.5,11.2,325,0.0
2014-02-21,-4.3,-0.9,-8.0,1015.8,12.7,114,0.5
2014-02-22,-1.1,1.5,-3.9,1019.9,19.6,161,0.2
2014-02-23,1.2,3.1,0.4,1022.1,14.5,227,0.2
2014-02-24,0.4,2.9,-1.2,1031.8,17.1,225,0.0
2014-02-25,-0.7,1.6,-3.6,1035.8,13.8,204,0.0
2014-02-26,-3.6,1.6,-6.9,1034.2,10.1,149,0.0
2014-02-27,-4.5,0.4,-9.4,1028.5,11.7,157,0.0
2014-02-28,-3.9,1.3,-8.3,1023.2,11.5,158,0.0
2014-03-01,-2.9,1.9,-7.2,1021.0,13.1,143,0.0
2014-03-02,-3.8,-0.2,-8.4,1019.3,12.2,151,0.0
2014-03-03,-1.7,1.9,-4.6,1018.5,11.4,147,0.0
2014-03-04,-1.1,2.5,-4.2,1018.5,10.9,79,0.0
2014-03-05,-2.3,2.2,-6.5,1024.8,9.9,66,0.0
2014-03-06,-0.4,1.9,-1.8,1031.0,8.9,118,0.0
2014-03-07,0.5,3.4,-1.7,1033.0,12.3,198,0.0
2014-03-08,2.4,6.2,0.4,1027.0,28.2,235,2.5
2014-03-09,2.0,6.4,-2.2,1028.9,22.9,260,0.0
2014-03-10,4.5,9.5,0.6,1023.4,22.4,255,0.0
2014-03-11,3.8,6.2,1.3,1017.5,24.7,294,0.0
2014-03-12,2.4,5.9,-0.6,1020.9,22.6,296,0.0
2014-03-13,3.5,7.4,0.5,1012.6,20.1,296,0.0
2014-03-14,2.3,4.9,0.1,1003.5,29.6,273,0.2
2014-03-15,2.5,5.7,0.0,986.6,26.4,217,3.0
2014-03-16,-0.1,1.6,-2.3,973.5,27.0,259,2.4
2014-03-17,-2.9,-1.0,-4.4,989.1,16.1,309,0.1
2014-03-18,-4.2,-1.5,-6.5,1001.0,19.1,332,0.0
2014-03-19,-4.7,-1.0,-6.8,1000.0,22.0,153,4.4
2014-03-20,-5.9,-1.6,-12.9,1007.1,10.9,104,0.2
2014-03-21,1.6,9.0,-11.5,1008.9,30.9,213,0.6
2014-03-22,6.5,10.0,1.6,1004.2,23.4,251,0.0
2014-03-23,5.9,13.4,-1.3,1008.0,18.9,170,0.2
2014-03-24,7.3,12.0,2.2,1007.7,16.6,166,4.8
2014-03-25,5.4,10.5,0.8,1011.9,14.9,52,0.0
2014-03-26,3.6,6.7,0.6,1026.8,24.1,65,0.0
2014-03-27,2.6,8.3,-2.3,1027.2,14.1,167,0.0
2014-03-28,0.1,2.1,-2.3,1022.1,24.4,10,0.0
2014-03-29,-1.9,1.6,-5.7,1025.8,21.3,10,0.0
2014-03-30,1.7,6.9,-2.4,1012.6,17.9,296,0.0
2014-03-31,-1.1,1.6,-3.7,1004.9,21.3,347,2.6
2014-04-01,-2.7,0.5,-5.2,1010.3,19.5,351,0.0
2014-04-02,-1.4,1.7,-4.4,1013.2,14.5,299,0.9
2014-04-03,0.1,3.7,-2.9,1008.4,20.2,255,0.0
2014-04-04,-0.8,2.8,-3.4,1007.6,25.6,343,3.0
2014-04-05,-0.3,5.1,-4.7,1019.3,18.8,299,0.0
2014-04-06,4.5,9.2,-0.0,1013.4,25.5,260,0.0
2014-04-07,3.4,5.4,-1.1,1009.7,18.0,311,0.8
2014-04-08,1.7,5.9,-1.6,1010.3,10.9,31,0.0
2014-04-09,0.5,3.9,-2.5,1013.9,18.3,76,0.0
2014-04-10,-0.6,3.2,-3.5,1026.3,16.3,81,0.0
2014-04-11,1.4,6.5,-4.0,1029.7,18.3,184,0.0
2014-04-12,3.8,7.5,0.2,1022.6,23.3,204,0.0
2014-04-13,5.5,7.6,3.3,1015.1,22.3,202,0.7
2014-04-14,5.6,8.5,3.8,1004.3,20.7,194,3.3
2014-04-15,5.3,8.6,0.9,1007.7,19.0,173,2.8
2014-04-16,5.0,7.2,2.0,1016.1,15.3,273,0.9
2014-04-17,4.3,9.5,-2.2,1023.2,12.8,261,0.0
2014-04-18,6.7,12.8,-0.7,1021.1,13.1,197,0.0
2014-04-19,10.0,16.2,2.7,1025.0,9.2,172,0.0
2014-04-20,12.0,18.7,4.0,1022.8,8.3,148,0.0
2014-04-21,12.4,19.1,4.4,1021.2,15.9,109,0.0
2014-04-22,12.4,17.3,8.0,1016.1,22.6,178,1.7
2014-04-23,9.5,12.9,4.9,1017.3,22.0,353,1.1
2014-04-24,3.7,6.9,0.0,1029.3,18.4,357,0.0
2014-04-25,7.1,13.0,0.9,1021.3,22.7,301,0.0
2014-04-26,6.4,10.6,1.3,1020.6,13.3,39,0.0
2014-04-27,9.8,17.4,1.5,1015.1,13.5,213,0.0
2014-04-28,11.4,17.2,4.7,1010.7,17.1,234,0.1
2014-04-29,12.8,18.5,6.4,1008.2,12.1,240,0.0
2014-04-30,12.8,17.3,8.7,1003.3,15.5,282,0.3
2014-05-01,11.7,17.7,4.8,1003.2,17.5,204,0.0
2014-05-02,7.3,12.0,3.2,1008.2,22.6,305,0.0
2014-05-03,4.8,8.5,0.1,1017.0,12.8,284,0.1
2014-05-04,5.5,9.6,0.4,1015.2,17.6,195,1.8
2014-05-05,4.7,8.4,2.1,1006.5,14.2,347,2.7
2014-05-06,4.8,8.2,2.2,1007.7,22.5,306,2.4
2014-05-07,5.2,9.4,0.1,1018.9,19.7,264,0.0
2014-05-08,11.6,17.3,5.5,1016.5,22.3,188,0.5
2014-05-09,14.3,18.1,11.2,1016.4,22.7,202,0.7
2014-05-10,14.8,19.7,9.6,1012.4,17.8,171,0.9
2014-05-11,11.5,14.4,9.3,1005.2,27.2,218,6.6
2014-05-12,14.8,20.1,8.2,1009.7,23.7,168,0.0
2014-05-13,14.3,19.9,10.5,1004.5,30.5,189,4.8
2014-05-14,12.1,15.6,8.1,1015.2,22.4,236,0.0
2014-05-15,10.6,14.1,5.1,1026.0,14.0,358,0.0
2014-05-16,10.3,13.8,6.2,1029.0,17.1,61,0.0
2014-05-17,14.3,19.9,8.1,1024.4,16.4,69,0.0
2014-05-18,18.3,25.2,10.7,1022.1,16.5,105,0.0
2014-05-19,22.3,28.7,15.3,1023.1,15.6,126,0.0
2014-05-20,22.8,28.4,16.5,1022.8,16.1,170,0.0
2014-05-21,21.1,26.5,15.5,1021.4,20.4,194,1.2
2014-05-22,19.8,23.9,15.3,1022.1,17.6,258,0.0
2014-05-23,19.4,24.4,12.2,1024.1,8.6,47,0.0
2014-05-24,21.1,26.2,14.2,1022.6,9.5,182,0.0
2014-05-25,21.9,27.6,17.2,1019.2,11.5,246,1.2
2014-05-26,21.3,26.5,15.6,1015.2,10.8,287,0.0
2014-05-27,19.7,23.8,15.4,1011.3,16.6,358,0.0
2014-05-28,16.4,20.3,13.1,1010.8,20.4,108,1.2
2014-05-29,14.4,16.7,12.4,1008.7,21.9,116,21.3
2014-05-30,17.6,22.3,13.5,1011.0,20.2,152,4.1
2014-05-31,18.0,22.1,15.2,1014.4,14.2,146,2.3
2014-06-01,18.8,23.3,14.7,1014.0,21.5,130,2.8
2014-06-02,19.7,25.0,15.1,1016.3,16.4,133,1.2
2014-06-03,21.3,26.1,15.9,1020.8,18.9,162,0.0
2014-06-04,21.3,27.1,13.2,1022.7,18.4,137,0.0
2014-06-05,22.2,28.2,14.9,1020.6,15.9,138,0.0
2014-06-06,22.4,27.7,16.9,1019.6,12.9,155,0.6
2014-06-07,21.9,28.0,15.4,1018.1,12.3,193,2.7
2014-06-08,18.8,21.7,16.0,1016.1,12.8,269,0.2
2014-06-09,15.7,19.4,12.4,1012.9,17.3,311,5.8
2014-06-10,14.3,16.7,12.0,1009.9,22.5,346,9.6
2014-06-11,15.7,19.1,11.5,1014.0,24.1,10,0.0
2014-06-12,16.4,19.2,13.1,1011.8,10.8,16,0.0
2014-06-13,14.2,16.2,11.4,1003.0,7.6,155,2.4
2014-06-14,14.5,18.5,9.6,1000.8,11.5,63,2.4
2014-06-15,12.8,15.2,9.8,1007.1,16.3,354,0.2
2014-06-16,11.6,14.2,7.8,1010.7,12.4,277,0.0
2014-06-17,10.0,11.7,6.6,1005.9,23.8,247,7.8
2014-06-18,7.6,11.2,3.5,1005.7,26.8,264,3.6
2014-06-19,11.1,14.9,6.4,1004.4,17.8,261,1.5
2014-06-20,15.3,19.4,11.1,1001.0,22.1,214,6.9
2014-06-21,14.0,16.9,10.9,1003.6,15.7,255,0.5
2014-06-22,12.4,16.2,7.3,1007.3,11.0,330,0.0
2014-06-23,12.1,14.3,9.9,1007.1,18.6,263,5.0
2014-06-24,11.2,14.2,7.9,1007.8,12.2,251,3.1
2014-06-25,11.4,14.4,7.3,1006.0,13.6,313,3.4
2014-06-26,10.6,13.3,7.7,1012.6,8.3,6,0.0
2014-06-27,10.7,12.6,8.0,1015.5,12.3,50,0.0
2014-06-28,11.1,13.5,8.9,1016.5,20.7,6,0.0
2014-06-29,13.5,18.4,6.2,1018.2,14.1,229,0.1
2014-06-30,18.6,24.1,13.1,1011.9,23.3,194,4.7
2014-07-01,21.7,26.1,16.8,1010.7,22.9,190,0.0
2014-07-02,17.9,21.6,13.5,1011.4,19.6,255,9.2
2014-07-03,15.5,19.0,11.7,1016.3,16.5,247,0.2
2014-07-04,15.5,19.3,10.2,1017.0,16.3,244,0.3
2014-07-05,16.8,20.6,12.6,1016.4,11.1,264,0.2
2014-07-06,18.7,22.5,13.6,1018.2,7.1,304,0.0
2014-07-07,19.4,23.4,13.3,1021.8,10.1,64,0.0
2014-07-08,19.7,24.0,13.9,1020.3,9.4,55,1.6
2014-07-09,19.5,23.6,13.6,1015.5,8.0,41,0.0
2014-07-10,14.8,17.6,12.7,1014.6,22.3,46,3.6
2014-07-11,13.4,16.5,10.8,1020.2,22.1,74,0.0
2014-07-12,17.7,22.6,12.3,1020.8,19.5,101,0.0
2014-07-13,20.8,26.0,14.8,1018.0,19.9,127,0.0
2014-07-14,22.7,27.2,17.8,1017.4,16.0,165,0.0
2014-07-15,21.2,25.4,15.9,1018.5,9.9,227,3.9
2014-07-16,21.8,27.0,16.0,1018.0,8.1,246,0.5
2014-07-17,20.2,24.0,16.0,1018.3,11.0,324,5.3
2014-07-18,19.8,24.2,14.3,1018.5,10.1,39,2.9
2014-07-19,19.5,23.3,15.2,1018.2,10.8,79,0.0
2014-07-20,19.9,24.6,13.1,1016.4,7.6,69,0.0
2014-07-21,19.9,23.4,15.9,1014.1,16.7,60,0.0
2014-07-22,18.3,21.7,14.1,1018.8,12.8,55,0.0
2014-07-23,19.6,24.1,14.1,1020.0,10.1,353,0.1
2014-07-24,20.2,24.2,15.6,1018.3,15.2,10,0.3
2014-07-25,19.7,24.6,13.7,1020.5,11.8,8,0.0
2014-07-26,21.7,25.9,17.5,1019.6,14.3,347,0.0
2014-07-27,21.9,27.7,14.4,1022.1,8.7,212,0.0
2014-07-28,23.9,29.3,18.0,1019.5,12.0,230,0.0
2014-07-29,23.6,28.9,18.1,1014.8,16.3,228,1.6
2014-07-30,24.2,28.9,19.8,1013.2,13.0,248,0.2
2014-07-31,24.7,29.6,20.0,1014.0,14.3,216,0.0
2014-08-01,24.3,28.9,20.0,1015.2,12.3,206,0.0
2014-08-02,23.2,27.8,18.8,1018.9,9.5,48,1.2
2014-08-03,22.9,27.3,18.2,1021.3,12.5,45,1.0
2014-08-04,22.0,26.4,16.7,1021.0,13.6,54,0.0
2014-08-05,22.2,26.6,16.8,1019.5,16.1,65,0.0
2014-08-06,22.6,27.6,17.2,1018.3,15.9,72,0.2
2014-08-07,23.3,27.9,18.1,1016.2,10.2,64,0.0
2014-08-08,22.8,27.4,17.0,1012.3,10.1,27,0.2
2014-08-09,22.6,27.2,15.8,1010.6,7.1,315,0.0
2014-08-10,21.3,24.4,18.0,1011.4,11.7,319,1.6
2014-08-11,21.9,26.4,16.1,1013.2,5.2,171,0.0
2014-08-12,23.4,27.9,17.8,1009.5,13.9,190,0.1
2014-08-13,20.3,22.9,17.2,1009.3,18.2,255,2.6
2014-08-14,17.2,20.1,13.9,1010.8,15.7,165,14.6
2014-08-15,17.8,19.5,15.8,1004.4,19.4,239,0.1
2014-08-16,16.8,20.6,13.1,1006.1,10.2,254,0.7
2014-08-17,14.3,16.6,12.0,1003.9,10.8,242,6.9
2014-08-18,15.8,20.0,11.6,1009.4,11.9,235,0.0
2014-08-19,17.4,21.9,12.7,1012.2,21.7,192,0.6
2014-08-20,18.6,23.0,13.8,1012.7,16.8,200,1.1
2014-08-21,17.5,21.0,14.1,1013.2,12.3,250,0.2
2014-08-22,14.7,16.1,12.1,1009.5,22.9,263,10.9
2014-08-23,14.0,17.4,9.9,1015.7,15.6,240,0.3
2014-08-24,15.5,20.2,10.2,1015.4,15.6,179,0.0
2014-08-25,14.7,15.7,12.5,1004.9,27.0,143,3.5
2014-08-26,12.8,15.7,10.7,1003.6,31.5,223,4.1
2014-08-27,12.3,15.4,9.6,1003.1,16.3,216,2.0
2014-08-28,12.3,15.5,9.8,1001.7,14.0,223,5.6
2014-08-29,12.4,15.7,9.7,1006.0,16.5,304,0.0
2014-08-30,11.7,13.9,10.2,1012.0,15.2,297,1.8
2014-08-31,10.8,13.3,7.5,1018.7,8.6,16,0.0
2014-09-01,12.4,15.6,8.7,1020.8,14.6,83,0.7
2014-09-02,11.7,13.0,10.6,1020.0,15.4,27,11.7
2014-09-03,10.9,13.6,8.3,1026.9,14.5,347,0.0
2014-09-04,13.1,17.8,8.6,1027.4,15.9,316,1.4
2014-09-05,14.7,19.4,10.3,1024.6,13.7,299,0.0
2014-09-06,14.6,18.8,9.8,1020.6,10.9,291,0.0
2014-09-07,14.9,18.7,11.3,1019.9,7.6,340,0.0
2014-09-08,15.3,19.3,10.9,1021.1,8.9,99,0.0
2014-09-09,15.2,19.4,11.6,1019.6,10.9,141,0.0
2014-09-10,15.5,20.3,11.6,1020.2,15.7,156,0.3
2014-09-11,16.0,21.0,11.0,1025.4,9.7,160,0.0
2014-09-12,16.8,21.6,12.4,1025.8,9.6,216,0.0
2014-09-13,14.5,17.4,10.8,1023.4,16.0,308,0.6
2014-09-14,9.9,11.1,9.1,1027.0,16.9,5,0.0
2014-09-15,10.9,15.2,6.2,1027.6,11.7,345,0.0
2014-09-16,10.7,14.8,6.9,1027.6,13.7,3,0.0
2014-09-17,9.4,13.7,4.7,1029.5,11.3,29,0.0
2014-09-18,10.2,16.1,4.7,1028.5,10.1,215,0.0
2014-09-19,12.2,17.9,7.5,1026.3,13.0,246,0.0
2014-09-20,11.8,17.0,7.3,1022.7,11.9,216,0.0
2014-09-21,11.0,17.0,5.4,1017.0,15.4,187,0.0
2014-09-22,11.1,14.2,7.1,1010.4,21.3,176,0.7
2014-09-23,12.5,15.0,11.0,1001.4,21.5,160,4.6
2014-09-24,6.6,10.9,3.6,1006.3,21.1,321,9.0
2014-09-25,4.9,9.2,0.7,1015.3,8.4,15,0.0
2014-09-26,7.1,12.3,3.1,1016.1,11.1,198,0.0
2014-09-27,8.3,11.1,5.4,1011.8,24.3,230,2.1
2014-09-28,9.8,13.6,6.3,1014.1,23.8,263,0.0
2014-09-29,11.2,12.4,10.2,1014.2,20.9,263,0.1
2014-09-30,9.3,11.2,6.3,1012.1,23.3,301,3.0
2014-10-01,5.4,6.7,2.8,1025.4,24.7,348,0.0
2014-10-02,3.9,7.2,0.7,1031.6,15.8,310,0.0
2014-10-03,5.5,9.6,1.2,1028.3,19.2,298,0.0
2014-10-04,5.5,7.8,2.3,1026.9,14.8,350,0.0
2014-10-05,3.1,5.4,0.9,1031.9,15.9,51,0.2
2014-10-06,4.5,6.5,3.0,1039.9,11.1,93,0.0
2014-10-07,4.2,6.8,1.3,1040.1,9.1,155,0.0
2014-10-08,2.9,7.7,-0.5,1031.5,18.1,181,0.0
2014-10-09,6.2,8.5,3.9,1019.8,19.7,206,3.3
2014-10-10,11.6,15.5,8.5,1014.5,22.2,226,2.6
2014-10-11,12.7,14.5,9.5,1016.1,17.9,270,0.3
2014-10-12,9.3,12.4,6.0,1016.8,9.8,101,7.1
2014-10-13,10.0,12.7,7.8,1011.3,21.9,283,1.3
2014-10-14,6.9,8.0,5.9,1014.6,13.5,124,12.0
2014-10-15,5.8,7.2,3.3,1007.5,23.5,75,16.4
2014-10-16,0.5,2.8,-1.1,1009.3,22.4,60,19.0
2014-10-17,-1.9,-1.1,-2.9,1010.3,16.1,19,2.1
2014-10-18,-3.5,-2.0,-6.5,1019.3,17.4,346,0.0
2014-10-19,-4.2,-0.1,-8.8,1020.2,16.9,223,5.0
2014-10-20,1.5,2.8,-0.9,996.3,15.3,204,9.6
2014-10-21,-0.5,2.1,-4.3,999.4,21.2,2,2.7
2014-10-22,-6.6,-4.5,-9.8,1017.0,18.6,15,0.0
2014-10-23,-8.0,-4.1,-10.8,1030.9,17.7,7,0.0
2014-10-24,-4.5,-3.1,-7.5,1037.8,13.0,10,0.0
2014-10-25,-5.3,-1.8,-8.5,1037.6,13.8,195,0.0
2014-10-26,-1.9,0.9,-3.7,1031.6,17.1,227,0.0
2014-10-27,1.7,4.3,-0.3,1026.4,22.6,236,0.2
2014-10-28,5.6,7.9,4.3,1022.0,21.7,250,0.0
2014-10-29,5.0,8.6,2.8,1022.0,19.7,242,0.0
2014-10-30,1.7,4.4,-0.3,1020.6,20.0,236,0.0
2014-10-31,1.9,4.0,0.3,1020.4,14.7,297,0.0
2014-11-01,0.3,1.9,-1.9,1022.2,11.8,350,0.8
2014-11-02,-2.1,-1.5,-2.4,1026.4,14.2,168,0.9
2014-11-03,-0.1,2.4,-2.1,1016.0,18.4,216,3.4
2014-11-04,2.3,5.6,0.3,1012.3,18.5,212,0.0
2014-11-05,3.6,6.5,1.1,1010.4,18.7,218,0.0
2014-11-06,3.6,5.7,0.8,1015.7,9.8,179,0.0
2014-11-07,6.8,8.8,4.9,1012.8,16.8,210,5.9
2014-11-08,5.9,7.8,3.3,1010.0,22.5,239,3.7
2014-11-09,2.4,3.9,-1.4,1022.6,16.4,272,0.0
2014-11-10,0.4,2.9,-1.6,1029.1,16.5,150,0.0
2014-11-11,3.3,4.7,2.5,1025.9,17.3,184,0.0
2014-11-12,2.0,2.3,1.6,1024.4,14.3,218,1.0
2014-11-13,2.7,3.4,2.0,1027.0,7.3,91,0.1
2014-11-14,1.9,3.2,0.6,1031.7,13.0,83,0.8
2014-11-15,0.1,0.7,-1.4,1032.8,11.9,95,0.0
2014-11-16,-3.1,-1.8,-4.0,1034.4,13.8,118,0.0
2014-11-17,-3.0,-2.1,-3.9,1033.4,10.0,151,0.0
2014-11-18,-4.1,-2.7,-5.1,1035.5,9.0,144,0.0
2014-11-19,-6.1,-4.0,-8.1,1036.7,7.8,141,0.0
2014-11-20,-6.2,-3.0,-8.0,1037.9,6.5,123,0.0
2014-11-21,-4.9,-2.0,-7.8,1034.3,10.6,162,0.0
2014-11-22,-2.4,-0.1,-4.8,1029.7,11.5,227,0.0
2014-11-23,-5.5,-2.6,-7.6,1033.4,8.5,344,0.0
2014-11-24,-4.7,-3.8,-5.9,1038.2,14.5,167,0.0
2014-11-25,-4.2,-3.3,-5.1,1034.3,16.0,209,0.0
2014-11-26,-3.7,-2.9,-4.6,1032.0,10.8,249,0.0
2014-11-27,-5.0,-4.0,-6.5,1032.3,9.2,163,0.0
2014-11-28,-8.1,-6.8,-9.7,1036.4,9.5,107,0.0
2014-11-29,-9.4,-7.4,-11.7,1037.3,9.5,90,0.0
2014-11-30,-12.8,-11.9,-14.2,1033.5,7.9,18,0.0
2014-12-01,-7.7,-5.2,-12.5,1030.1,14.0,317,0.0
2014-12-02,-8.9,-6.7,-10.5,1031.3,16.9,267,0.0
2014-12-03,-5.5,-4.0,-8.1,1024.8,25.9,253,0.0
2014-12-04,-4.1,-1.2,-5.9,1020.6,25.5,265,0.0
2014-12-05,-1.3,-0.6,-2.7,1027.9,15.6,274,0.0
2014-12-06,-2.9,-2.6,-3.5,1024.8,21.1,211,0.0
2014-12-07,-2.8,-1.9,-3.3,1021.8,18.9,218,0.0
2014-12-08,-4.3,-3.0,-5.3,1020.1,12.6,187,0.0
2014-12-09,-3.8,-2.9,-5.0,1023.6,10.1,216,0.6
2014-12-10,-3.7,-3.1,-4.6,1026.7,9.3,214,0.0
2014-12-11,-2.5,-1.1,-3.9,1017.2,10.7,158,0.0
2014-12-12,-1.6,-1.2,-2.0,1007.0,13.8,206,4.2
2014-12-13,0.2,2.6,-2.0,1000.7,31.2,211,3.1
2014-12-14,1.1,1.9,-0.6,1009.9,26.0,240,0.0
2014-12-15,-1.3,-0.5,-2.9,1020.3,13.4,202,0.0
2014-12-16,0.9,2.3,-1.4,1013.7,19.4,196,2.3
2014-12-17,0.8,1.8,0.3,1005.9,20.7,193,7.9
2014-12-18,-0.1,0.5,-0.8,1003.5,20.9,244,1.4
2014-12-19,0.2,4.4,-1.0,1000.0,22.1,195,4.7
2014-12-20,2.0,4.4,0.5,993.5,19.9,237,1.3
2014-12-21,-0.4,0.4,-1.6,995.4,19.4,243,0.4
2014-12-22,-2.8,-1.9,-4.1,996.9,20.2,245,1.0
2014-12-23,-1.8,0.4,-5.3,985.3,23.1,262,4.1
2014-12-24,-7.3,-5.5,-8.5,998.1,18.9,310,0.0
2014-12-25,-9.6,-8.5,-11.7,997.8,19.4,66,5.7
2014-12-26,-9.9,-6.4,-12.4,1013.8,21.4,274,0.0
2014-12-27,-8.3,-6.2,-12.4,1017.8,20.5,238,0.0
2014-12-28,-15.6,-13.2,-18.6,1018.9,10.9,132,0.0
2014-12-29,-15.9,-13.4,-18.1,1021.1,11.8,341,0.0
2014-12-30,-14.7,-13.5,-16.7,1025.6,14.1,327,0.0
2014-12-31,-9.1,-1.1,-16.6,1014.7,24.5,240,4.3
2015-01-01,0.6,1.5,-0.3,1009.5,17.8,277,0.3
2015-01-02,1.0,1.8,0.2,997.8,26.5,243,2.0
2015-01-03,0.8,2.5,-0.3,981.6,30.6,249,1.8
2015-01-04,-1.9,-0.3,-6.9,981.5,26.3,282,3.5
2015-01-05,-14.9,-7.8,-19.2,1002.7,21.0,347,0.0
2015-01-06,-17.1,-13.2,-20.0,1023.3,20.5,350,0.0
2015-01-07,-13.5,-12.2,-14.9,1032.6,14.3,302,0.0
2015-01-08,-11.6,-7.7,-14.6,1022.0,24.4,242,1.1
2015-01-09,-6.8,-5.2,-8.3,996.7,17.6,215,12.6
2015-01-10,-3.7,-1.3,-7.4,989.1,14.0,257,1.4
2015-01-11,-1.9,0.1,-3.8,979.5,25.4,188,5.8
2015-01-12,-2.0,-0.9,-6.7,987.0,19.8,260,3.2
2015-01-13,-2.5,1.9,-8.7,996.6,28.5,250,3.8
2015-01-14,1.1,3.3,-0.8,1001.9,23.6,240,2.1
2015-01-15,0.7,1.9,-0.9,1008.9,24.3,247,0.0
2015-01-16,-1.5,0.2,-3.1,1016.8,25.3,208,0.4
2015-01-17,-0.1,0.3,-1.0,1012.9,21.9,214,0.5
2015-01-18,-0.7,-0.0,-1.2,1012.8,20.7,246,0.4
2015-01-19,-1.4,-0.7,-2.2,1019.5,14.7,273,0.0
2015-01-20,-6.4,-2.2,-14.1,1029.3,11.4,52,0.0
2015-01-21,-15.7,-13.1,-17.5,1034.9,11.6,111,0.0
2015-01-22,-12.1,-6.3,-17.0,1031.1,14.0,127,2.5
2015-01-23,-4.4,-2.6,-6.1,1026.5,14.2,162,3.6
2015-01-24,-1.5,-0.5,-2.8,1022.7,14.5,214,2.8
2015-01-25,-4.9,-1.6,-10.1,1026.8,18.6,155,0.0
2015-01-26,-9.3,-7.8,-11.4,1023.6,13.0,183,0.0
2015-01-27,-8.4,-5.9,-11.6,1018.1,11.3,182,0.0
2015-01-28,-4.7,-3.4,-5.9,1010.9,14.8,203,0.0
2015-01-29,-2.0,0.2,-5.0,1002.9,20.1,183,0.2
2015-01-30,-2.1,-0.7,-3.6,1001.2,19.5,168,0.1
2015-01-31,0.8,2.7,-0.9,994.6,27.5,143,3.5
2015-02-01,0.4,2.7,-1.2,987.7,33.0,183,2.6
2015-02-02,-2.4,-0.7,-4.1,996.1,17.0,215,0.0
2015-02-03,-5.7,-2.9,-8.9,1005.7,10.8,77,0.0
2015-02-04,-8.1,-6.2,-10.8,1012.7,11.5,21,0.0
2015-02-05,-8.7,-7.8,-9.4,1022.5,10.1,356,0.0
2015-02-06,-8.3,-5.1,-10.4,1019.2,23.3,244,1.5
2015-02-07,-3.9,-2.5,-5.8,1002.7,16.7,270,0.5
2015-02-08,-2.3,-0.8,-4.7,982.9,25.8,252,6.2
2015-02-09,-8.1,-4.9,-13.4,999.2,22.9,316,1.0
2015-02-10,-11.2,-4.4,-17.3,1015.2,20.7,242,0.4
2015-02-11,-0.9,2.3,-4.0,1018.0,16.6,263,0.0
2015-02-12,-1.5,0.2,-3.1,1020.5,20.0,252,0.0
2015-02-13,-1.4,-0.2,-2.1,1023.6,16.6,269,0.0
2015-02-14,-3.0,-1.8,-4.2,1022.6,16.3,237,0.0
2015-02-15,-5.1,-2.5,-10.2,1025.9,30.0,342,0.1
2015-02-16,-11.6,-7.4,-14.8,1043.8,18.9,355,0.0
2015-02-17,-10.0,-4.7,-13.7,1042.6,15.9,278,0.0
2015-02-18,-6.2,-3.6,-8.6,1025.4,23.5,243,1.0
2015-02-19,-2.6,0.2,-6.1,1016.9,18.3,243,0.5
2015-02-20,1.1,2.4,-0.4,1009.5,18.4,248,0.1
2015-02-21,-0.9,0.9,-3.0,1009.0,15.9,230,0.0
2015-02-22,1.0,2.7,-0.4,1008.9,25.3,211,1.1
2015-02-23,0.9,2.8,-0.5,1014.6,16.0,198,0.2
2015-02-24,1.2,3.1,-0.7,1015.0,19.3,169,0.3
2015-02-25,-0.0,2.1,-2.5,1021.1,14.4,166,0.0
2015-02-26,-2.4,1.5,-6.8,1024.5,8.7,169,0.0
2015-02-27,-2.9,0.3,-6.1,1022.6,10.8,134,0.0
2015-02-28,0.5,2.3,-0.9,1016.5,11.1,166,1.6
2015-03-01,0.3,2.1,-1.1,1017.7,8.1,166,0.0
2015-03-02,0.8,3.1,-0.9,1011.9,20.9,172,0.1
2015-03-03,0.4,1.9,-0.5,1010.9,22.1,157,1.5
2015-03-04,0.7,2.4,-1.1,1014.6,12.8,203,1.0
2015-03-05,-0.4,1.8,-2.2,1022.2,14.3,33,1.6
2015-03-06,-0.3,2.4,-3.9,1027.7,9.1,11,0.4
2015-03-07,-2.0,2.5,-6.7,1028.2,15.3,234,0.0
2015-03-08,1.7,4.1,-0.3,1020.5,21.2,234,0.8
2015-03-09,4.3,6.5,2.4,1016.9,19.8,257,0.1
2015-03-10,3.0,5.4,1.1,1024.0,16.4,250,0.0
2015-03-11,3.2,7.1,0.4,1019.2,16.6,246,0.0
2015-03-12,0.2,1.0,-0.8,1030.8,20.1,36,0.0
2015-03-13,-0.6,2.7,-3.5,1041.3,21.7,76,0.0
2015-03-14,-0.4,5.0,-4.4,1043.8,16.3,101,0.0
2015-03-15,0.8,6.1,-3.2,1047.1,11.1,52,0.0
2015-03-16,-0.3,6.2,-5.6,1051.7,10.3,63,0.0
2015-03-17,0.8,7.1,-4.4,1049.5,10.9,37,0.0
2015-03-18,1.6,7.4,-2.8,1041.0,9.3,69,0.0
2015-03-19,2.7,7.9,-0.9,1030.7,9.8,187,0.0
2015-03-20,1.4,8.1,-5.1,1016.2,17.9,251,0.0
2015-03-21,0.3,2.5,-2.4,1008.4,15.5,324,2.9
2015-03-22,-5.0,-3.1,-8.8,1015.6,23.9,342,0.0
2015-03-23,-5.1,0.3,-13.7,1016.2,23.9,233,0.8
2015-03-24,0.7,3.1,-2.2,1004.0,26.1,252,1.4
2015-03-25,1.2,3.3,-1.4,1015.5,16.2,354,0.0
2015-03-26,-1.0,1.4,-2.8,1026.9,18.4,86,0.0
2015-03-27,-0.0,3.6,-2.7,1029.0,23.3,119,0.0
2015-03-28,0.7,3.9,-2.2,1027.3,24.2,150,0.0
2015-03-29,-0.8,1.6,-2.1,1020.6,30.6,155,1.1
2015-03-30,-1.4,-0.6,-2.2,1007.8,29.6,153,2.3
2015-03-31,-0.0,1.6,-1.8,1002.0,30.1,156,7.4
2015-04-01,0.7,3.3,-0.7,997.8,25.9,144,5.8
2015-04-02,1.3,3.6,-0.5,996.2,25.5,154,5.3
2015-04-03,-0.2,3.3,-3.5,1005.9,13.9,103,4.1
2015-04-04,1.3,4.8,-1.1,1007.1,20.5,138,2.8
2015-04-05,1.1,3.6,-1.3,1015.7,22.9,86,0.0
2015-04-06,1.1,3.7,-1.0,1018.7,14.0,355,0.7
2015-04-07,2.1,6.5,-1.4,1018.8,14.6,282,0.0
2015-04-08,1.1,6.5,-4.6,1011.2,24.6,265,2.0
2015-04-09,3.3,7.7,-0.0,1010.8,30.3,314,0.2
2015-04-10,5.5,9.9,1.9,1009.4,26.6,284,0.0
2015-04-11,6.8,11.5,2.5,1012.9,24.2,286,0.0
2015-04-12,8.7,17.0,-0.4,1015.2,24.7,225,1.0
2015-04-13,6.5,9.5,3.0,1012.1,23.7,236,0.1
2015-04-14,3.7,6.6,1.3,999.4,23.5,203,6.0
2015-04-15,2.3,5.2,-0.1,1000.3,19.0,252,0.8
2015-04-16,1.2,3.6,-0.4,991.9,26.5,236,10.9
2015-04-17,3.5,7.8,-0.3,1001.1,15.7,283,1.1
2015-04-18,0.9,4.4,-3.0,1006.8,17.9,351,0.0
2015-04-19,-0.8,2.4,-3.2,1006.0,15.8,9,0.5
2015-04-20,0.0,2.3,-3.3,1004.6,21.6,0,0.0
2015-04-21,2.8,7.1,-1.2,1009.9,20.0,351,0.0
2015-04-22,4.5,9.4,-0.6,1011.5,21.1,303,0.9
2015-04-23,4.8,7.2,2.1,996.7,27.3,267,3.1
2015-04-24,4.9,8.7,2.0,999.5,27.8,286,0.4
2015-04-25,4.9,9.1,1.6,1008.7,23.9,292,1.7
2015-04-26,6.9,14.4,0.7,1008.8,12.7,119,4.4
2015-04-27,9.7,15.2,3.7,1008.1,9.9,206,2.5
2015-04-28,13.6,20.7,5.7,1010.1,18.9,179,0.0
2015-04-29,16.2,22.0,11.3,1008.6,25.6,202,0.5
2015-04-30,8.6,12.5,4.9,1018.9,21.5,310,0.6
2015-05-01,6.8,10.0,4.1,1018.6,23.3,88,4.0
2015-05-02,10.6,16.2,6.4,1007.3,19.6,183,3.5
2015-05-03,9.4,11.8,7.3,1009.6,13.8,275,3.2
2015-05-04,8.7,11.8,5.8,1014.7,14.1,329,0.0
2015-05-05,9.0,13.5,2.9,1019.9,11.1,88,0.0
2015-05-06,10.6,15.7,4.3,1020.7,12.9,131,0.0
2015-05-07,10.6,14.9,5.2,1017.0,15.1,129,0.0
2015-05-08,11.7,15.7,7.3,1013.7,11.8,145,0.0
2015-05-09,11.3,15.2,7.4,1015.3,15.8,331,0.0
2015-05-10,10.9,15.2,4.9,1018.9,10.7,36,0.0
2015-05-11,13.2,17.5,8.4,1019.7,14.1,275,0.0
2015-05-12,13.0,16.9,9.0,1020.3,13.2,293,0.2
2015-05-13,13.4,17.9,7.8,1009.2,24.7,207,2.7
2015-05-14,10.7,13.9,6.7,1005.7,18.9,235,0.6
2015-05-15,9.9,14.4,4.8,1003.4,13.0,9,4.8
2015-05-16,6.8,8.1,5.5,1000.2,28.4,311,16.3
2015-05-17,7.3,9.4,5.9,1002.4,26.5,313,6.8
2015-05-18,7.5,10.2,5.8,1000.3,29.3,282,2.2
2015-05-19,7.4,8.5,6.0,1006.2,28.4,285,0.0
2015-05-20,12.9,18.9,5.4,1016.4,9.4,219,0.0
2015-05-21,17.5,22.3,12.0,1016.9,22.5,177,2.4
2015-05-22,13.0,15.7,10.1,1019.8,13.8,326,2.8
2015-05-23,12.2,15.2,8.8,1017.5,9.8,293,2.0
2015-05-24,12.0,14.5,9.9,1015.4,12.3,256,2.5
2015-05-25,13.1,18.2,5.2,1018.0,8.7,192,0.0
2015-05-26,17.0,23.0,9.2,1013.2,11.8,130,0.0
2015-05-27,20.5,25.9,14.3,1006.6,20.9,154,0.0
2015-05-28,17.0,20.3,12.9,1005.3,15.1,262,2.5
2015-05-29,13.5,16.0,11.4,1008.2,13.7,356,17.0
2015-05-30,13.7,15.1,12.1,1008.8,18.6,15,9.5
2015-05-31,15.7,20.3,12.2,1011.6,17.0,291,0.4
2015-06-01,13.6,17.9,8.4,1020.1,10.9,305,0.0
2015-06-02,16.5,22.1,8.7,1017.0,8.2,229,0.0
2015-06-03,19.4,24.4,13.8,1012.3,22.5,233,0.0
2015-06-04,15.4,18.3,11.4,1013.5,25.0,275,0.5
2015-06-05,12.4,15.8,9.2,1021.4,23.5,292,1.8
2015-06-06,14.1,18.1,9.6,1024.3,15.9,281,0.1
2015-06-07,18.3,24.3,11.8,1018.9,24.0,237,0.2
2015-06-08,14.5,17.4,11.0,1018.3,19.7,286,0.0
2015-06-09,13.2,16.5,9.7,1021.1,17.1,307,0.0
2015-06-10,12.0,15.2,7.0,1021.7,13.7,298,0.0
2015-06-11,13.7,17.0,9.4,1014.1,23.4,260,0.0
2015-06-12,14.6,18.1,10.2,1015.0,17.4,283,0.0
2015-06-13,18.2,23.3,12.0,1012.6,19.5,224,0.0
2015-06-14,20.4,24.7,15.1,1006.2,13.0,215,0.0
2015-06-15,19.7,22.2,16.4,1004.1,19.1,255,0.2
2015-06-16,14.5,16.8,11.5,1011.2,16.3,309,0.0
2015-06-17,12.6,15.5,8.3,1014.8,16.3,291,0.0
2015-06-18,12.6,16.4,6.2,1015.0,11.0,213,0.0
2015-06-19,15.3,20.0,9.7,1012.8,13.6,125,1.5
2015-06-20,15.2,19.3,11.8,1011.0,10.0,7,3.2
2015-06-21,17.2,20.7,13.3,1008.7,15.3,342,2.6
2015-06-22,18.6,22.9,12.9,1010.2,9.9,222,0.5
2015-06-23,17.8,21.3,14.5,1012.6,14.2,239,3.4
2015-06-24,18.7,23.1,12.3,1015.3,17.6,183,0.0
2015-06-25,18.8,22.3,15.3,1016.7,11.0,313,0.0
2015-06-26,17.6,20.8,13.1,1014.2,10.0,346,0.0
2015-06-27,15.4,17.5,13.2,1008.5,15.8,323,13.2
2015-06-28,15.1,18.6,9.9,1012.5,13.9,340,0.0
2015-06-29,16.8,20.1,12.0,1015.9,11.8,1,0.0
2015-06-30,18.1,21.1,14.0,1015.7,6.0,334,0.0
2015-07-01,17.7,21.8,13.1,1015.5,12.7,311,3.2
2015-07-02,17.5,20.7,14.0,1021.7,20.7,335,0.0
2015-07-03,18.1,24.2,11.8,1025.9,19.7,289,0.0
2015-07-04,23.0,27.7,18.1,1018.7,26.0,278,0.0
2015-07-05,20.3,23.6,16.2,1012.7,25.0,301,0.0
2015-07-06,15.9,18.8,12.9,1014.9,13.4,349,0.0
2015-07-07,16.5,20.3,11.5,1006.3,21.7,233,6.4
2015-07-08,18.0,22.0,14.5,1004.3,20.2,248,0.0
2015-07-09,18.3,19.8,16.8,1002.9,15.1,235,5.5
2015-07-10,17.0,20.1,13.5,1003.3,13.0,260,6.7
2015-07-11,15.0,17.7,12.1,1001.4,15.6,291,0.6
2015-07-12,13.4,15.6,11.6,1000.6,20.1,329,1.6
2015-07-13,12.0,14.6,9.8,1004.6,12.0,310,2.2
2015-07-14,12.8,16.6,7.7,1006.6,11.9,267,2.7
2015-07-15,14.1,18.6,7.9,1008.9,5.6,288,0.0
2015-07-16,15.7,19.8,10.0,1010.6,10.4,296,1.3
2015-07-17,15.1,19.4,10.1,1010.6,9.7,264,8.8
2015-07-18,15.3,19.4,10.6,1012.3,12.3,333,0.2
2015-07-19,16.7,20.1,13.8,1009.1,21.4,226,1.3
2015-07-20,14.7,17.0,12.1,1000.5,13.1,127,18.5
2015-07-21,15.4,19.3,12.2,1001.7,27.2,313,21.9
2015-07-22,16.1,19.4,12.9,1007.1,17.0,253,1.4
2015-07-23,16.4,19.3,13.3,1009.4,18.9,269,0.0
2015-07-24,17.1,20.5,14.1,1010.0,18.8,260,2.5
2015-07-25,17.0,20.9,12.6,1015.6,12.2,272,0.0
2015-07-26,19.7,26.0,12.4,1012.3,18.7,141,0.3
2015-07-27,21.1,24.7,18.5,1006.5,14.3,159,20.7
2015-07-28,19.2,21.6,17.6,1002.5,14.5,191,14.4
2015-07-29,17.4,19.9,14.7,1003.0,16.6,228,9.2
2015-07-30,16.5,20.5,13.2,1006.1,16.6,215,2.4
2015-07-31,15.1,18.1,12.1,1007.6,19.4,233,1.9
2015-08-01,15.2,17.9,12.5,1012.2,22.7,268,0.5
2015-08-02,15.5,18.6,12.4,1020.5,18.8,266,0.0
2015-08-03,15.7,19.4,12.2,1021.2,19.9,245,0.0
2015-08-04,15.8,20.5,9.1,1021.6,8.3,299,0.0
2015-08-05,16.8,21.6,10.9,1021.4,8.7,0,0.0
2015-08-06,18.2,22.8,13.3,1022.9,10.1,145,0.0
2015-08-07,21.0,26.7,15.5,1020.2,15.5,214,0.0
2015-08-08,21.4,24.9,18.0,1021.2,11.2,306,0.0
2015-08-09,22.4,28.2,16.9,1017.2,12.6,234,0.0
2015-08-10,21.0,23.8,18.2,1017.5,9.0,40,7.2
2015-08-11,20.0,24.0,15.5,1021.7,12.6,76,0.0
2015-08-12,20.1,24.8,15.3,1022.5,17.3,157,0.1
2015-08-13,19.9,23.8,15.2,1015.2,17.5,244,4.5
2015-08-14,15.3,18.5,12.0,1018.2,16.7,315,0.0
2015-08-15,15.0,18.6,11.3,1015.1,17.8,306,0.0
2015-08-16,13.0,15.7,10.6,1016.1,19.2,352,0.4
2015-08-17,12.2,14.3,10.4,1020.9,19.1,22,0.0
2015-08-18,11.3,14.1,8.8,1023.5,18.4,28,0.2
2015-08-19,12.4,15.8,9.4,1026.0,15.0,10,0.0
2015-08-20,14.2,19.6,8.4,1027.9,11.2,5,0.0
2015-08-21,16.4,21.9,9.5,1028.3,8.7,358,0.0
2015-08-22,17.2,22.6,10.6,1025.1,9.7,357,0.0
2015-08-23,17.0,21.9,12.2,1023.7,14.5,48,0.0
2015-08-24,14.4,18.7,9.6,1026.0,12.5,104,0.0
2015-08-25,16.2,22.9,9.3,1021.2,9.7,226,0.0
2015-08-26,19.0,23.6,15.3,1014.3,14.5,226,0.0
2015-08-27,16.5,18.9,13.8,1015.6,15.1,292,4.6
2015-08-28,17.9,22.2,13.4,1015.1,19.1,208,0.0
2015-08-29,15.9,19.5,12.6,1011.4,23.3,282,3.8
2015-08-30,14.7,17.7,12.2,1016.2,22.0,294,0.5
2015-08-31,13.6,16.3,11.5,1016.2,15.3,300,0.1
2015-09-01,13.5,17.8,9.2,1015.8,8.1,295,0.0
2015-09-02,14.0,17.0,11.8,1011.5,11.7,130,0.5
2015-09-03,12.9,13.8,12.0,1012.6,16.5,104,4.3
2015-09-04,13.9,16.6,12.0,1011.6,9.5,177,1.2
2015-09-05,13.7,16.4,10.9,1008.5,14.1,251,1.3
2015-09-06,14.0,18.1,9.8,1008.8,13.2,199,2.8
2015-09-07,11.2,12.4,10.0,1000.5,14.2,285,19.8
2015-09-08,11.2,13.5,9.7,1004.7,12.8,280,4.4
2015-09-09,10.9,13.2,9.3,1017.4,13.0,345,2.4
2015-09-10,10.9,13.8,8.8,1027.6,11.5,333,0.0
2015-09-11,12.2,15.5,9.7,1033.8,12.0,13,0.2
2015-09-12,12.1,14.9,9.5,1035.7,11.3,75,0.0
2015-09-13,11.7,14.1,9.4,1033.6,11.4,147,0.0
2015-09-14,11.1,13.6,9.0,1030.5,9.7,142,0.0
2015-09-15,11.9,15.9,9.1,1024.5,11.9,167,0.0
2015-09-16,13.2,17.3,9.8,1020.4,18.0,175,0.5
2015-09-17,15.8,20.2,12.1,1015.2,19.8,184,0.1
2015-09-18,18.2,22.5,14.0,1011.6,20.3,203,0.0
2015-09-19,15.2,18.0,11.9,1016.4,19.7,261,0.0
2015-09-20,13.6,18.0,9.2,1018.2,10.9,212,0.9
2015-09-21,15.3,21.7,11.0,1009.5,17.7,149,9.8
2015-09-22,12.2,14.6,10.0,1016.0,14.2,243,0.0
2015-09-23,12.0,17.1,7.0,1021.4,11.7,118,0.0
2015-09-24,15.7,22.4,9.9,1021.9,10.5,141,0.0
2015-09-25,17.9,24.2,12.9,1019.5,14.9,175,0.0
2015-09-26,16.7,21.7,12.3,1016.3,14.8,180,0.0
2015-09-27,14.2,15.5,10.8,1014.7,21.3,347,24.8
2015-09-28,9.9,11.4,7.9,1020.6,17.9,320,1.4
2015-09-29,8.1,10.1,6.3,1029.7,14.8,348,0.2
2015-09-30,7.5,9.9,4.5,1032.3,16.2,287,0.0
2015-10-01,9.3,12.3,6.6,1020.8,22.0,260,0.6
2015-10-02,11.3,12.6,9.9,1009.5,29.4,266,1.8
2015-10-03,10.5,12.2,6.0,1010.5,29.7,293,0.0
2015-10-04,8.5,13.8,3.3,1019.5,16.1,208,0.0
2015-10-05,10.1,13.0,7.6,1011.9,15.3,291,0.0
2015-10-06,4.2,6.9,1.1,1018.4,18.1,11,0.8
2015-10-07,0.7,3.1,-0.9,1024.6,15.8,345,0.0
2015-10-08,0.2,2.5,-1.3,1023.3,18.0,327,0.0
2015-10-09,0.0,1.4,-1.1,1017.1,23.2,328,0.2
2015-10-10,1.5,3.7,-0.0,1017.4,24.2,318,1.1
2015-10-11,1.4,3.4,-0.4,1023.4,16.0,323,0.0
2015-10-12,2.4,4.4,0.2,1028.0,15.0,300,0.0
2015-10-13,3.1,6.4,0.4,1030.5,8.0,276,0.0
2015-10-14,1.9,4.5,-0.3,1029.9,9.8,267,0.0
2015-10-15,4.3,7.2,2.2,1032.7,12.7,300,0.0
2015-10-16,3.1,7.0,0.9,1033.1,11.0,267,0.0
2015-10-17,3.2,6.3,0.9,1026.2,15.5,241,0.0
2015-10-18,4.7,9.1,1.0,1016.6,12.0,268,0.0
2015-10-19,4.1,5.5,2.0,1018.8,16.5,37,0.0
2015-10-20,0.5,1.7,-1.6,1028.3,10.1,109,0.0
2015-10-21,-1.2,1.9,-2.9,1026.1,16.2,156,0.0
2015-10-22,-0.5,3.3,-2.9,1019.3,16.2,174,0.0
2015-10-23,0.6,2.2,-1.0,1011.3,15.5,184,0.1
2015-10-24,3.7,5.3,1.5,1012.2,11.0,216,0.5
2015-10-25,4.7,5.2,4.4,1016.6,6.3,140,2.5
2015-10-26,4.6,5.8,3.7,1008.0,11.2,291,0.9
2015-10-27,3.9,4.7,2.7,1012.0,25.4,295,2.2
2015-10-28,0.2,2.1,-1.8,1021.7,26.1,332,0.0
2015-10-29,-1.2,1.2,-3.0,1028.7,14.2,284,0.0
2015-10-30,-0.4,1.7,-2.2,1033.0,15.2,316,0.0
2015-10-31,-1.0,-0.0,-1.5,1040.6,17.7,262,0.0
2015-11-01,2.9,4.7,0.4,1025.1,19.8,264,0.0
2015-11-02,5.1,6.4,4.0,1014.7,21.3,279,0.0
2015-11-03,6.8,8.7,5.3,1013.5,21.6,291,0.0
2015-11-04,4.7,5.4,4.1,1014.2,16.6,275,0.0
2015-11-05,4.4,5.5,0.4,1018.5,18.9,312,0.0
2015-11-06,-2.1,-0.1,-3.6,1027.8,8.0,291,0.0
2015-11-07,-2.8,-1.6,-3.8,1026.8,13.1,226,0.0
2015-11-08,-0.0,1.2,-1.6,1015.5,15.9,195,1.0
2015-11-09,1.3,2.0,0.9,1010.7,9.0,164,2.1
2015-11-10,2.2,3.5,0.5,996.5,15.0,176,5.5
2015-11-11,2.3,2.8,1.4,995.5,14.7,316,2.6
2015-11-12,2.1,3.5,1.1,1006.0,16.0,296,0.4
2015-11-13,0.9,2.3,-0.1,1014.7,8.9,313,1.9
2015-11-14,0.4,1.0,-0.1,1014.0,20.9,154,1.3
2015-11-15,-1.9,-0.2,-4.0,1003.1,17.8,106,5.0
2015-11-16,-3.8,-2.5,-5.1,1011.2,10.7,87,0.0
2015-11-17,-3.5,-1.4,-7.0,1015.4,20.1,170,0.0
2015-11-18,0.4,1.7,-1.4,1004.6,22.9,171,7.2
2015-11-19,2.2,3.5,1.2,998.2,21.9,191,3.4
2015-11-20,2.3,3.6,0.8,992.8,12.9,161,4.7
2015-11-21,1.7,3.3,-0.1,990.3,14.7,226,1.7
2015-11-22,-1.6,0.0,-3.2,1002.2,10.8,233,0.0
2015-11-23,-2.1,-1.1,-3.1,1012.6,9.5,266,0.0
2015-11-24,-1.7,-0.1,-2.9,1018.7,12.4,216,0.5
2015-11-25,-1.9,-0.9,-2.8,1019.0,11.5,214,0.0
2015-11-26,-3.6,-2.9,-4.5,1019.6,13.8,230,0.0
2015-11-27,-3.3,-2.0,-4.8,1017.2,23.2,237,0.0
2015-11-28,-2.9,-2.0,-4.3,1015.6,21.9,231,0.0
2015-11-29,-2.8,-1.0,-4.1,1010.5,16.3,183,0.7
2015-11-30,-2.4,-2.1,-2.7,999.3,12.9,181,4.7
2015-12-01,-0.5,0.9,-2.3,993.7,15.5,219,0.4
2015-12-02,-0.5,0.4,-2.1,1005.1,14.8,253,0.7
2015-12-03,-1.2,-0.6,-2.6,1022.4,20.0,229,0.0
2015-12-04,1.2,2.6,-0.5,1021.7,24.7,220,2.1
2015-12-05,3.2,3.6,2.6,1007.2,29.5,252,3.3
2015-12-06,4.5,6.2,3.1,1002.1,27.4,247,0.5
2015-12-07,4.6,7.1,2.0,998.7,38.5,273,3.0
2015-12-08,1.1,2.1,-0.1,1021.8,29.4,305,0.0
2015-12-09,-0.4,1.2,-1.3,1027.5,20.3,247,0.0
2015-12-10,0.8,2.5,-0.4,1021.0,21.9,251,0.3
2015-12-11,1.0,1.7,0.2,1016.6,22.5,233,0.0
2015-12-12,-0.3,0.2,-0.8,1004.5,19.9,221,3.2
2015-12-13,-0.9,-0.3,-1.3,1007.9,10.5,277,0.4
2015-12-14,-1.0,-0.1,-1.6,1014.8,8.5,186,0.0
2015-12-15,-2.4,-1.3,-3.6,1020.0,15.6,281,0.5
2015-12-16,-1.7,0.6,-3.8,1017.5,29.7,282,2.6
2015-12-17,-5.2,0.4,-8.3,1019.7,27.9,308,0.7
2015-12-18,-3.5,-2.8,-5.1,1013.9,16.1,173,4.0
2015-12-19,3.3,4.8,-2.1,1003.7,22.3,259,6.4
2015-12-20,3.9,8.0,1.8,1009.6,24.7,270,2.3
2015-12-21,7.1,8.9,5.6,1005.5,24.1,259,0.0
2015-12-22,4.7,6.2,3.7,1000.7,18.8,264,0.0
2015-12-23,4.5,7.2,2.9,1002.1,21.4,253,11.6
2015-12-24,3.9,6.1,3.2,1007.1,28.6,299,2.1
2015-12-25,1.7,3.1,0.9,1015.4,21.6,247,4.9
2015-12-26,1.7,2.5,-0.3,1003.7,27.4,267,1.3
2015-12-27,-3.5,-1.0,-5.4,1012.1,30.4,307,0.4
2015-12-28,-6.6,-5.3,-8.2,1029.0,18.3,322,0.0
2015-12-29,-7.3,-5.8,-8.5,1039.7,14.6,0,0.0
2015-12-30,-7.2,-5.6,-8.9,1041.0,18.4,334,0.0
2015-12-31,-7.6,-6.4,-12.0,1038.3,17.3,39,0.0
2016-01-01,-13.3,-12.4,-14.4,1040.3,19.7,75,0.0
2016-01-02,-15.0,-13.9,-17.3,1042.3,15.6,34,0.0
2016-01-03,-13.7,-12.3,-16.2,1024.5,12.8,256,1.7
2016-01-04,-16.0,-14.4,-19.4,1012.7,9.8,53,1.2
2016-01-05,-15.9,-13.1,-19.4,1009.7,15.1,163,0.5
2016-01-06,-15.7,-14.5,-18.0,1014.6,14.1,163,1.2
2016-01-07,-18.8,-16.4,-21.3,1013.1,7.7,308,0.0
2016-01-08,-22.2,-19.0,-25.5,1015.0,9.8,36,0.0
2016-01-09,-23.1,-20.4,-26.1,1013.3,10.5,39,0.0
2016-01-10,-21.3,-17.7,-23.1,1016.6,10.9,2,0.0
2016-01-11,-20.5,-16.2,-23.2,1019.5,16.4,110,0.0
2016-01-12,-11.5,-7.0,-15.7,1001.1,26.5,123,19.8
2016-01-13,-8.3,-5.9,-11.0,987.0,19.3,237,8.6
2016-01-14,-9.7,-6.0,-15.7,997.6,17.6,226,1.2
2016-01-15,-15.5,-13.3,-17.1,1010.2,14.5,232,0.0
2016-01-16,-13.5,-6.8,-19.4,1014.5,20.0,142,2.4
2016-01-17,-9.2,-6.8,-14.3,1007.8,18.5,277,2.7
2016-01-18,-9.9,-7.0,-14.5,1015.2,15.3,230,0.0
2016-01-19,-10.2,-7.9,-13.3,1012.2,8.9,317,0.0
2016-01-20,-8.1,-6.3,-10.3,1012.4,9.7,293,0.0
2016-01-21,-11.3,-9.7,-12.8,1019.0,8.0,205,0.0
2016-01-22,-12.1,-10.8,-13.3,1024.9,14.1,3,0.0
2016-01-23,-15.6,-13.2,-18.4,1028.3,14.4,330,0.0
2016-01-24,-18.0,-15.9,-19.6,1028.7,11.1,261,0.0
2016-01-25,-15.1,-12.8,-17.2,1020.7,11.0,189,0.0
2016-01-26,-11.7,-6.5,-15.4,1019.7,21.2,211,1.5
2016-01-27,-1.0,1.0,-5.6,1005.3,20.9,229,3.3
2016-01-28,1.9,3.2,0.3,998.1,22.7,224,6.8
2016-01-29,0.5,2.3,-0.5,998.1,32.2,272,2.2
2016-01-30,1.8,3.1,0.3,1003.6,23.4,240,1.6
2016-01-31,1.5,2.7,-0.6,994.1,22.6,214,2.2
2016-02-01,-1.5,-0.6,-2.7,997.7,14.1,248,0.0
2016-02-02,-0.5,1.8,-2.2,995.9,29.6,214,2.9
2016-02-03,1.2,1.6,0.6,990.1,22.8,234,3.1
2016-02-04,-1.6,1.6,-4.1,998.1,26.4,257,1.8
2016-02-05,-2.5,-1.2,-3.7,1004.2,20.3,239,0.5
2016-02-06,-4.0,-2.3,-6.0,1016.1,15.8,291,0.9
2016-02-07,-2.2,1.3,-6.3,1017.9,19.7,211,0.9
2016-02-08,-1.1,1.0,-3.7,1013.9,21.6,209,0.0
2016-02-09,0.2,1.2,-0.6,1008.6,25.1,195,1.3
2016-02-10,0.8,1.2,-0.3,1009.5,23.7,179,0.0
2016-02-11,-1.1,-0.4,-2.0,1010.1,26.1,154,0.0
2016-02-12,-0.0,1.3,-1.2,1007.8,30.2,157,1.6
2016-02-13,0.3,1.4,-0.4,1016.3,19.5,165,0.0
2016-02-14,-1.9,-0.6,-2.5,1011.0,24.6,123,2.5
2016-02-15,0.3,1.8,-1.1,1008.3,19.3,192,2.7
2016-02-16,-1.6,-0.5,-4.9,1018.0,23.8,347,7.7
2016-02-17,-4.6,-2.6,-6.1,1032.2,24.0,308,0.0
2016-02-18,-5.8,-1.6,-9.8,1035.5,10.7,213,0.0
2016-02-19,-5.6,-2.2,-7.9,1029.9,18.6,159,0.0
2016-02-20,-5.1,-3.4,-7.9,1027.3,22.7,166,0.0
2016-02-21,-7.2,-3.7,-10.6,1015.2,15.4,157,0.0
2016-02-22,-3.0,0.2,-5.5,994.3,21.9,169,3.8
2016-02-23,-0.2,2.0,-3.7,996.6,26.1,234,1.1
2016-02-24,0.2,1.7,-1.6,1004.8,17.7,224,0.0
2016-02-25,-1.5,1.0,-3.5,1005.9,10.6,235,0.0
2016-02-26,-2.8,0.6,-5.3,1009.4,21.0,220,0.0
2016-02-27,-2.8,0.5,-5.6,1012.4,25.0,238,0.0
2016-02-28,-1.8,1.2,-3.5,1023.2,17.4,221,0.0
2016-02-29,-2.1,0.7,-5.7,1025.3,13.7,273,0.8
2016-03-01,-6.3,-2.8,-9.7,1028.8,20.2,84,0.1
2016-03-02,-1.4,2.7,-5.5,1003.9,25.2,110,15.4
2016-03-03,-2.1,-1.0,-3.5,1009.1,12.0,270,0.0
2016-03-04,-1.8,-0.1,-3.5,1013.7,15.7,83,1.3
2016-03-05,0.0,0.6,-0.4,1008.7,16.9,97,7.9
2016-03-06,0.4,2.6,-1.0,1011.2,10.2,169,0.7
2016-03-07,-0.2,2.7,-2.9,1017.3,16.6,163,0.0
2016-03-08,1.5,4.6,-0.4,1020.0,22.2,150,0.1
2016-03-09,2.4,5.5,0.6,1021.1,17.9,161,0.0
2016-03-10,1.2,4.9,-2.0,1025.4,8.4,157,0.0
2016-03-11,0.6,4.3,-4.9,1026.9,8.7,13,1.1
2016-03-12,-0.3,0.5,-2.0,1027.1,13.7,42,8.1
2016-03-13,-1.5,1.4,-4.2,1028.2,16.3,355,0.5
2016-03-14,-1.3,1.4,-3.7,1023.8,9.5,317,0.0
2016-03-15,-1.0,1.7,-4.4,1027.3,14.3,356,0.0
2016-03-16,0.2,2.6,-2.5,1018.4,24.4,299,0.0
2016-03-17,0.8,2.6,-0.7,1006.4,26.6,291,0.0
2016-03-18,-3.8,0.5,-8.6,995.7,24.8,330,1.9
2016-03-19,-6.9,-3.3,-9.7,1000.8,20.3,312,1.1
2016-03-20,-8.1,-3.1,-12.8,1002.8,14.8,284,0.0
2016-03-21,-7.1,-2.1,-12.7,1005.1,12.6,252,0.8
2016-03-22,-6.8,-1.9,-11.5,1006.9,15.2,65,0.1
2016-03-23,-7.9,-2.1,-13.6,1014.4,14.1,79,0.0
2016-03-24,-7.3,-1.2,-13.5,1015.5,12.1,103,0.0
2016-03-25,-7.0,0.0,-15.4,1014.9,9.4,73,0.0
2016-03-26,-4.5,2.5,-12.3,1016.7,8.9,21,0.0
2016-03-27,-1.1,4.7,-11.5,1019.8,8.2,6,0.0
2016-03-28,1.1,6.2,-6.6,1018.2,7.1,225,0.0
2016-03-29,1.9,7.7,-4.4,1012.3,15.5,226,0.0
2016-03-30,2.6,7.1,-1.6,1012.2,18.2,179,0.0
2016-03-31,2.1,5.4,0.2,1007.4,18.0,180,5.4
2016-04-01,1.7,3.6,0.2,1005.0,23.0,293,2.4
2016-04-02,1.6,3.9,0.1,1009.2,29.1,330,1.8
2016-04-03,2.2,5.1,-0.0,1014.2,26.1,322,0.0
2016-04-04,1.9,5.8,-1.3,1012.4,21.9,326,0.0
2016-04-05,0.7,5.9,-6.1,1015.5,12.6,331,0.0
2016-04-06,2.7,8.8,-3.3,1011.5,13.5,154,0.0
2016-04-07,4.7,8.0,0.9,1010.2,16.4,243,2.5
2016-04-08,6.4,12.9,-0.8,1013.4,17.3,195,0.0
2016-04-09,7.3,10.7,4.6,1010.4,13.7,94,10.8
2016-04-10,6.0,8.1,3.4,1014.4,10.7,42,4.7
2016-04-11,5.2,11.0,-0.5,1019.7,14.1,34,0.0
2016-04-12,5.3,10.6,-1.2,1018.9,11.1,100,0.0
2016-04-13,7.2,14.1,-0.9,1012.0,14.1,134,0.0
2016-04-14,9.5,16.2,2.7,999.7,15.5,153,3.9
2016-04-15,5.3,8.1,2.8,1002.5,16.5,285,0.1
2016-04-16,4.0,8.3,0.1,1010.9,11.4,326,0.0
2016-04-17,6.8,13.4,-1.4,1012.1,18.1,179,0.0
2016-04-18,8.5,11.5,5.8,1006.6,27.5,232,4.4
2016-04-19,6.4,10.2,2.2,1009.7,16.0,247,0.1
2016-04-20,4.8,8.7,1.5,1006.8,14.3,234,2.8
2016-04-21,3.9,7.2,1.6,1007.1,18.9,303,2.0
2016-04-22,3.6,7.2,0.6,1002.6,12.9,278,0.1
2016-04-23,3.2,8.1,-1.3,1006.0,12.8,281,2.2
2016-04-24,5.1,10.4,-1.4,1010.6,19.2,171,2.6
2016-04-25,10.5,15.5,5.9,1008.4,22.2,141,1.7
2016-04-26,10.9,15.0,8.5,1005.5,26.9,112,6.9
2016-04-27,10.6,12.1,9.5,1011.0,23.0,131,9.9
2016-04-28,11.9,16.3,7.8,1017.0,23.0,111,0.4
2016-04-29,11.3,15.5,7.1,1022.6,18.1,114,0.7
2016-04-30,10.0,14.6,3.6,1024.5,7.5,328,1.0
2016-05-01,10.3,15.9,3.0,1024.9,8.5,30,0.0
2016-05-02,11.9,18.3,4.5,1022.5,10.2,343,0.0
2016-05-03,11.9,18.7,4.0,1018.8,7.8,56,0.4
2016-05-04,13.0,17.6,5.1,1016.9,16.8,358,0.0
2016-05-05,10.9,14.5,6.6,1019.4,21.4,23,0.0
2016-05-06,13.0,17.9,5.7,1020.6,13.1,54,0.0
2016-05-07,14.5,19.5,6.7,1021.9,7.3,3,0.0
2016-05-08,14.7,20.9,6.6,1023.2,11.1,334,0.0
2016-05-09,15.1,20.8,7.6,1022.7,13.3,303,0.0
2016-05-10,16.0,20.8,9.1,1019.5,10.3,296,0.0
2016-05-11,16.0,21.8,9.6,1012.4,19.8,278,0.0
2016-05-12,9.5,13.2,5.9,1013.5,17.7,30,0.0
2016-05-13,9.2,13.7,3.1,1012.1,15.4,115,0.0
2016-05-14,11.4,16.0,5.8,1008.8,19.5,124,0.0
2016-05-15,11.8,15.8,6.7,1007.6,20.8,110,0.0
2016-05-16,11.4,14.7,6.5,1010.2,14.2,141,0.0
2016-05-17,11.7,14.5,8.3,1011.8,12.5,149,2.2
2016-05-18,12.5,14.8,10.3,1009.6,18.2,132,7.5
2016-05-19,11.8,16.3,7.9,1013.1,11.7,181,3.9
2016-05-20,12.3,14.2,10.2,1007.1,19.7,40,15.5
2016-05-21,10.9,14.3,7.1,1007.4,18.1,125,1.9
2016-05-22,12.3,16.4,7.0,1012.0,13.1,348,4.9
2016-05-23,13.8,17.3,9.6,1013.8,20.2,356,0.9
2016-05-24,14.4,18.7,10.2,1013.3,11.9,57,3.9
2016-05-25,14.2,17.5,11.4,1008.2,12.9,105,5.5
2016-05-26,15.9,20.1,10.8,1011.0,16.1,204,0.5
2016-05-27,16.6,21.1,10.3,1018.1,10.8,345,0.1
2016-05-28,17.3,21.2,12.6,1021.5,13.3,32,0.1
2016-05-29,18.1,22.6,13.0,1020.5,14.5,55,0.0
2016-05-30,19.0,23.1,13.8,1019.4,15.5,71,0.0
2016-05-31,17.5,21.2,13.9,1020.5,15.5,75,0.0
2016-06-01,15.4,19.0,10.4,1022.8,12.8,104,0.0
2016-06-02,16.3,21.0,9.2,1019.4,7.1,239,0.0
2016-06-03,17.8,21.9,12.4,1012.7,8.9,310,0.6
2016-06-04,16.2,19.6,12.9,1005.0,18.3,301,3.6
2016-06-05,11.6,15.0,7.6,1008.4,13.9,344,2.2
2016-06-06,8.8,12.4,6.4,1013.2,19.9,359,3.6
2016-06-07,8.7,11.1,5.6,1016.8,23.1,352,0.0
2016-06-08,11.7,15.9,6.0,1010.8,18.3,257,2.0
2016-06-09,11.9,14.3,9.7,1004.8,20.8,279,4.6
2016-06-10,11.4,14.7,7.3,1008.8,16.1,229,0.3
2016-06-11,12.4,15.5,10.3,1002.6,16.9,155,6.5
2016-06-12,10.8,13.4,7.5,1001.0,22.5,249,4.2
2016-06-13,12.0,15.1,8.7,1006.1,25.6,263,0.5
2016-06-14,14.1,18.9,7.4,1010.9,8.9,196,0.0
2016-06-15,16.8,20.9,10.9,1010.5,21.7,107,0.0
2016-06-16,18.4,23.0,15.3,1008.3,21.1,133,10.7
2016-06-17,20.1,24.8,15.0,1013.0,17.8,189,0.0
2016-06-18,21.8,25.7,18.2,1011.4,21.0,204,0.0
2016-06-19,19.5,23.5,14.2,1018.7,15.6,247,0.0
2016-06-20,20.0,24.6,13.1,1024.2,8.0,222,0.0
2016-06-21,20.3,25.2,17.1,1020.2,20.5,185,15.0
2016-06-22,17.9,20.2,15.9,1019.8,23.5,265,1.8
2016-06-23,18.2,21.7,13.7,1025.0,12.5,295,0.0
2016-06-24,19.9,24.1,13.8,1022.7,13.7,273,0.0
2016-06-25,22.9,28.0,17.7,1018.6,17.7,257,0.1
2016-06-26,24.8,30.0,19.4,1014.7,16.0,252,0.4
2016-06-27,21.9,24.1,20.1,1010.4,13.3,31,4.4
2016-06-28,18.6,20.3,16.7,1011.7,13.7,100,10.7
2016-06-29,19.9,23.2,16.8,1013.6,11.7,105,0.1
2016-06-30,20.7,24.3,16.3,1015.2,7.3,19,0.0
2016-07-01,21.6,25.7,15.8,1016.8,6.0,274,0.1
2016-07-02,21.6,25.5,17.8,1017.8,8.3,272,3.6
2016-07-03,22.5,27.2,16.5,1014.6,10.0,166,0.3
2016-07-04,19.6,24.1,12.9,1006.6,19.8,194,18.4
2016-07-05,14.0,17.3,12.2,1004.6,26.2,252,6.9
2016-07-06,15.4,18.8,12.3,1001.0,29.7,246,0.8
2016-07-07,15.6,18.4,13.3,1000.8,17.5,224,4.7
2016-07-08,13.0,14.4,11.9,1004.6,22.0,255,2.0
2016-07-09,16.1,20.2,11.6,1007.6,16.3,259,0.1
2016-07-10,16.7,21.1,11.4,1007.7,11.3,251,1.0
2016-07-11,16.6,19.8,13.1,1008.3,16.6,259,0.4
2016-07-12,19.4,23.4,15.3,1006.8,23.2,242,0.6
2016-07-13,18.6,22.8,14.6,1010.0,13.7,269,10.6
2016-07-14,18.7,23.6,13.5,1012.3,12.6,321,7.2
2016-07-15,22.1,27.7,15.6,1011.7,18.4,156,0.2
2016-07-16,18.7,21.3,16.2,1015.8,21.1,254,0.0
2016-07-17,19.5,24.1,13.4,1018.1,9.7,207,0.0
2016-07-18,18.9,21.8,16.4,1008.2,22.9,140,19.6
2016-07-19,16.0,17.6,15.1,1004.0,23.1,338,31.7
2016-07-20,18.2,23.4,15.0,1004.2,19.9,25,23.4
2016-07-21,18.7,21.0,15.7,1007.6,16.6,106,3.1
2016-07-22,18.2,22.0,14.1,1012.5,12.9,19,0.0
2016-07-23,21.0,25.1,17.3,1012.6,19.1,34,1.4
2016-07-24,22.1,26.5,17.3,1017.4,13.2,26,0.3
2016-07-25,21.9,26.4,16.2,1018.7,8.2,3,0.4
2016-07-26,22.2,26.9,16.0,1017.9,5.1,339,0.4
2016-07-27,21.1,25.5,16.3,1016.2,8.8,259,7.7
2016-07-28,21.9,25.6,17.4,1015.0,8.5,319,0.1
2016-07-29,21.9,26.8,15.5,1012.3,12.2,205,3.3
2016-07-30,21.5,26.1,18.6,1008.7,20.5,211,3.7
2016-07-31,19.7,23.5,15.7,1011.6,14.3,232,2.9
2016-08-01,21.1,25.1,16.3,1013.1,17.6,192,0.0
2016-08-02,19.4,21.3,15.4,1012.8,17.4,284,2.0
2016-08-03,17.4,20.7,14.1,1012.8,10.5,339,0.0
2016-08-04,17.9,21.6,13.3,1014.8,12.1,266,0.1
2016-08-05,20.0,24.8,15.0,1017.6,15.4,200,0.0
2016-08-06,22.7,27.7,17.6,1017.5,20.2,195,0.0
2016-08-07,21.0,26.1,15.5,1013.3,20.1,214,1.1
2016-08-08,16.5,19.6,14.1,1013.4,24.3,245,0.1
2016-08-09,19.4,24.4,14.1,1015.6,19.2,218,0.3
2016-08-10,20.3,24.0,16.3,1016.3,14.2,180,0.0
2016-08-11,20.4,24.6,16.7,1012.7,16.9,169,1.9
2016-08-12,13.3,16.5,11.3,1016.9,16.6,310,2.6
2016-08-13,14.0,18.4,8.5,1020.4,8.5,256,0.0
2016-08-14,15.6,20.7,9.5,1015.8,10.2,193,0.0
2016-08-15,14.9,17.5,13.2,1007.4,19.1,308,8.3
2016-08-16,14.1,17.3,10.6,1009.8,23.1,223,0.0
2016-08-17,14.6,17.3,11.9,1012.7,19.1,167,0.6
2016-08-18,17.0,21.0,13.0,1017.3,18.2,130,10.4
2016-08-19,19.5,25.9,13.8,1018.7,14.3,119,4.8
2016-08-20,18.9,21.9,16.6,1017.3,9.0,146,10.1
2016-08-21,18.4,22.1,14.8,1022.7,7.9,2,0.0
2016-08-22,19.0,23.7,13.9,1023.6,9.6,110,0.3
2016-08-23,20.1,25.7,14.7,1020.2,8.9,181,4.3
2016-08-24,16.4,18.5,14.6,1019.5,14.8,326,3.0
2016-08-25,15.1,18.0,12.5,1022.3,14.3,321,0.0
2016-08-26,16.1,20.6,11.7,1021.0,21.7,263,0.0
2016-08-27,19.4,24.2,14.3,1016.7,24.2,239,0.0
2016-08-28,15.7,20.1,11.7,1017.3,24.3,292,0.0
2016-08-29,15.8,21.0,10.8,1015.8,22.1,160,3.1
2016-08-30,18.0,19.9,14.8,1008.1,18.9,242,0.4
2016-08-31,13.9,15.9,11.9,1014.6,22.8,306,0.8
2016-09-01,14.2,18.6,9.9,1017.9,13.5,291,0.0
2016-09-02,15.9,20.2,12.9,1013.6,14.3,244,2.9
2016-09-03,15.0,17.8,12.5,1012.8,14.2,280,0.0
2016-09-04,13.5,16.5,12.1,1009.6,14.6,222,3.8
2016-09-05,13.6,16.6,10.8,1009.1,13.5,295,0.1
2016-09-06,12.9,16.1,9.8,1019.4,16.4,301,0.0
2016-09-07,13.6,16.9,11.0,1015.5,26.4,267,1.6
2016-09-08,14.3,15.9,11.7,1008.4,26.0,301,1.6
2016-09-09,11.8,13.9,10.0,1016.0,18.4,327,0.0
2016-09-10,13.1,16.9,9.7,1018.0,16.3,273,0.0
2016-09-11,13.7,16.0,11.8,1017.4,9.5,294,1.4
2016-09-12,15.7,20.0,11.8,1016.1,21.9,271,0.2
2016-09-13,12.2,14.1,10.5,1013.5,27.2,323,0.0
2016-09-14,10.6,12.2,9.1,1016.8,17.4,347,0.0
2016-09-15,10.8,13.0,8.7,1015.5,18.3,311,1.1
2016-09-16,10.8,13.7,8.5,1009.9,19.4,332,3.6
2016-09-17,9.0,11.5,6.4,1016.8,17.9,352,0.2
2016-09-18,8.0,10.1,6.4,1018.2,17.9,336,0.0
2016-09-19,7.3,8.9,5.9,1014.1,20.6,316,0.8
2016-09-20,8.3,10.9,6.9,1012.3,14.2,1,3.9
2016-09-21,8.8,11.7,7.3,1014.5,14.6,32,2.4
2016-09-22,6.8,7.9,5.7,1010.7,22.5,15,13.8
2016-09-23,7.0,8.1,5.9,1004.9,15.5,302,12.3
2016-09-24,8.1,10.5,6.5,1016.6,16.3,244,0.1
2016-09-25,8.1,11.4,4.7,1024.7,13.8,2,0.0
2016-09-26,9.1,11.6,7.1,1025.9,15.3,10,0.0
2016-09-27,9.0,10.9,6.7,1026.3,11.2,29,0.0
2016-09-28,7.3,9.2,5.6,1022.3,12.3,186,0.3
2016-09-29,8.1,10.1,6.7,1010.5,16.3,186,1.8
2016-09-30,11.9,14.9,8.7,1004.6,25.2,225,2.3
2016-10-01,11.5,14.6,9.0,1010.8,25.8,251,0.0
2016-10-02,10.3,13.4,7.4,1018.1,12.9,180,3.0
2016-10-03,11.1,14.6,8.2,1017.9,16.9,316,0.8
2016-10-04,7.1,9.3,5.8,1021.9,21.9,6,1.3
2016-10-05,6.8,7.5,6.1,1027.5,24.4,45,2.7
2016-10-06,7.6,9.1,6.8,1028.4,22.1,73,1.5
2016-10-07,6.2,6.7,5.2,1020.8,16.1,65,9.9
2016-10-08,6.6,8.7,5.3,1022.1,19.8,77,3.2
2016-10-09,6.4,7.8,3.1,1027.4,23.3,65,0.0
2016-10-10,2.6,4.6,0.7,1029.7,23.9,68,0.0
2016-10-11,2.8,3.5,2.0,1032.9,14.7,74,0.0
2016-10-12,2.7,4.3,1.4,1034.1,7.0,346,0.0
2016-10-13,1.3,2.1,0.6,1030.2,10.1,353,0.0
2016-10-14,1.9,4.1,0.4,1030.6,11.4,340,0.0
2016-10-15,3.1,5.1,1.5,1033.6,11.5,8,0.3
2016-10-16,1.8,3.5,0.6,1038.8,10.4,345,0.0
2016-10-17,2.9,5.4,1.2,1040.0,10.2,291,0.0
2016-10-18,2.6,3.4,1.3,1036.3,6.4,278,0.2
2016-10-19,1.1,2.5,-0.4,1033.7,8.3,178,0.0
2016-10-20,0.4,1.6,-0.7,1035.6,8.2,143,0.0
2016-10-21,0.2,1.9,-0.8,1037.6,12.9,129,0.0
2016-10-22,0.7,2.5,-0.6,1038.8,17.7,112,0.0
2016-10-23,2.0,4.5,0.0,1042.4,23.0,123,0.0
2016-10-24,0.6,2.1,-0.7,1045.9,20.4,135,0.0
2016-10-25,0.4,2.8,-1.2,1038.2,26.4,153,4.2
2016-10-26,-1.5,-1.0,-1.9,1025.7,25.6,179,17.5
2016-10-27,-0.2,1.6,-1.5,1030.2,14.1,206,0.0
2016-10-28,-0.2,2.0,-2.4,1024.9,26.7,195,2.1
2016-10-29,0.3,0.8,-1.0,1002.6,26.0,192,11.6
2016-10-30,-1.5,-0.5,-2.6,1007.0,16.3,68,1.3
2016-10-31,-3.2,-1.5,-5.9,1016.9,13.5,20,0.0
2016-11-01,-5.8,-3.6,-7.5,1021.5,9.0,10,0.0
2016-11-02,-5.2,-3.8,-6.5,1014.3,24.0,147,2.1
2016-11-03,-2.2,-0.7,-3.8,1002.8,18.8,132,7.3
2016-11-04,-2.9,-1.7,-4.3,1007.5,18.9,287,0.9
2016-11-05,-5.1,-4.1,-7.7,1016.7,13.7,298,0.0
2016-11-06,-6.5,-5.0,-8.3,1016.4,22.3,98,1.6
2016-11-07,-4.5,-3.6,-5.3,1004.8,22.9,79,15.4
2016-11-08,-5.3,-3.8,-9.1,1006.5,16.8,296,2.1
2016-11-09,-5.8,-3.5,-9.0,1020.6,15.3,95,0.0
2016-11-10,-8.7,-6.5,-10.5,1013.0,21.3,74,6.4
2016-11-11,-10.5,-10.1,-10.9,1010.4,22.3,328,9.0
2016-11-12,-7.5,-6.0,-9.6,1015.3,21.1,298,7.0
2016-11-13,-4.7,-2.7,-6.5,1021.8,14.7,280,0.0
2016-11-14,-4.4,-2.5,-6.6,1027.9,8.9,126,0.0
2016-11-15,-5.4,-3.7,-7.5,1030.6,14.2,163,0.0
2016-11-16,-6.0,-4.3,-7.6,1023.4,20.9,183,0.0
2016-11-17,-3.1,-1.8,-4.1,1017.7,22.0,190,0.1
2016-11-18,-1.1,0.5,-2.1,1019.4,20.9,186,0.9
2016-11-19,1.9,3.1,0.8,1023.5,23.9,185,0.3
2016-11-20,0.8,2.5,-0.7,1025.8,29.8,187,1.0
2016-11-21,-1.1,0.7,-2.3,1032.6,22.7,188,0.0
2016-11-22,-3.7,-2.1,-5.2,1033.2,19.4,202,0.0
2016-11-23,-5.0,-3.7,-6.6,1029.3,18.7,216,0.0
2016-11-24,-1.4,1.8,-3.6,1015.7,25.3,230,1.8
2016-11-25,-0.1,1.7,-1.1,1009.8,24.2,276,0.2
2016-11-26,-0.9,0.7,-2.0,1002.0,19.6,224,6.3
2016-11-27,0.4,1.3,-0.9,988.2,21.2,253,3.7
2016-11-28,-6.2,-1.1,-10.7,999.6,17.9,341,1.2
2016-11-29,-11.6,-10.5,-12.8,1012.0,15.6,325,0.0
2016-11-30,-9.5,-7.6,-11.3,1013.2,21.1,216,0.2
2016-12-01,-5.0,-2.7,-7.5,1001.8,18.2,195,2.6
2016-12-02,-4.5,-3.4,-6.0,1002.0,12.6,172,0.8
2016-12-03,-5.9,-4.6,-8.3,1007.4,6.9,210,0.0
2016-12-04,-7.1,-5.3,-8.5,1014.9,13.7,305,0.2
2016-12-05,-4.0,1.4,-9.3,1002.6,31.3,249,7.5
2016-12-06,-9.3,-2.2,-13.1,1009.7,27.3,326,0.1
2016-12-07,-9.4,-3.3,-12.0,1022.1,26.6,281,2.3
2016-12-08,-3.5,-1.9,-7.0,1003.6,25.6,246,2.5
2016-12-09,-3.6,0.6,-8.8,997.1,20.4,275,0.1
2016-12-10,-4.7,-0.2,-7.3,999.3,21.7,306,0.0
2016-12-11,-7.3,-5.9,-8.7,1005.7,19.3,298,0.0
2016-12-12,-9.8,-8.7,-10.7,1011.0,16.6,312,0.0
2016-12-13,-10.2,-9.2,-11.0,1016.2,12.0,266,0.2
2016-12-14,-8.1,-5.0,-10.7,1013.7,15.3,266,1.1
2016-12-15,-10.6,-8.9,-12.2,1026.2,16.6,318,0.0
2016-12-16,-8.9,-6.2,-10.8,1027.2,12.3,208,0.3
2016-12-17,-4.6,-2.1,-6.4,1024.6,15.2,276,0.0
2016-12-18,-1.9,-1.0,-3.0,1019.9,19.8,287,0.0
2016-12-19,-2.3,-1.5,-3.1,1019.1,15.9,320,0.0
2016-12-20,-3.7,-0.5,-4.6,1028.7,23.6,231,0.8
2016-12-21,0.6,1.2,-0.8,1026.0,22.3,280,0.2
2016-12-22,-1.1,0.2,-2.1,1024.8,16.8,255,0.0
2016-12-23,-1.4,-0.8,-2.1,1020.8,16.1,240,0.6
2016-12-24,-0.6,0.4,-2.0,1016.1,21.2,240,0.0
2016-12-25,-1.4,-0.9,-2.0,1008.3,19.1,214,0.3
2016-12-26,-0.5,1.3,-2.3,1004.1,27.2,220,2.8
2016-12-27,0.3,1.6,-1.0,996.7,16.9,248,2.7
2016-12-28,-2.0,-1.3,-3.4,1010.7,19.0,326,0.1
2016-12-29,-4.3,-3.3,-5.1,1029.8,21.0,287,0.0
2016-12-30,-1.0,0.5,-3.6,1023.1,20.3,252,0.0
2016-12-31,1.4,2.8,-0.2,1009.8,23.1,253,0.0
2017-01-01,2.6,3.2,2.0,1000.0,23.3,250,3.9
2017-01-02,-1.1,1.9,-4.4,995.9,18.1,289,2.4
2017-01-03,-10.6,-4.8,-13.9,1001.0,15.2,14,0.1
2017-01-04,-13.4,-11.6,-14.3,1000.0,20.2,88,1.3
2017-01-05,-20.3,-14.4,-26.0,1009.0,21.4,28,3.3
2017-01-06,-28.9,-26.5,-30.3,1031.5,18.4,11,0.0
2017-01-07,-31.1,-28.6,-33.2,1033.7,11.0,35,0.0
2017-01-08,-29.5,-25.7,-33.9,1030.7,9.6,187,0.0
2017-01-09,-17.7,-9.6,-27.4,1025.6,16.9,238,0.0
2017-01-10,-6.7,-4.8,-9.6,1022.0,14.5,243,0.0
2017-01-11,-7.4,-4.8,-10.5,1021.1,17.7,221,0.0
2017-01-12,-8.0,-6.9,-8.9,1008.3,19.6,159,0.7
2017-01-13,-5.5,-4.3,-6.7,1003.4,17.1,188,0.0
2017-01-14,-2.6,-1.4,-4.2,1004.5,24.8,171,5.8
2017-01-15,-0.5,0.9,-2.1,1004.7,25.9,183,3.4
2017-01-16,-3.9,-2.3,-4.8,1020.6,11.8,236,0.1
2017-01-17,-4.9,-3.3,-6.3,1031.1,10.5,281,0.4
2017-01-18,-6.4,-4.5,-7.8,1033.8,21.0,260,0.0
2017-01-19,-3.3,-0.6,-4.9,1022.3,25.7,252,0.5
2017-01-20,-2.6,0.3,-6.4,1014.4,27.9,283,0.1
2017-01-21,-4.3,-2.5,-7.2,1014.2,28.1,305,1.0
2017-01-22,-3.4,0.8,-7.2,1018.2,23.6,284,2.4
2017-01-23,-0.1,0.8,-0.7,1012.1,21.6,269,1.2
2017-01-24,-1.7,0.2,-7.8,1007.6,22.1,307,2.8
2017-01-25,-12.0,-8.3,-18.0,1027.4,20.8,18,0.0
2017-01-26,-14.6,-6.1,-23.1,1027.3,21.3,255,2.5
2017-01-27,-2.9,-0.2,-5.6,1020.6,14.2,315,0.0
2017-01-28,-1.9,-0.4,-3.4,1027.3,7.9,290,0.0
2017-01-29,-1.4,-0.4,-2.7,1030.4,19.1,214,0.0
2017-01-30,-4.8,-2.8,-6.6,1028.3,21.7,221,0.0
2017-01-31,-5.7,-4.4,-6.8,1024.2,16.9,253,0.0
2017-02-01,-2.8,-1.8,-4.1,1021.5,16.8,298,0.0
2017-02-02,-9.3,-3.7,-12.9,1027.6,13.2,80,0.1
2017-02-03,-8.3,-5.1,-11.8,1022.6,10.6,189,0.0
2017-02-04,-9.1,-7.3,-11.4,1017.9,8.0,122,0.0
2017-02-05,-12.0,-10.1,-14.8,1019.9,14.6,61,0.0
2017-02-06,-16.4,-14.2,-20.6,1033.8,17.9,51,0.0
2017-02-07,-22.3,-18.9,-25.1,1044.6,12.2,34,0.0
2017-02-08,-17.0,-12.4,-23.1,1044.3,11.8,316,0.0
2017-02-09,-8.8,-4.8,-13.1,1043.0,13.3,334,0.0
2017-02-10,-5.7,-4.3,-7.1,1042.1,13.2,344,0.1
2017-02-11,-4.2,-2.2,-5.3,1040.6,14.4,331,0.0
2017-02-12,-8.0,-5.4,-14.0,1037.6,19.5,319,0.6
2017-02-13,-8.2,-3.5,-15.6,1027.9,20.6,262,1.1
2017-02-14,0.3,3.2,-3.2,1013.3,31.4,326,0.0
2017-02-15,-3.8,-1.6,-7.2,1028.7,19.2,350,0.0
2017-02-16,-6.8,-2.0,-11.5,1027.2,15.9,208,0.0
2017-02-17,-1.5,0.2,-3.8,1011.3,16.2,241,0.8
2017-02-18,0.1,0.6,-0.6,1008.5,23.9,275,0.4
2017-02-19,0.0,1.2,-1.1,1007.9,30.1,248,2.7
2017-02-20,1.6,2.3,1.2,997.4,30.0,244,3.9
2017-02-21,0.9,2.0,-0.8,984.9,22.0,244,6.3
2017-02-22,-7.1,-1.3,-11.2,997.6,17.8,24,0.0
2017-02-23,-3.9,0.9,-11.4,987.7,16.4,171,2.9
2017-02-24,-1.0,0.9,-3.0,986.1,21.5,248,4.9
2017-02-25,-5.3,-3.0,-7.6,995.7,32.2,271,0.7
2017-02-26,-4.9,-2.0,-7.7,1003.5,24.7,248,1.3
2017-02-27,-0.8,1.3,-2.8,1002.8,16.6,281,2.8
2017-02-28,-0.6,2.3,-4.6,1012.9,20.6,177,0.0
2017-03-01,2.0,3.2,0.8,1006.1,20.9,187,0.8
2017-03-02,2.2,3.7,0.2,1004.0,18.4,218,3.0
2017-03-03,0.6,2.6,-1.4,1002.1,22.7,200,4.4
2017-03-04,0.6,3.7,-2.2,1010.3,22.6,234,0.1
2017-03-05,-0.0,2.0,-4.0,1009.8,17.4,266,4.3
2017-03-06,-5.2,-4.3,-5.7,1015.4,22.7,59,6.4
2017-03-07,-2.6,0.8,-5.4,1019.7,23.8,89,2.0
2017-03-08,1.3,4.9,-1.8,1026.7,16.7,136,0.0
2017-03-09,1.7,7.4,-2.5,1025.0,13.6,165,0.0
2017-03-10,2.5,6.0,-0.8,1017.7,16.5,175,0.0
2017-03-11,1.1,3.3,-1.5,1021.4,18.4,285,0.0
2017-03-12,0.3,4.2,-2.2,1025.9,9.7,52,0.0
2017-03-13,0.0,5.9,-4.9,1026.0,10.2,32,0.0
2017-03-14,0.4,7.6,-6.4,1025.2,13.2,180,0.0
2017-03-15,0.6,2.4,-1.6,1012.5,24.0,215,2.7
2017-03-16,1.0,4.8,-2.3,1008.5,12.7,244,0.1
2017-03-17,0.4,6.9,-5.2,1011.4,19.1,210,0.0
2017-03-18,1.9,4.8,0.3,1001.4,27.5,181,1.0
2017-03-19,1.1,3.6,-2.8,1000.3,18.0,179,2.4
2017-03-20,-0.8,4.0,-5.2,1006.9,10.2,4,0.0
2017-03-21,1.2,6.2,-4.4,1010.0,17.4,185,0.0
2017-03-22,4.1,7.3,1.6,1013.2,18.3,219,2.1
2017-03-23,1.8,6.7,-1.6,1019.4,23.8,265,0.4
2017-03-24,0.1,4.7,-3.5,1018.5,17.1,271,0.4
2017-03-25,-2.6,4.2,-7.4,1016.1,16.9,298,0.0
2017-03-26,-2.1,2.8,-9.4,1012.9,28.8,267,3.2
2017-03-27,1.3,3.8,-0.4,998.9,34.8,308,4.1
2017-03-28,0.4,3.0,-3.0,999.4,33.5,315,6.6
2017-03-29,-3.9,0.4,-10.2,1011.5,19.0,311,1.1
2017-03-30,-5.0,-0.1,-10.9,1019.0,18.6,317,0.9
2017-03-31,-4.1,0.9,-12.4,1019.7,12.4,191,1.5
2017-04-01,-1.9,3.7,-9.1,1021.3,24.0,191,0.1
2017-04-02,4.5,8.8,-0.3,1012.4,25.5,253,0.6
2017-04-03,2.1,4.2,0.3,1017.6,12.4,88,4.3
2017-04-04,2.6,6.4,-1.1,1027.2,10.8,183,0.0
2017-04-05,5.6,12.6,-0.2,1016.8,21.8,218,0.0
2017-04-06,6.7,13.1,3.2,1005.7,18.5,237,5.1
2017-04-07,4.0,7.2,0.0,1007.6,8.1,52,1.3
2017-04-08,3.5,8.8,-1.4,1008.3,22.1,309,0.8
2017-04-09,3.0,9.3,-3.2,1018.6,16.6,263,0.0
2017-04-10,7.6,12.1,3.6,1012.6,21.1,235,0.0
2017-04-11,8.3,11.3,4.1,1001.6,21.8,223,1.7
2017-04-12,2.2,5.6,-0.8,1001.8,27.5,259,2.0
2017-04-13,2.9,8.2,-1.1,997.1,19.1,197,4.5
2017-04-14,0.0,3.2,-2.8,1000.8,23.5,290,0.0
2017-04-15,-2.3,0.1,-5.1,1005.6,15.9,311,0.0
2017-04-16,-1.7,3.1,-5.8,1004.4,20.2,22,2.2
2017-04-17,-2.1,1.1,-5.1,1010.4,18.2,310,1.7
2017-04-18,-2.2,0.9,-5.8,1023.7,12.3,358,0.2
2017-04-19,-1.0,2.4,-4.8,1029.5,17.2,29,0.0
2017-04-20,-0.1,4.1,-4.1,1027.5,17.2,347,0.0
2017-04-21,0.7,3.4,-2.8,1010.6,30.1,229,2.7
2017-04-22,2.9,6.6,0.6,993.1,26.6,220,6.3
2017-04-23,2.3,6.2,-1.0,998.4,27.1,266,2.2
2017-04-24,2.1,6.8,-2.4,1008.5,15.4,291,0.8
2017-04-25,4.0,9.7,-2.6,1012.1,18.8,211,1.5
2017-04-26,5.0,6.9,2.8,1008.1,25.3,206,9.3
2017-04-27,4.1,6.8,0.9,1014.2,14.8,227,2.1
2017-04-28,5.9,11.6,-0.2,1020.3,18.4,124,2.0
2017-04-29,8.9,15.1,3.8,1015.5,21.1,106,10.5
2017-04-30,12.4,20.4,6.1,1017.8,20.2,252,1.0
2017-05-01,9.4,15.9,4.0,1023.0,18.8,36,0.9
2017-05-02,8.5,12.1,5.4,1019.5,19.8,344,0.6
2017-05-03,7.7,12.6,1.5,1024.7,14.8,343,0.0
2017-05-04,6.1,11.1,1.4,1029.7,16.2,21,0.0
2017-05-05,7.7,13.9,-0.4,1023.5,20.3,276,0.0
2017-05-06,9.4,15.9,4.1,1009.7,26.0,302,0.1
2017-05-07,5.1,9.8,1.4,1010.6,12.8,74,0.0
2017-05-08,5.0,7.9,2.1,1004.8,19.8,74,0.0
2017-05-09,3.3,6.8,0.2,1002.9,17.7,20,1.8
2017-05-10,0.9,4.8,-6.1,1005.0,15.4,336,12.9
2017-05-11,-0.3,6.2,-9.1,1007.6,12.9,283,0.9
2017-05-12,2.8,7.8,-3.8,1014.4,17.2,287,0.5
2017-05-13,4.8,10.7,-1.9,1020.5,13.1,310,0.0
2017-05-14,6.4,11.6,-0.4,1025.4,10.5,40,0.0
2017-05-15,9.1,16.4,2.8,1023.7,17.9,207,2.3
2017-05-16,6.4,9.6,4.4,1021.7,24.1,340,4.6
2017-05-17,7.3,12.5,1.5,1026.3,21.0,6,0.0
2017-05-18,10.2,16.8,2.5,1022.3,9.7,24,0.0
2017-05-19,14.1,20.4,6.6,1018.3,8.4,292,0.0
2017-05-20,16.8,23.9,10.6,1012.6,17.9,281,1.0
2017-05-21,10.8,13.1,6.7,1013.2,19.2,13,0.0
2017-05-22,9.1,13.8,2.9,1014.6,11.2,24,0.0
2017-05-23,13.4,18.9,7.6,1010.3,15.5,253,0.4
2017-05-24,14.5,19.5,8.3,1011.0,8.6,239,0.1
2017-05-25,12.4,15.7,8.4,1009.9,21.6,263,5.3
2017-05-26,11.8,17.0,8.1,1010.0,18.3,270,4.6
2017-05-27,11.4,15.9,6.4,1015.2,21.0,328,0.2
2017-05-28,9.6,13.7,5.9,1016.8,22.8,351,0.7
2017-05-29,15.1,20.0,10.4,1003.8,26.9,258,10.6
2017-05-30,11.0,14.4,8.6,1009.1,11.4,359,0.0
2017-05-31,12.5,16.1,8.1,1002.8,22.7,203,7.5
2017-06-01,10.0,11.8,5.6,999.1,24.8,288,7.8
2017-06-02,4.9,7.9,2.3,1002.2,24.3,284,3.7
2017-06-03,5.2,9.5,2.0,1008.3,27.1,303,4.5
2017-06-04,7.9,12.4,2.0,1013.3,25.4,278,0.7
2017-06-05,8.3,10.4,3.5,1010.6,19.8,154,13.0
2017-06-06,11.9,15.5,9.2,1015.2,14.6,302,0.4
2017-06-07,14.3,20.4,5.7,1017.4,7.8,300,0.0
2017-06-08,15.6,20.2,9.5,1014.5,15.2,69,0.0
2017-06-09,13.7,17.0,11.0,1017.4,15.6,126,0.0
2017-06-10,13.5,17.5,10.2,1016.8,13.4,211,2.7
2017-06-11,14.4,19.1,8.2,1013.0,10.6,292,0.3
2017-06-12,15.1,20.1,11.2,1005.7,16.5,247,2.3
2017-06-13,14.0,17.0,11.9,993.9,19.1,252,8.5
2017-06-14,11.2,13.9,8.6,995.6,23.4,310,3.2
2017-06-15,11.6,16.2,7.8,1005.4,23.6,334,2.2
2017-06-16,13.3,18.4,7.5,1008.7,16.2,350,0.0
2017-06-17,15.7,21.0,10.0,1009.5,12.4,338,0.0
2017-06-18,17.4,22.9,11.2,1012.3,15.4,300,0.0
2017-06-19,16.4,19.6,14.1,1007.5,21.9,283,4.6
2017-06-20,15.6,19.1,11.4,1003.3,21.7,258,4.1
2017-06-21,11.8,15.1,9.1,998.5,36.9,280,1.6
2017-06-22,11.4,15.4,8.4,1003.4,21.8,286,1.8
2017-06-23,11.6,15.5,7.2,1004.5,14.8,272,1.4
2017-06-24,12.1,16.4,6.6,1006.3,11.8,247,0.8
2017-06-25,15.0,19.1,11.4,1003.0,20.8,231,5.3
2017-06-26,15.6,19.5,11.7,1002.1,24.7,236,0.6
2017-06-27,14.2,17.8,10.5,1004.6,26.4,255,1.2
2017-06-28,13.7,17.8,9.5,1011.5,20.2,273,0.0
2017-06-29,14.6,20.4,7.3,1013.8,13.7,206,3.2
2017-06-30,17.4,21.6,13.2,1005.2,19.5,123,12.2
2017-07-01,17.3,20.0,14.2,1001.3,21.0,257,0.6
2017-07-02,13.6,14.6,11.8,1001.1,12.4,61,2.8
2017-07-03,15.2,18.9,11.8,1002.9,15.8,355,1.4
2017-07-04,14.6,18.0,11.4,1007.0,19.2,279,1.8
2017-07-05,13.4,17.7,9.3,1006.1,17.1,272,4.7
2017-07-06,12.9,15.4,10.7,1009.4,22.5,295,0.8
2017-07-07,10.9,13.8,8.4,1010.1,21.0,306,2.8
2017-07-08,11.1,12.9,9.4,1007.7,25.7,313,2.8
2017-07-09,12.3,15.1,9.4,1007.8,20.6,308,0.5
2017-07-10,15.4,20.0,10.9,1011.7,15.6,319,1.2
2017-07-11,18.0,23.2,11.4,1015.3,13.4,184,0.0
2017-07-12,17.2,19.4,14.6,1009.0,26.5,158,5.7
2017-07-13,16.8,21.2,11.7,1007.3,9.0,70,0.0
2017-07-14,16.9,21.5,12.8,1004.8,10.9,127,12.2
2017-07-15,16.9,20.5,14.9,1009.9,13.1,142,4.8
2017-07-16,16.8,19.4,14.4,1012.3,13.7,162,5.4
2017-07-17,14.7,17.5,11.7,1013.6,20.2,223,0.8
2017-07-18,15.8,18.5,13.1,1014.0,17.8,247,0.7
2017-07-19,14.7,18.2,11.0,1015.5,17.3,257,0.2
2017-07-20,14.2,18.5,10.1,1014.3,11.2,235,5.8
2017-07-21,14.6,18.3,10.9,1013.6,13.0,302,5.3
2017-07-22,15.4,19.4,10.1,1015.7,10.1,333,0.1
2017-07-23,15.0,19.0,10.6,1015.0,19.6,304,0.1
2017-07-24,16.3,21.1,11.3,1011.8,15.6,268,0.0
2017-07-25,16.1,18.7,12.9,1009.5,8.7,164,2.2
2017-07-26,17.3,20.3,15.1,1005.5,15.0,140,14.1
2017-07-27,19.6,22.9,16.5,1005.4,17.2,242,0.2
2017-07-28,19.5,24.5,13.9,1009.8,9.4,186,0.0
2017-07-29,20.3,27.0,16.1,1007.3,23.1,80,6.8
2017-07-30,18.1,19.8,16.3,1006.2,20.6,325,2.7
2017-07-31,18.9,23.0,13.9,1012.5,18.9,307,0.0
2017-08-01,19.7,22.9,15.9,1017.9,19.1,286,3.7
2017-08-02,19.8,26.6,14.6,1017.2,21.2,202,13.0
2017-08-03,18.9,21.5,15.2,1012.6,19.2,278,0.8
2017-08-04,16.8,21.1,13.0,1007.7,21.4,221,4.0
2017-08-05,17.6,20.4,14.7,1005.8,23.6,259,0.6
2017-08-06,17.4,21.1,13.4,1012.1,23.6,243,0.0
2017-08-07,16.9,20.2,14.1,1015.9,21.2,266,0.1
2017-08-08,15.8,18.6,12.1,1022.4,14.3,305,0.0
2017-08-09,16.6,21.9,10.4,1027.5,8.2,26,0.0
2017-08-10,18.1,22.9,12.1,1023.1,18.6,210,0.0
2017-08-11,19.2,23.0,15.2,1016.1,14.5,281,0.7
2017-08-12,18.0,23.8,10.9,1016.9,10.4,212,0.0
2017-08-13,21.1,27.2,14.9,1013.0,15.4,184,0.1
2017-08-14,18.2,20.5,14.1,1017.0,14.5,314,0.5
2017-08-15,16.0,20.5,12.1,1026.3,11.6,16,0.0
2017-08-16,16.3,22.0,9.3,1027.6,12.0,133,0.0
2017-08-17,18.8,25.8,11.6,1024.9,13.1,163,0.0
2017-08-18,21.0,26.7,15.6,1021.6,18.9,192,0.0
2017-08-19,22.5,28.4,16.9,1019.3,15.7,200,0.0
2017-08-20,22.9,29.0,17.7,1018.9,20.2,199,0.0
2017-08-21,22.5,28.1,17.2,1016.3,19.9,169,0.0
2017-08-22,21.0,26.8,17.3,1012.6,16.4,136,0.8
2017-08-23,18.6,21.0,15.4,1004.2,20.7,110,0.2
2017-08-24,14.5,17.0,12.8,1001.8,26.2,173,7.0
2017-08-25,13.5,15.1,12.2,1009.1,18.7,248,1.6
2017-08-26,13.0,15.6,11.1,1010.5,24.4,245,2.7
2017-08-27,11.7,13.8,9.6,1012.2,21.6,274,0.0
2017-08-28,10.6,14.4,6.0,1012.1,18.0,14,0.3
2017-08-29,11.2,13.6,9.1,1017.8,16.2,3,0.0
2017-08-30,11.5,15.1,6.7,1021.2,10.5,238,0.0
2017-08-31,13.3,19.0,7.3,1020.1,13.3,219,0.0
2017-09-01,13.7,19.1,8.3,1017.6,14.5,213,0.0
2017-09-02,13.8,18.5,8.9,1014.5,15.0,24,0.0
2017-09-03,13.3,16.4,11.6,1016.4,12.2,52,0.1
2017-09-04,10.6,11.7,8.4,1020.2,16.6,67,2.2
2017-09-05,9.5,13.0,6.8,1019.0,24.5,67,8.0
2017-09-06,8.8,10.1,7.8,1011.1,21.5,66,11.5
2017-09-07,11.0,14.4,9.2,1004.0,11.3,109,5.5
2017-09-08,10.7,12.2,8.9,1004.6,13.5,239,0.6
2017-09-09,12.2,16.2,8.4,1011.9,17.2,238,0.3
2017-09-10,15.9,21.1,10.8,1012.6,16.7,186,0.0
2017-09-11,17.0,21.2,14.4,1010.2,20.4,214,4.5
2017-09-12,19.4,24.8,14.9,1009.1,18.4,182,0.0
2017-09-13,18.4,24.2,13.5,1000.9,20.6,196,3.8
2017-09-14,13.0,15.9,10.2,999.0,30.0,224,3.9
2017-09-15,12.4,14.4,10.5,999.5,28.1,231,11.4
2017-09-16,12.7,15.4,10.4,1012.4,24.9,248,0.7
2017-09-17,11.0,14.6,7.4,1019.3,13.0,192,7.0
2017-09-18,14.2,19.5,10.8,1005.4,28.5,160,11.7
2017-09-19,11.6,13.7,10.7,1005.5,30.6,235,1.9
2017-09-20,11.6,16.1,7.3,1021.6,14.8,241,0.0
2017-09-21,12.2,16.8,7.9,1026.8,22.2,96,0.0
2017-09-22,10.3,13.1,7.8,1031.2,21.6,106,0.0
2017-09-23,8.8,13.8,4.3,1033.9,14.7,113,0.0
2017-09-24,9.6,15.6,4.2,1037.2,13.7,92,0.0
2017-09-25,9.3,14.9,3.5,1039.6,10.9,70,0.0
2017-09-26,9.6,11.4,6.0,1040.7,11.8,58,0.0
2017-09-27,6.7,9.4,3.0,1041.8,8.9,34,0.4
2017-09-28,7.4,9.3,6.0,1042.6,6.6,74,0.0
2017-09-29,7.6,9.2,5.9,1036.8,15.8,315,0.0
2017-09-30,7.4,8.8,6.3,1032.4,12.1,9,0.3
2017-10-01,5.6,6.8,4.6,1033.2,9.6,80,0.2
2017-10-02,4.5,5.8,3.5,1032.5,11.2,169,0.0
2017-10-03,4.5,6.3,3.2,1025.8,24.1,175,0.0
2017-10-04,5.4,7.4,4.6,1013.4,20.0,186,6.2
2017-10-05,7.3,8.9,5.1,998.1,20.5,199,6.4
2017-10-06,6.0,8.4,4.0,993.4,19.2,201,1.0
2017-10-07,6.5,10.4,3.6,1003.6,16.4,236,0.0
2017-10-08,7.1,10.4,4.5,1013.4,21.5,187,0.1
2017-10-09,9.0,11.2,6.6,1005.4,25.5,123,7.0
2017-10-10,6.6,8.4,4.9,1007.8,19.7,185,0.0
2017-10-11,6.2,8.4,4.8,1007.9,20.8,189,2.7
2017-10-12,7.0,8.6,6.1,1007.2,14.8,222,5.5
2017-10-13,8.1,9.2,6.5,1000.4,14.8,231,23.1
2017-10-14,5.6,7.8,4.0,1006.5,30.4,322,5.1
2017-10-15,4.7,7.3,3.0,1005.7,26.9,301,2.6
2017-10-16,5.4,7.8,3.4,1014.2,19.6,289,0.4
2017-10-17,8.6,10.4,6.8,1011.8,21.7,275,1.0
2017-10-18,10.1,12.1,5.4,1004.2,34.2,261,1.6
2017-10-19,5.2,7.5,2.8,1013.9,24.1,287,0.5
2017-10-20,2.9,5.3,1.0,1021.4,12.0,300,1.2
2017-10-21,0.2,1.9,-2.4,1021.9,14.1,341,0.4
2017-10-22,-1.0,2.2,-3.7,1019.5,17.8,277,1.1
2017-10-23,-0.9,0.6,-2.0,1022.4,13.2,352,1.0
2017-10-24,-1.5,-0.1,-2.7,1033.0,6.6,353,0.1
2017-10-25,-1.4,0.2,-3.0,1033.2,12.3,242,0.9
2017-10-26,-2.2,-0.9,-3.3,1017.2,23.2,140,1.6
2017-10-27,-1.2,-0.3,-1.8,1005.8,16.2,123,3.9
2017-10-28,-0.4,1.0,-1.6,1001.1,15.4,182,1.2
2017-10-29,2.2,4.0,1.0,984.1,20.2,165,3.1
2017-10-30,3.6,4.2,3.1,983.0,20.1,97,7.7
2017-10-31,1.0,3.0,0.0,985.9,30.9,342,7.5
2017-11-01,-1.6,-0.1,-3.5,999.4,28.5,303,0.0
2017-11-02,-3.1,1.5,-5.3,1002.9,15.8,276,0.0
2017-11-03,-2.0,-0.2,-4.2,1006.6,10.7,206,0.4
2017-11-04,0.7,2.8,-2.5,1015.2,15.3,245,0.0
2017-11-05,3.7,5.3,2.7,1019.1,16.5,218,0.1
2017-11-06,4.9,6.6,3.0,1021.6,19.9,206,0.0
2017-11-07,4.9,6.3,1.6,1025.2,20.0,257,0.2
2017-11-08,0.3,4.3,-1.9,1032.6,10.9,287,0.0
2017-11-09,-0.8,0.2,-2.1,1028.8,15.1,194,0.0
2017-11-10,1.1,2.2,-0.1,1015.0,17.9,195,0.9
2017-11-11,3.9,5.1,2.2,1006.0,23.1,178,2.7
2017-11-12,2.0,4.2,1.0,1001.9,19.8,205,0.5
2017-11-13,1.6,3.3,0.6,1009.5,22.1,211,1.0
2017-11-14,0.5,2.0,-0.2,1009.0,20.0,292,8.0
2017-11-15,0.4,1.1,-0.3,1016.0,20.2,232,0.8
2017-11-16,1.3,2.1,0.4,1014.1,22.2,262,3.7
2017-11-17,1.1,2.0,-0.8,1017.9,23.9,235,0.8
2017-11-18,0.8,2.0,-0.3,1013.9,20.0,231,0.2
2017-11-19,0.1,2.0,-0.9,1008.2,13.4,167,1.6
2017-11-20,0.2,1.1,-0.6,1008.2,18.1,204,0.6
2017-11-21,-0.8,0.6,-2.0,1009.9,8.8,27,0.0
2017-11-22,-1.8,-0.8,-2.7,1012.2,14.9,338,1.3
2017-11-23,-4.4,-2.8,-6.3,1020.5,16.1,350,0.0
2017-11-24,-5.4,-3.5,-6.8,1023.3,13.5,169,0.0
2017-11-25,-2.2,-0.8,-3.7,1018.8,14.5,184,0.0
2017-11-26,-0.1,0.8,-1.2,1018.0,22.0,179,0.5
2017-11-27,0.4,1.1,-0.3,1020.1,17.9,185,3.5
2017-11-28,-2.4,-0.6,-3.5,1021.8,16.0,185,3.4
2017-11-29,-4.1,-2.0,-5.4,1020.7,16.8,166,0.4
2017-11-30,-3.2,-2.0,-5.1,1021.2,18.8,156,0.8
2017-12-01,0.0,1.4,-2.0,1015.5,26.2,145,10.8
2017-12-02,0.2,1.5,-1.2,1016.5,20.5,216,0.7
2017-12-03,-2.1,-0.2,-4.8,1020.7,15.1,231,0.0
2017-12-04,-3.8,-3.0,-5.8,1008.7,13.6,229,4.3
2017-12-05,-3.2,-1.7,-4.4,1007.3,14.4,256,0.1
2017-12-06,-5.0,-4.1,-8.5,1003.3,13.0,168,3.6
2017-12-07,-5.3,-3.5,-6.8,1008.7,7.1,299,0.2
2017-12-08,-4.5,-1.5,-5.9,1008.6,20.8,173,3.1
2017-12-09,-0.2,0.7,-1.2,1008.2,15.7,188,1.4
2017-12-10,-0.2,0.6,-1.2,1006.5,21.1,143,2.6
2017-12-11,0.4,2.5,-2.5,1002.8,18.6,155,9.9
2017-12-12,-3.6,1.2,-7.3,1009.1,21.5,164,0.4
2017-12-13,1.4,3.2,-1.5,1006.5,24.4,224,0.4
2017-12-14,-3.3,-1.6,-4.6,1010.3,10.2,162,0.0
2017-12-15,-0.4,0.7,-2.0,1005.6,20.4,179,0.8
2017-12-16,0.0,1.6,-2.3,1005.6,19.0,150,10.1
2017-12-17,0.2,3.3,-1.7,1006.5,19.1,262,5.6
2017-12-18,-2.7,-1.6,-4.2,1024.1,15.0,358,0.0
2017-12-19,-3.9,-3.2,-5.0,1021.7,18.1,34,4.7
2017-12-20,-3.4,-2.7,-5.1,1029.1,12.5,48,0.0
2017-12-21,-3.7,-2.8,-4.9,1025.3,16.7,205,0.0
2017-12-22,-5.2,-4.8,-5.8,1014.2,16.9,213,1.0
2017-12-23,-3.8,-2.3,-5.1,1006.2,24.9,232,0.5
2017-12-24,-2.4,-0.2,-4.0,984.0,28.7,269,5.9
2017-12-25,-4.7,-3.6,-6.1,999.2,26.1,300,0.5
2017-12-26,0.8,4.2,-5.6,1000.9,27.1,237,5.0
2017-12-27,0.7,1.9,-0.2,1001.8,15.8,224,0.2
2017-12-28,-0.1,0.9,-1.2,1008.9,16.1,180,0.0
2017-12-29,1.8,4.2,-1.2,1012.3,22.9,157,0.7
2017-12-30,1.5,3.6,0.1,1010.9,22.0,163,9.6
2017-12-31,-1.2,-0.1,-2.2,1011.2,9.5,234,1.9
2018-01-01,-1.5,0.5,-2.7,1009.8,24.1,181,1.4
2018-01-02,1.1,1.9,0.4,1009.3,21.7,207,2.7
2018-01-03,0.7,1.1,0.2,1011.9,17.7,167,2.3
2018-01-04,0.6,1.1,-0.3,1008.4,19.6,157,2.8
2018-01-05,-0.8,-0.2,-1.7,1008.7,15.9,166,0.5
2018-01-06,0.6,2.0,-1.4,1004.9,19.9,196,1.9
2018-01-07,-1.6,1.2,-5.8,1011.2,26.0,268,1.1
2018-01-08,-3.5,-2.1,-5.3,1015.8,30.1,278,1.0
2018-01-09,-4.4,-2.1,-5.8,1024.2,23.3,294,0.1
2018-01-10,-3.8,-1.8,-5.6,1025.8,11.9,305,0.6
2018-01-11,-3.8,-2.0,-7.7,1024.7,15.3,344,2.4
2018-01-12,-6.9,-5.8,-8.0,1039.7,11.3,41,0.0
2018-01-13,-8.7,-8.0,-10.2,1045.1,12.9,296,0.0
2018-01-14,-7.9,-6.7,-9.1,1042.4,8.1,320,0.0
2018-01-15,-7.4,-6.0,-8.3,1037.3,9.4,162,0.8
2018-01-16,-9.9,-8.2,-11.4,1027.2,18.3,153,0.0
2018-01-17,-8.3,-6.6,-10.1,1012.3,24.0,130,0.8
2018-01-18,-6.6,-4.7,-9.2,1005.7,23.0,142,2.0
2018-01-19,-5.6,-3.0,-7.6,1008.7,21.9,134,7.1
2018-01-20,-8.7,-7.2,-11.1,1010.6,17.9,118,3.1
2018-01-21,-12.3,-9.7,-17.1,1011.3,9.4,30,0.4
2018-01-22,-10.4,-7.1,-13.2,1015.6,14.7,260,0.5
2018-01-23,-7.3,-5.9,-8.2,1023.4,16.3,241,0.2
2018-01-24,-8.2,-6.8,-10.1,1028.5,20.9,208,0.0
2018-01-25,-6.0,-2.9,-9.6,1022.0,27.4,197,0.9
2018-01-26,-2.3,-1.6,-4.0,1024.6,23.4,209,4.1
2018-01-27,-5.4,-4.6,-6.3,1028.0,21.3,210,7.8
2018-01-28,-3.2,-1.2,-5.2,1022.6,17.6,206,0.6
2018-01-29,-7.3,-5.4,-8.4,1009.6,16.5,151,1.7
2018-01-30,-3.3,-0.2,-6.9,996.3,17.7,97,5.7
2018-01-31,-7.3,-2.6,-9.8,1004.9,21.4,325,2.4
2018-02-01,-9.1,-6.2,-12.1,1013.4,19.0,175,1.6
2018-02-02,-2.2,0.2,-5.8,1006.8,17.7,176,6.2
2018-02-03,-2.4,0.2,-5.8,1008.1,15.8,321,0.6
2018-02-04,-9.9,-6.0,-11.9,1009.6,27.6,14,0.2
2018-02-05,-11.6,-10.9,-12.5,1011.8,23.9,343,0.4
2018-02-06,-12.3,-10.2,-13.9,1017.7,15.6,177,0.3
2018-02-07,-9.4,-5.0,-14.1,1025.0,25.1,192,1.0
2018-02-08,-8.8,-5.7,-12.2,1029.3,17.3,168,1.6
2018-02-09,-6.1,-3.9,-8.3,1025.0,13.0,124,0.5
2018-02-10,-6.2,-4.6,-7.9,1022.1,13.0,123,0.2
2018-02-11,-4.5,-2.5,-6.2,1018.5,14.8,135,0.0
2018-02-12,-4.6,-2.5,-8.9,1019.6,13.2,144,0.0
2018-02-13,-10.3,-6.1,-14.0,1025.1,11.7,143,0.0
2018-02-14,-10.9,-7.6,-13.8,1030.1,12.9,120,0.0
2018-02-15,-9.1,-7.1,-11.4,1033.4,10.9,130,0.0
2018-02-16,-5.9,-3.5,-8.6,1029.9,13.3,168,1.6
2018-02-17,-4.2,-2.8,-5.4,1023.2,12.3,150,2.2
2018-02-18,-5.0,-3.0,-6.7,1018.4,9.2,92,2.5
2018-02-19,-6.6,-5.0,-7.6,1017.9,9.0,332,1.9
2018-02-20,-8.3,-7.1,-10.7,1020.9,16.2,328,0.6
2018-02-21,-12.3,-10.1,-15.2,1025.4,11.5,319,0.0
2018-02-22,-13.8,-10.4,-16.5,1029.3,9.3,322,0.0
2018-02-23,-15.2,-10.4,-19.2,1028.7,10.2,295,0.0
2018-02-24,-15.0,-11.7,-18.9,1029.4,12.7,4,0.2
2018-02-25,-18.9,-15.9,-22.8,1029.8,9.5,12,0.0
2018-02-26,-19.4,-16.1,-22.4,1028.7,9.2,40,0.0
2018-02-27,-20.5,-16.3,-24.1,1037.3,14.3,49,0.0
2018-02-28,-19.5,-15.1,-23.8,1040.9,17.8,55,0.0
2018-03-01,-14.9,-10.1,-18.8,1034.3,16.4,76,0.0
2018-03-02,-13.3,-9.4,-17.0,1023.9,11.5,107,0.0
2018-03-03,-11.0,-7.4,-15.6,1013.8,15.0,103,0.0
2018-03-04,-9.8,-8.4,-11.2,1000.4,24.0,46,7.9
2018-03-05,-11.7,-7.8,-15.4,1007.9,18.0,357,0.1
2018-03-06,-14.1,-9.0,-19.9,1017.0,14.3,110,0.0
2018-03-07,-9.0,-3.7,-12.7,1012.0,14.0,117,0.0
2018-03-08,-9.0,-3.9,-12.8,1013.2,12.9,102,0.0
2018-03-09,-8.0,-2.8,-12.4,1016.3,14.3,133,0.0
2018-03-10,-5.5,-3.2,-6.9,1016.1,13.5,133,2.5
2018-03-11,-4.6,-1.6,-6.7,1019.7,11.5,162,0.0
2018-03-12,-2.2,-0.2,-4.4,1016.3,18.0,167,1.3
2018-03-13,1.6,3.8,-0.1,1007.8,25.8,193,0.2
2018-03-14,1.3,3.0,0.1,1003.8,23.8,204,2.1
2018-03-15,-5.2,0.6,-9.6,1008.0,19.2,330,0.7
2018-03-16,-12.6,-10.1,-15.6,1016.2,16.0,326,0.0
2018-03-17,-13.4,-9.6,-17.5,1020.6,16.6,336,0.0
2018-03-18,-10.3,-3.0,-19.2,1018.2,17.4,261,0.0
2018-03-19,-3.5,1.3,-7.8,1009.5,22.1,243,0.1
2018-03-20,-2.6,1.5,-7.6,1008.4,19.0,250,0.0
2018-03-21,-3.7,1.4,-8.7,1010.4,12.3,313,2.2
2018-03-22,-3.1,1.2,-7.2,1008.4,17.9,256,0.0
2018-03-23,-1.6,0.2,-4.8,999.6,27.2,275,1.8
2018-03-24,-5.1,-0.2,-10.6,1008.5,14.7,319,0.0
2018-03-25,-1.1,4.1,-6.3,1006.2,25.5,246,0.0
2018-03-26,1.3,3.8,-1.8,1004.9,20.8,258,0.8
2018-03-27,-5.6,-2.5,-11.2,1011.8,15.6,14,0.3
2018-03-28,-9.3,-2.5,-14.9,1015.1,12.5,303,0.2
2018-03-29,-6.9,-0.2,-13.9,1018.6,14.9,259,0.1
2018-03-30,-4.7,1.4,-10.6,1019.0,15.7,203,0.8
2018-03-31,-2.2,1.0,-5.7,1014.3,15.1,173,2.3
2018-04-01,0.9,3.3,-1.2,1011.8,23.0,109,0.8
2018-04-02,4.3,9.1,1.4,998.8,35.7,150,1.0
2018-04-03,1.3,4.0,-2.2,1006.4,22.8,242,0.4
2018-04-04,0.6,7.9,-5.8,1016.9,12.5,207,0.0
2018-04-05,3.9,11.4,-1.5,1015.9,16.7,165,0.0
2018-04-06,6.9,13.4,1.8,1009.5,23.4,211,5.5
2018-04-07,2.5,6.2,-0.2,1017.3,32.8,282,0.7
2018-04-08,4.9,11.2,-1.8,1024.1,21.9,230,0.0
2018-04-09,10.3,18.5,3.1,1017.1,22.2,221,0.0
2018-04-10,7.7,15.6,1.0,1012.3,24.8,282,3.1
2018-04-11,1.6,6.5,-2.8,1027.1,21.4,52,0.0
2018-04-12,2.7,9.2,-4.4,1028.8,8.4,142,0.0
2018-04-13,4.3,10.1,-1.6,1027.1,14.2,14,0.0
2018-04-14,4.7,12.0,-2.5,1030.1,12.7,173,0.0
2018-04-15,8.9,17.2,1.5,1022.3,12.8,240,0.0
2018-04-16,10.5,19.1,2.5,1017.9,13.8,273,0.3
2018-04-17,11.2,17.8,5.3,1014.5,15.3,148,3.4
2018-04-18,7.0,10.8,5.2,1009.9,22.3,279,7.8
2018-04-19,8.2,13.5,5.7,1011.8,26.3,356,3.5
2018-04-20,9.2,14.4,3.5,1015.7,15.0,314,0.0
2018-04-21,10.1,16.4,3.6,996.1,38.2,276,7.3
2018-04-22,2.1,3.6,0.5,1004.1,27.5,340,0.1
2018-04-23,2.0,7.1,-2.9,1014.8,14.0,338,0.0
2018-04-24,5.0,11.7,-3.2,1010.9,15.8,197,0.5
2018-04-25,7.8,11.6,5.1,1003.2,20.7,229,1.7
2018-04-26,6.6,10.4,5.1,999.2,28.7,246,5.3
2018-04-27,6.9,10.6,2.7,1010.0,16.9,253,0.7
2018-04-28,7.0,11.6,2.8,1015.7,19.4,277,0.5
2018-04-29,9.1,15.1,2.3,1017.6,14.7,252,0.3
2018-04-30,12.9,19.1,8.8,1012.2,16.8,267,0.0
2018-05-01,13.8,22.6,6.7,1011.4,18.4,123,1.6
2018-05-02,17.0,24.1,10.6,1012.5,19.2,249,4.3
2018-05-03,12.9,18.0,7.9,1019.7,13.0,337,0.0
2018-05-04,14.9,21.5,8.2,1019.8,19.1,138,1.8
2018-05-05,14.7,18.5,9.6,1018.2,19.5,317,5.9
2018-05-06,10.4,14.8,6.2,1022.4,17.5,14,2.6
2018-05-07,13.0,19.5,4.8,1022.6,7.7,4,0.0
2018-05-08,15.3,21.4,8.6,1017.4,15.8,320,0.1
2018-05-09,11.0,15.4,7.3,1021.0,18.7,50,0.0
2018-05-10,9.3,14.6,4.0,1025.9,15.7,68,0.0
2018-05-11,11.2,18.0,2.9,1026.5,12.8,37,0.0
2018-05-12,15.9,23.2,8.6,1022.4,17.9,23,0.0
2018-05-13,17.3,23.9,10.2,1021.8,11.9,75,0.0
2018-05-14,17.9,24.6,9.4,1022.6,11.4,83,0.0
2018-05-15,15.8,23.7,9.9,1019.5,20.9,173,1.8
2018-05-16,13.1,17.8,9.8,1018.2,13.2,205,4.1
2018-05-17,14.6,19.2,9.1,1013.1,12.1,137,5.0
2018-05-18,16.0,20.5,12.0,1007.8,9.0,272,0.7
2018-05-19,12.0,14.7,8.2,1008.3,23.3,322,1.0
2018-05-20,10.4,15.3,7.2,1020.6,18.7,15,1.6
2018-05-21,13.7,20.1,5.5,1027.8,14.3,66,0.0
2018-05-22,13.6,18.9,8.1,1026.0,17.9,128,0.9
2018-05-23,14.9,18.6,11.1,1022.4,17.1,242,0.2
2018-05-24,15.9,20.8,9.7,1022.7,15.2,33,0.0
2018-05-25,13.7,17.9,8.6,1028.1,15.5,51,0.0
2018-05-26,14.7,20.2,7.9,1032.1,10.7,198,0.0
2018-05-27,17.3,23.6,10.4,1025.1,21.9,273,0.0
2018-05-28,13.6,17.6,8.4,1030.3,15.9,38,0.0
2018-05-29,15.8,22.4,7.3,1026.7,17.5,237,0.0
2018-05-30,18.4,22.0,13.4,1013.0,26.0,311,0.0
2018-05-31,9.9,12.5,6.8,1019.0,24.6,2,0.0
2018-06-01,10.3,16.5,2.4,1021.6,16.7,328,0.0
2018-06-02,16.6,22.8,9.1,1012.1,22.0,268,0.0
2018-06-03,18.3,23.4,11.4,1005.5,20.5,275,0.3
2018-06-04,16.8,23.9,12.1,997.7,27.4,267,6.1
2018-06-05,9.7,12.8,7.1,995.6,29.9,297,4.4
2018-06-06,8.5,12.2,5.5,1009.4,19.4,318,1.8
2018-06-07,9.8,13.9,4.1,1017.9,22.1,266,0.9
2018-06-08,10.6,12.6,7.2,1012.0,22.4,281,5.9
2018-06-09,9.3,12.9,3.5,1016.4,18.4,320,0.1
2018-06-10,11.2,15.1,7.3,1013.8,13.0,303,0.9
2018-06-11,16.4,22.4,10.3,1008.7,15.5,244,0.4
2018-06-12,16.0,18.9,13.7,999.6,19.2,229,14.4
2018-06-13,14.2,17.2,9.4,1004.3,19.0,326,0.7
2018-06-14,12.0,16.4,6.8,1015.7,9.2,106,0.0
2018-06-15,14.5,20.0,6.9,1018.6,11.5,118,0.0
2018-06-16,16.1,21.4,8.6,1020.2,14.0,144,0.0
2018-06-17,18.7,23.2,13.0,1019.0,14.0,140,0.0
2018-06-18,20.3,25.7,13.0,1015.5,12.3,196,0.0
2018-06-19,20.0,24.0,15.2,1011.1,21.1,265,0.5
2018-06-20,16.2,19.4,12.3,1009.2,31.7,278,1.2
2018-06-21,16.9,21.8,11.1,1010.5,22.0,259,0.2
2018-06-22,18.9,26.0,13.1,1006.8,26.9,207,3.9
2018-06-23,13.4,16.1,10.0,1012.2,16.2,12,15.5
2018-06-24,16.2,21.5,12.2,1007.5,26.4,165,7.2
2018-06-25,14.8,19.3,8.2,1016.8,13.4,229,0.0
2018-06-26,17.2,21.9,10.1,1023.7,8.4,262,0.0
2018-06-27,19.2,24.2,12.4,1025.7,12.4,351,0.0
2018-06-28,19.8,24.9,12.9,1022.5,11.1,5,0.0
2018-06-29,20.4,25.9,12.9,1009.4,18.1,191,0.0
2018-06-30,12.7,17.5,10.5,1006.1,21.0,358,35.2
2018-07-01,13.2,17.0,10.6,1005.0,20.1,15,29.9
2018-07-02,15.4,17.6,12.6,1009.1,17.9,170,0.2
2018-07-03,13.5,16.1,10.0,1010.1,19.6,162,1.1
2018-07-04,13.6,16.8,10.7,1005.2,15.8,183,8.7
2018-07-05,14.9,19.2,10.4,1003.1,13.9,263,4.9
2018-07-06,14.7,17.8,11.5,1002.3,16.8,246,3.7
2018-07-07,15.2,18.8,12.8,1002.0,15.6,257,5.8
2018-07-08,16.2,19.9,13.6,1004.7,16.8,323,4.4
2018-07-09,16.7,20.3,12.6,1009.1,14.6,329,0.8
2018-07-10,16.5,19.0,13.0,1015.8,14.6,346,0.5
2018-07-11,18.2,21.9,13.9,1017.3,10.1,7,5.6
2018-07-12,19.8,24.5,14.9,1015.9,13.9,40,0.0
2018-07-13,19.2,23.4,13.7,1012.8,12.0,32,0.5
2018-07-14,19.0,23.5,14.9,1009.2,9.0,59,3.2
2018-07-15,20.0,24.9,15.3,1009.8,9.7,50,4.7
2018-07-16,21.9,26.8,16.8,1011.0,16.7,46,0.5
2018-07-17,22.6,26.4,18.9,1009.7,24.2,50,0.2
2018-07-18,19.9,21.8,18.1,1007.4,21.8,44,12.1
2018-07-19,19.7,22.9,18.2,1006.1,21.3,54,7.0
2018-07-20,19.7,22.9,18.2,1004.3,18.3,61,10.8
2018-07-21,20.6,23.8,18.5,1006.7,12.2,119,7.7
2018-07-22,20.3,23.5,17.8,1009.7,12.0,93,9.5
2018-07-23,19.4,21.7,16.7,1011.7,19.6,89,0.7
2018-07-24,18.0,20.1,15.1,1014.3,17.1,74,0.7
2018-07-25,18.8,22.8,16.8,1016.2,20.3,63,2.7
2018-07-26,20.0,24.1,15.2,1018.4,12.7,128,1.2
2018-07-27,21.3,25.9,18.0,1020.8,14.8,78,4.7
2018-07-28,22.5,27.0,18.4,1021.8,19.1,78,2.7
2018-07-29,21.0,24.6,17.7,1023.1,17.3,84,0.0
2018-07-30,18.7,24.0,12.9,1025.1,14.8,86,0.0
2018-07-31,19.0,23.9,12.8,1026.1,11.8,83,0.0
2018-08-01,20.2,25.6,12.7,1025.1,7.8,60,0.0
2018-08-02,21.5,26.7,15.1,1022.3,10.8,312,0.0
2018-08-03,22.0,27.5,15.9,1016.1,12.3,281,0.0
2018-08-04,21.8,26.1,18.0,1010.0,18.0,276,0.0
2018-08-05,19.7,23.4,16.2,1006.8,20.8,253,1.6
2018-08-06,19.3,23.3,15.8,1006.8,20.0,269,0.2
2018-08-07,16.3,19.0,13.0,1009.9,19.1,290,2.0
2018-08-08,16.3,21.2,11.6,1018.4,14.7,315,0.0
2018-08-09,18.4,25.2,10.5,1024.5,11.0,250,0.0
2018-08-10,20.4,25.9,14.5,1025.5,15.4,237,0.0
2018-08-11,20.9,26.5,14.3,1020.5,19.7,223,0.0
2018-08-12,18.6,23.6,15.1,1011.5,21.9,223,4.8
2018-08-13,15.8,18.7,13.2,1008.7,28.9,253,1.2
2018-08-14,15.9,20.8,10.8,1013.2,13.7,255,0.0
2018-08-15,17.5,21.3,13.4,1009.3,19.4,217,6.3
2018-08-16,16.4,19.0,14.1,1016.7,13.2,357,0.6
2018-08-17,16.5,22.0,9.4,1023.6,9.6,89,0.0
2018-08-18,17.2,22.4,10.6,1022.6,11.4,168,0.0
2018-08-19,18.7,23.2,13.7,1017.2,20.7,217,2.5
2018-08-20,17.1,20.8,14.3,1013.4,19.3,238,3.2
2018-08-21,16.5,18.7,12.4,1005.5,27.6,261,5.0
2018-08-22,13.0,16.0,10.5,1015.6,24.5,296,0.2
2018-08-23,13.6,19.4,7.2,1020.9,17.7,251,0.0
2018-08-24,15.8,21.8,9.8,1018.0,13.7,211,0.0
2018-08-25,17.8,24.2,11.1,1014.1,18.2,181,0.0
2018-08-26,19.5,26.0,13.2,1013.1,20.3,180,0.0
2018-08-27,18.9,24.4,14.3,1013.9,11.9,219,1.0
2018-08-28,16.2,18.9,14.2,1017.0,13.0,57,16.6
2018-08-29,18.0,24.0,15.1,1017.0,12.7,115,2.6
2018-08-30,15.5,18.7,13.0,1018.6,13.1,176,8.1
2018-08-31,15.1,20.2,10.8,1021.3,7.2,281,0.0
2018-09-01,16.6,22.0,10.3,1025.3,6.9,230,0.0
2018-09-02,17.7,22.3,11.6,1026.9,7.6,160,0.0
2018-09-03,16.5,21.5,12.3,1025.3,12.3,88,1.7
2018-09-04,17.5,22.0,13.2,1022.8,15.3,114,0.0
2018-09-05,19.0,25.0,13.2,1021.6,12.7,127,0.0
2018-09-06,18.6,24.8,13.0,1021.1,12.3,125,0.0
2018-09-07,17.6,23.3,11.1,1020.9,9.9,143,0.0
2018-09-08,17.5,23.1,11.9,1021.6,8.1,138,0.0
2018-09-09,17.0,22.0,12.9,1021.8,12.8,41,0.0
2018-09-10,13.5,15.2,11.9,1024.1,14.2,57,1.0
2018-09-11,14.9,19.5,11.0,1022.5,14.8,143,1.4
2018-09-12,16.0,17.8,14.1,1012.0,29.6,223,4.2
2018-09-13,14.6,17.8,11.0,1013.4,29.9,263,0.3
2018-09-14,12.5,17.9,6.4,1018.7,11.8,249,0.0
2018-09-15,12.8,17.8,6.8,1018.4,9.7,359,0.4
2018-09-16,12.4,16.0,9.9,1012.9,19.4,298,5.7
2018-09-17,11.1,15.4,6.7,1016.2,21.3,260,0.5
2018-09-18,12.5,14.9,9.8,1013.5,24.3,279,1.8
2018-09-19,16.1,22.2,9.6,1013.8,19.9,256,0.0
2018-09-20,16.7,20.9,13.5,1014.1,21.9,276,0.0
2018-09-21,17.8,24.5,12.6,1016.8,19.3,229,0.0
2018-09-22,17.5,24.1,10.7,1010.8,27.2,206,2.1
2018-09-23,10.6,13.3,9.1,1007.2,23.7,248,7.5
2018-09-24,8.0,11.0,6.0,1003.8,20.9,168,17.5
2018-09-25,7.2,9.4,5.2,1004.6,31.2,324,7.9
2018-09-26,6.4,11.2,2.0,1017.2,33.9,247,5.8
2018-09-27,7.8,10.6,4.9,1001.6,36.1,266,6.4
2018-09-28,8.2,13.6,4.8,1001.4,36.6,265,12.7
2018-09-29,4.5,7.5,1.5,1016.0,17.8,295,0.0
2018-09-30,6.4,9.9,1.4,1018.2,26.3,229,0.1
2018-10-01,8.6,12.9,5.4,1015.6,22.7,225,0.0
2018-10-02,7.4,10.2,4.5,1009.7,16.9,200,0.4
2018-10-03,8.0,10.4,5.4,1001.4,16.6,212,2.8
2018-10-04,4.9,6.5,3.2,1000.8,24.2,305,1.9
2018-10-05,4.4,6.9,1.6,1017.7,23.5,266,0.6
2018-10-06,10.7,13.1,7.8,1013.5,24.9,242,3.3
2018-10-07,10.1,12.7,6.7,1008.5,21.4,228,0.0
2018-10-08,4.9,11.9,2.7,1018.0,26.5,311,3.6
2018-10-09,4.0,6.8,0.3,1024.8,17.8,222,0.2
2018-10-10,8.5,12.1,4.5,1020.4,25.5,259,0.0
2018-10-11,9.5,12.9,5.3,1030.1,14.0,317,0.0
2018-10-12,7.9,14.4,2.7,1033.2,18.4,264,0.0
2018-10-13,10.2,15.4,6.7,1028.6,15.7,269,0.0
2018-10-14,12.1,17.5,8.9,1027.1,14.9,281,0.0
2018-10-15,10.7,17.0,6.4,1026.8,14.0,254,0.0
2018-10-16,10.1,16.2,5.5,1024.0,17.3,246,0.0
2018-10-17,9.5,15.8,5.0,1024.2,13.0,244,0.0
2018-10-18,9.6,15.4,5.6,1020.5,15.0,238,0.0
2018-10-19,8.6,11.2,4.5,1016.7,15.3,280,0.3
2018-10-20,5.5,7.9,3.3,1021.4,10.8,296,0.0
2018-10-21,4.8,7.5,3.2,1025.1,9.2,277,0.1
2018-10-22,5.6,8.9,2.5,1018.2,25.7,224,0.1
2018-10-23,5.3,6.5,3.5,1002.3,18.6,237,3.7
2018-10-24,2.6,3.3,1.7,987.8,18.1,109,6.6
2018-10-25,1.6,2.8,0.6,992.5,15.3,334,0.6
2018-10-26,0.9,3.1,-1.0,999.4,13.4,255,0.4
2018-10-27,1.4,4.5,-0.9,1006.4,18.9,193,9.8
2018-10-28,3.2,5.3,0.2,1008.6,22.0,285,2.5
2018-10-29,-1.5,0.0,-3.2,1032.6,19.6,68,0.0
2018-10-30,-1.3,1.1,-3.7,1037.2,22.5,111,0.0
2018-10-31,1.1,3.3,-0.5,1034.0,21.1,158,1.1
2018-11-01,3.6,5.7,2.2,1034.6,14.6,202,0.1
2018-11-02,4.8,6.1,3.2,1031.5,17.7,195,1.1
2018-11-03,6.8,7.6,5.6,1025.2,14.4,234,3.9
2018-11-04,5.0,7.7,0.6,1027.0,19.0,299,0.0
2018-11-05,0.4,2.1,-0.7,1032.4,8.9,245,0.0
2018-11-06,1.2,4.7,-2.2,1028.6,10.4,214,0.3
2018-11-07,3.0,4.8,2.2,1024.6,11.7,229,0.7
2018-11-08,1.5,3.2,0.3,1024.5,7.7,211,0.9
2018-11-09,0.7,2.0,0.3,1025.5,5.3,97,0.3
2018-11-10,0.5,1.2,0.2,1028.3,16.1,106,0.2
2018-11-11,-1.3,0.4,-4.2,1038.7,20.4,133,0.0
2018-11-12,-3.9,-2.0,-4.7,1041.0,20.5,169,0.0
2018-11-13,-2.6,-0.7,-4.2,1032.9,29.6,197,1.2
2018-11-14,-1.6,-0.7,-2.2,1023.9,25.6,200,3.9
2018-11-15,-1.0,0.2,-1.8,1033.4,8.6,182,0.4
2018-11-16,-0.0,2.2,-1.5,1043.1,14.6,240,0.0
2018-11-17,-0.5,0.6,-2.0,1035.5,21.1,263,1.0
2018-11-18,1.4,2.5,0.7,1022.0,18.0,326,3.2
2018-11-19,-1.0,0.6,-3.7,1033.0,14.7,21,0.0
2018-11-20,-4.0,-3.2,-5.2,1030.8,15.3,307,0.0
2018-11-21,-1.9,-0.7,-3.3,1026.5,15.9,324,0.0
2018-11-22,-1.9,-0.4,-3.5,1018.4,25.6,297,0.0
2018-11-23,-1.7,-0.7,-3.0,1022.3,22.1,291,0.0
2018-11-24,-1.7,-0.8,-2.8,1013.5,24.3,255,1.0
2018-11-25,-2.4,-1.6,-2.9,1013.0,18.8,275,0.8
2018-11-26,-3.1,-2.3,-4.3,1010.1,19.5,274,0.3
2018-11-27,-3.6,-2.5,-5.1,1011.1,16.8,278,2.0
2018-11-28,-7.5,-5.0,-10.4,1027.2,14.0,339,0.5
2018-11-29,-8.5,-7.4,-9.2,1039.6,16.9,264,0.0
2018-11-30,-8.3,-5.3,-10.4,1039.1,24.2,232,0.0
2018-12-01,-9.5,-7.2,-12.9,1034.2,18.6,152,0.2
2018-12-02,-6.6,-5.5,-7.5,1019.9,16.5,154,2.9
2018-12-03,-5.7,-3.0,-8.5,1015.6,21.2,185,0.5
2018-12-04,-2.0,0.4,-5.2,1013.0,22.5,185,1.9
2018-12-05,0.8,1.4,0.0,1014.4,18.9,198,4.0
2018-12-06,-1.6,0.0,-3.9,1019.8,13.3,282,0.0
2018-12-07,-2.4,-1.3,-3.5,1018.1,10.7,205,0.0
2018-12-08,-5.1,-2.7,-6.4,1012.1,18.0,161,0.0
2018-12-09,-4.8,-3.3,-6.7,1005.9,16.5,155,1.2
2018-12-10,-1.4,0.3,-3.2,1003.6,14.8,159,4.2
2018-12-11,-0.4,0.2,-1.4,1010.5,10.9,138,1.9
2018-12-12,-0.9,-0.2,-2.2,1019.5,13.6,359,0.0
2018-12-13,-2.0,-1.3,-3.0,1024.6,19.6,44,0.8
2018-12-14,-3.9,-3.0,-5.7,1030.6,15.3,44,0.0
2018-12-15,-7.0,-5.4,-9.9,1035.8,11.0,30,0.0
2018-12-16,-10.1,-8.9,-10.9,1039.4,10.9,116,0.0
2018-12-17,-11.2,-10.1,-12.1,1036.5,12.5,155,0.0
2018-12-18,-13.5,-12.0,-14.6,1035.9,11.7,166,0.0
2018-12-19,-13.2,-11.4,-14.4,1036.9,8.4,166,0.0
2018-12-20,-13.5,-10.6,-16.4,1034.0,7.3,174,0.1
2018-12-21,-12.7,-10.0,-15.9,1026.4,12.4,128,1.9
2018-12-22,-6.9,-4.6,-9.9,1014.3,14.0,126,1.9
2018-12-23,-5.4,-4.4,-6.8,1010.0,15.8,107,1.4
2018-12-24,-9.1,-6.9,-10.8,1010.0,13.8,63,2.1
2018-12-25,-8.7,-7.3,-10.2,1014.3,9.1,337,0.8
2018-12-26,-7.6,-6.8,-9.3,1002.4,18.3,184,4.1
2018-12-27,-9.5,-6.9,-12.0,1010.0,12.0,306,0.6
2018-12-28,-6.4,-4.8,-9.9,1012.6,6.1,148,0.0
2018-12-29,-8.1,-4.8,-10.3,1019.2,11.4,180,0.0
2018-12-30,-2.3,-1.4,-4.5,1016.7,13.2,224,0.9
2018-12-31,-3.2,-1.6,-6.2,1021.9,8.4,47,0.7
2019-01-01,-2.4,-0.4,-5.3,1009.3,27.3,193,1.3
2019-01-02,-0.5,0.1,-0.8,999.3,23.9,182,3.5
2019-01-03,-1.6,-0.4,-3.0,1010.5,11.9,116,2.1
2019-01-04,-3.8,-3.0,-5.4,1014.0,11.3,337,0.5
2019-01-05,-6.3,-4.3,-8.6,1011.9,12.8,72,0.0
2019-01-06,-9.5,-6.8,-12.9,1021.1,11.2,360,0.1
2019-01-07,-9.9,-8.7,-12.1,1022.6,19.8,250,0.4
2019-01-08,-7.2,-6.2,-8.4,1011.7,19.3,232,1.2
2019-01-09,-10.2,-7.5,-13.4,1014.2,14.5,220,0.1
2019-01-10,-10.3,-8.1,-11.9,1019.8,12.2,214,0.6
2019-01-11,-9.7,-8.4,-11.1,1009.9,23.2,227,1.2
2019-01-12,-6.9,-4.1,-8.5,993.5,21.3,243,0.8
2019-01-13,-3.9,-3.0,-5.0,992.4,18.3,238,1.0
2019-01-14,-2.2,-1.2,-3.7,984.3,23.6,176,2.5
2019-01-15,-3.1,-1.7,-4.7,985.6,21.4,198,3.5
2019-01-16,-6.0,-4.7,-7.7,994.8,16.4,238,0.5
2019-01-17,-3.7,0.6,-7.1,994.4,27.7,219,3.7
2019-01-18,-2.6,1.1,-7.2,995.7,29.3,269,5.4
2019-01-19,-7.5,-6.3,-8.9,1007.2,18.2,262,1.2
2019-01-20,-4.8,-2.9,-6.9,1006.8,31.9,241,1.6
2019-01-21,-10.5,-6.1,-14.8,1010.1,17.6,290,0.5
2019-01-22,-14.9,-12.9,-16.7,1017.9,15.8,279,0.0
2019-01-23,-13.8,-11.5,-17.0,1019.7,15.5,218,0.0
2019-01-24,-12.9,-8.1,-16.3,1017.3,15.6,266,0.2
2019-01-25,-14.6,-12.7,-16.0,1026.8,10.9,236,0.0
2019-01-26,-11.6,-11.0,-13.3,1014.2,21.3,149,3.2
2019-01-27,-11.4,-10.0,-13.1,1006.4,8.2,5,5.2
2019-01-28,-13.7,-10.2,-16.1,1013.4,12.8,87,0.6
2019-01-29,-5.4,-1.5,-9.8,1010.2,17.9,161,1.3
2019-01-30,-1.1,0.1,-1.6,1011.4,16.2,182,2.9
2019-01-31,-1.8,-0.4,-2.3,1012.7,9.7,73,5.8
2019-02-01,-1.7,0.0,-2.5,1016.5,10.0,97,2.5
2019-02-02,-2.6,-1.8,-3.2,1019.0,10.9,129,0.8
2019-02-03,-1.3,0.2,-3.0,1017.4,14.4,159,5.3
2019-02-04,1.1,2.6,-0.2,1016.4,19.2,201,1.4
2019-02-05,-3.7,0.3,-6.6,1026.3,23.4,271,0.0
2019-02-06,-4.6,-3.5,-5.8,1021.0,14.7,206,0.2
2019-02-07,-3.5,-2.3,-4.9,1019.3,16.8,267,0.0
2019-02-08,-1.7,0.9,-3.5,1017.8,21.4,214,0.0
2019-02-09,-0.2,1.4,-0.9,1016.1,18.4,220,0.0
2019-02-10,-3.3,-0.9,-4.7,1012.4,21.3,200,0.0
2019-02-11,-1.6,0.2,-3.1,1009.4,23.1,175,0.6
2019-02-12,-0.1,0.8,-1.4,1005.3,22.7,186,1.0
2019-02-13,-3.0,-0.1,-5.5,1010.9,18.1,302,0.1
2019-02-14,-4.4,-1.0,-9.1,1020.6,14.2,243,0.0
2019-02-15,0.9,3.0,-0.9,1014.8,28.7,270,0.0
2019-02-16,1.1,1.9,0.4,1012.5,25.7,276,0.0
2019-02-17,0.7,2.4,-2.5,1002.6,33.7,297,0.1
2019-02-18,-5.3,-2.5,-10.6,1019.4,27.3,326,0.0
2019-02-19,-2.8,2.0,-9.7,1012.8,25.8,232,0.0
2019-02-20,1.2,2.6,-0.4,996.8,25.0,240,1.9
2019-02-21,-5.3,-0.2,-8.9,1002.8,30.9,322,3.0
2019-02-22,-8.8,-7.2,-10.2,1023.6,32.3,5,1.2
2019-02-23,-8.4,-3.8,-12.7,1031.6,23.8,280,3.6
2019-02-24,-0.7,0.6,-3.3,1021.8,20.8,271,0.6
2019-02-25,1.0,2.0,0.3,1008.9,24.6,292,1.3
2019-02-26,0.1,1.8,-1.4,1008.4,24.1,341,0.3
2019-02-27,-2.7,-1.4,-4.7,1011.6,21.3,292,0.0
2019-02-28,-0.2,2.0,-1.6,987.0,17.8,270,0.5
2019-03-01,-4.3,-0.2,-10.5,991.9,22.8,1,2.8
2019-03-02,-9.7,-4.8,-14.7,1006.1,21.4,280,0.0
2019-03-03,-4.0,-0.9,-9.6,996.7,27.7,269,4.3
2019-03-04,-4.9,0.9,-9.8,993.5,15.3,145,3.1
2019-03-05,2.8,5.0,0.5,984.8,21.1,217,2.2
2019-03-06,-6.5,2.1,-12.5,1003.6,29.0,318,1.5
2019-03-07,-6.3,0.0,-13.0,1016.6,24.1,206,0.1
2019-03-08,1.7,4.9,-1.4,1003.5,23.3,202,4.0
2019-03-09,1.9,4.2,-1.6,999.8,35.0,241,0.2
2019-03-10,0.7,4.0,-2.5,994.8,20.7,205,0.8
2019-03-11,-0.9,1.5,-5.6,992.9,19.1,245,2.0
2019-03-12,-5.8,-1.8,-9.0,1002.4,16.8,258,0.7
2019-03-13,-6.5,-2.7,-11.9,1010.5,10.8,257,0.0
2019-03-14,-2.3,2.5,-6.6,1012.0,21.3,166,0.1
2019-03-15,0.5,1.8,-0.8,1008.3,25.7,181,1.6
2019-03-16,-1.2,0.6,-3.0,1003.7,20.7,145,0.0
2019-03-17,0.1,3.0,-2.1,1008.5,19.3,150,0.4
2019-03-18,2.8,6.7,0.2,1012.0,24.5,175,2.4
2019-03-19,2.8,7.1,0.7,1015.2,17.4,218,1.2
2019-03-20,0.7,3.2,-0.6,1021.0,19.4,253,0.6
2019-03-21,0.5,3.5,-1.7,1018.5,18.4,255,1.0
2019-03-22,0.7,2.2,-0.7,1011.6,32.5,300,4.3
2019-03-23,1.1,3.4,-0.3,1021.4,24.4,338,0.2
2019-03-24,1.8,4.4,-1.0,1009.2,20.8,265,4.4
2019-03-25,-0.0,5.9,-4.3,1005.7,18.1,265,0.0
2019-03-26,-1.8,2.2,-6.0,1004.0,18.1,271,0.7
2019-03-27,-2.9,-0.3,-6.4,1013.9,22.6,302,1.0
2019-03-28,-1.7,3.2,-7.2,1022.1,19.2,295,0.0
2019-03-29,4.4,9.7,-0.3,1014.1,18.5,270,1.3
2019-03-30,6.1,10.1,2.7,1009.6,22.6,272,0.0
2019-03-31,6.5,11.4,2.8,1005.3,31.9,256,0.2
2019-04-01,1.3,4.2,-2.0,1016.1,28.8,304,2.0
2019-04-02,1.5,7.1,-3.3,1028.8,11.5,308,0.0
2019-04-03,3.1,9.5,-2.8,1028.4,10.5,52,0.0
2019-04-04,3.3,9.1,-2.8,1024.7,11.1,93,0.0
2019-04-05,3.9,10.9,-2.9,1022.6,14.1,58,0.0
2019-04-06,3.6,10.5,-2.5,1025.6,14.4,99,0.0
2019-04-07,3.3,8.1,-2.1,1020.2,12.4,200,0.0
2019-04-08,4.2,5.7,1.5,1013.0,19.4,157,2.7
2019-04-09,6.9,12.2,3.2,1008.5,14.8,246,0.2
2019-04-10,3.1,6.6,-0.2,1012.8,16.8,311,0.5
2019-04-11,1.7,5.8,-1.2,1019.6,13.6,297,0.0
2019-04-12,-0.3,2.5,-3.2,1024.9,14.7,12,0.0
2019-04-13,1.6,6.4,-2.2,1026.4,20.9,36,0.0
2019-04-14,2.1,4.8,-0.1,1028.1,20.4,40,0.0
2019-04-15,3.5,9.4,-1.3,1029.3,18.5,47,0.1
2019-04-16,5.2,11.6,-1.0,1029.6,17.8,32,0.0
2019-04-17,4.6,9.9,-0.7,1033.5,13.9,72,0.0
2019-04-18,6.1,10.9,1.2,1029.4,19.9,9,0.0
2019-04-19,5.4,11.1,-1.0,1031.6,11.7,25,0.0
2019-04-20,5.7,9.4,0.9,1025.1,10.9,314,1.5
2019-04-21,6.6,14.4,-1.1,1026.9,11.0,58,0.1
2019-04-22,9.6,17.1,2.1,1028.6,14.7,293,0.0
2019-04-23,11.1,17.6,4.8,1028.8,16.4,298,0.0
2019-04-24,13.8,21.4,6.5,1028.0,11.0,307,0.0
2019-04-25,14.2,21.6,5.8,1024.1,9.6,8,0.0
2019-04-26,14.2,21.2,8.0,1019.7,9.2,138,0.0
2019-04-27,15.4,22.4,7.7,1010.3,22.9,267,0.2
2019-04-28,7.8,12.3,3.1,1016.5,23.0,50,0.0
2019-04-29,4.8,9.8,-1.2,1023.1,9.9,69,0.0
2019-04-30,6.2,11.1,0.7,1020.2,10.0,97,0.0
2019-05-01,8.5,13.9,0.6,1011.2,18.1,184,0.0
2019-05-02,10.2,14.4,5.4,994.2,23.7,206,0.0
2019-05-03,8.2,11.2,3.7,994.2,31.7,242,0.9
2019-05-04,6.3,12.1,-0.6,1007.9,16.4,228,0.0
2019-05-05,8.7,10.6,5.2,1011.4,14.0,147,10.2
2019-05-06,11.4,15.4,7.3,1011.6,13.0,79,5.7
2019-05-07,14.8,20.4,9.7,1006.8,23.5,178,6.4
2019-05-08,6.1,8.9,4.8,1013.6,19.4,351,15.5
2019-05-09,8.0,12.4,3.7,1016.3,20.1,48,8.0
2019-05-10,16.5,21.7,12.8,1012.4,24.6,146,0.2
2019-05-11,14.7,20.1,11.1,1008.6,34.3,153,1.7
2019-05-12,13.9,19.2,6.8,1022.3,12.9,176,0.2
2019-05-13,16.0,20.9,10.4,1024.0,10.8,52,0.2
2019-05-14,16.0,21.1,10.1,1021.2,16.8,13,0.0
2019-05-15,12.1,14.9,8.7,1022.4,19.2,7,0.0
2019-05-16,10.5,15.5,4.7,1025.9,18.4,24,0.0
2019-05-17,12.4,18.7,4.6,1024.8,8.9,327,0.0
2019-05-18,14.6,20.5,7.4,1020.1,11.1,344,0.0
2019-05-19,15.5,21.4,7.9,1019.5,12.7,14,0.0
2019-05-20,16.4,22.6,8.2,1020.2,7.9,105,0.0
2019-05-21,18.3,23.9,11.9,1016.5,14.9,207,0.0
2019-05-22,17.7,20.8,13.1,1009.8,12.2,248,0.2
2019-05-23,15.9,21.5,10.1,1006.4,21.0,344,9.7
2019-05-24,11.8,16.4,7.6,1012.6,14.0,108,0.0
2019-05-25,14.3,17.2,10.5,1007.2,18.4,180,7.2
2019-05-26,13.9,17.0,10.4,1004.5,18.6,263,0.1
2019-05-27,14.4,18.5,10.8,1006.2,26.2,243,0.8
2019-05-28,18.3,23.5,12.8,1011.7,18.1,215,1.1
2019-05-29,21.5,26.9,17.5,1012.4,24.3,202,1.2
2019-05-30,15.6,17.5,11.6,1017.6,17.9,325,0.4
2019-05-31,15.2,21.7,7.4,1018.2,14.1,276,0.0
2019-06-01,14.6,17.8,12.1,1017.6,15.2,293,1.9
2019-06-02,16.5,22.4,9.8,1014.0,22.2,240,0.1
2019-06-03,14.9,18.9,11.3,1018.7,16.9,317,0.0
2019-06-04,16.6,22.1,7.6,1023.0,13.1,199,0.0
2019-06-05,19.5,26.4,11.1,1021.9,12.4,212,0.0
2019-06-06,22.0,27.8,14.1,1022.4,10.3,192,0.0
2019-06-07,22.4,28.1,13.9,1022.6,11.3,190,0.0
2019-06-08,23.4,29.0,14.6,1022.8,8.9,197,0.0
2019-06-09,22.6,28.4,15.7,1021.6,17.2,236,1.0
2019-06-10,19.9,23.9,16.6,1022.4,12.6,310,4.0
2019-06-11,19.8,24.9,11.8,1022.3,10.9,313,0.0
2019-06-12,15.9,20.0,12.9,1020.4,19.5,62,22.4
2019-06-13,13.9,18.5,8.3,1025.9,16.6,101,0.0
2019-06-14,18.0,24.5,12.6,1017.3,20.7,250,15.0
2019-06-15,16.3,21.2,12.1,1014.9,19.1,315,2.2
2019-06-16,16.7,20.5,12.3,1015.2,12.7,323,0.7
2019-06-17,19.8,24.9,14.1,1013.6,13.3,271,0.0
2019-06-18,20.1,24.2,16.5,1013.9,20.4,300,0.1
2019-06-19,20.5,25.4,14.1,1016.5,13.7,295,0.0
2019-06-20,21.4,27.1,12.6,1016.5,10.6,223,0.0
2019-06-21,21.6,25.5,15.2,1015.0,15.1,201,1.7
2019-06-22,20.6,23.6,17.8,1014.7,17.3,259,9.7
2019-06-23,17.4,20.9,13.1,1021.3,13.6,326,0.0
2019-06-24,17.0,21.3,11.3,1023.9,16.4,317,0.0
2019-06-25,16.9,20.7,11.1,1027.6,15.3,324,0.0
2019-06-26,14.7,17.0,12.9,1021.6,9.3,252,5.2
2019-06-27,13.4,16.5,10.0,1005.4,22.6,109,7.7
2019-06-28,12.1,13.9,9.9,998.2,29.6,355,18.0
2019-06-29,12.7,16.9,9.0,1002.8,33.5,322,0.0
2019-06-30,14.3,18.5,9.2,1006.2,20.4,286,1.1
2019-07-01,19.6,27.8,12.1,1002.2,24.9,243,0.8
2019-07-02,16.7,19.0,14.4,1002.2,26.0,271,3.0
2019-07-03,13.3,17.2,10.4,1002.1,27.9,255,7.8
2019-07-04,11.7,14.1,10.3,1006.0,34.7,276,0.6
2019-07-05,12.0,15.6,8.4,1004.7,21.6,226,3.8
2019-07-06,11.1,14.1,7.8,998.4,20.5,221,6.2
2019-07-07,12.5,17.0,8.0,1000.5,14.9,266,0.9
2019-07-08,13.5,16.9,10.6,1000.6,15.0,205,3.7
2019-07-09,13.8,18.6,8.5,1000.4,13.6,219,1.3
2019-07-10,13.3,17.4,9.2,999.1,14.7,327,7.5
2019-07-11,11.1,12.4,9.4,1003.7,17.0,1,0.5
2019-07-12,11.3,14.4,7.7,1007.6,9.5,354,0.1
2019-07-13,12.7,16.8,6.9,1009.2,8.8,290,0.5
2019-07-14,13.2,17.9,8.4,1010.6,9.4,246,0.5
2019-07-15,13.5,18.4,7.6,1011.0,7.4,273,5.9
2019-07-16,13.7,18.4,7.3,1010.3,13.8,106,2.1
2019-07-17,15.4,19.6,12.9,1007.0,14.4,124,8.6
2019-07-18,15.7,18.6,13.4,1002.7,17.1,142,20.0
2019-07-19,14.8,18.0,11.2,1004.2,16.2,253,3.5
2019-07-20,15.6,18.6,12.5,1010.0,17.9,285,6.9
2019-07-21,17.1,21.7,13.8,1016.4,15.3,311,2.5
2019-07-22,18.2,22.9,12.4,1015.8,7.9,310,0.2
2019-07-23,18.2,21.8,13.9,1011.6,11.3,48,0.4
2019-07-24,18.1,22.7,13.6,1011.9,11.5,11,1.3
2019-07-25,17.1,21.1,12.9,1014.0,13.3,54,1.6
2019-07-26,20.8,25.9,15.7,1018.2,19.4,67,0.2
2019-07-27,22.2,27.6,15.9,1015.7,15.1,16,0.0
2019-07-28,20.8,25.4,15.6,1009.2,18.5,352,0.3
2019-07-29,12.5,15.9,8.6,1009.5,17.9,3,0.0
2019-07-30,11.3,13.9,7.7,1006.6,21.6,314,0.0
2019-07-31,10.5,13.3,7.9,1003.8,23.3,322,4.0
2019-08-01,11.5,13.6,9.5,1009.9,16.7,322,1.6
2019-08-02,12.0,14.5,10.1,1007.7,12.8,324,1.6
2019-08-03,11.5,15.2,8.9,1005.4,16.3,322,7.0
2019-08-04,9.7,12.2,7.2,1005.8,18.4,323,0.4
2019-08-05,9.8,12.1,8.1,1003.3,20.9,296,5.4
2019-08-06,13.6,18.0,9.4,1005.1,23.9,294,0.1
2019-08-07,15.7,20.8,10.7,1008.1,13.8,235,1.6
2019-08-08,17.3,21.5,13.2,1005.4,16.2,197,1.1
2019-08-09,14.8,16.1,13.2,997.4,29.7,317,39.0
2019-08-10,15.0,18.6,12.2,1009.9,23.0,339,5.1
2019-08-11,14.3,19.5,8.5,1015.3,8.8,7,0.0
2019-08-12,16.5,20.7,11.2,1016.5,10.7,236,0.8
2019-08-13,16.2,18.5,13.3,1011.8,15.5,191,8.2
2019-08-14,17.6,21.1,14.9,1011.6,14.0,288,0.8
2019-08-15,15.5,18.0,11.9,1010.4,25.4,317,21.3
2019-08-16,14.9,19.5,9.3,1015.8,11.0,359,0.0
2019-08-17,14.9,19.5,11.2,1016.2,18.4,31,3.6
2019-08-18,14.6,16.2,13.1,1010.6,24.1,25,10.2
2019-08-19,17.2,21.8,14.3,1015.4,12.6,253,0.0
2019-08-20,18.9,22.3,16.1,1020.1,15.9,251,1.3
2019-08-21,17.9,22.7,11.9,1023.7,19.1,119,0.0
2019-08-22,17.3,20.5,12.6,1021.9,22.2,279,0.2
2019-08-23,15.3,20.0,10.8,1028.0,14.2,269,0.0
2019-08-24,15.7,20.1,11.9,1023.2,25.6,258,0.8
2019-08-25,14.7,19.2,10.3,1027.3,13.0,336,0.0
2019-08-26,16.1,20.9,10.5,1026.3,16.7,248,0.0
2019-08-27,16.9,20.2,13.5,1022.1,20.0,328,0.0
2019-08-28,13.7,18.0,9.2,1028.0,11.5,32,0.0
2019-08-29,14.5,20.6,8.4,1026.7,10.2,235,0.0
2019-08-30,15.2,21.4,8.6,1021.4,10.1,217,0.0
2019-08-31,15.8,21.5,8.4,1020.8,8.0,315,0.0
2019-09-01,16.9,22.2,11.1,1018.8,8.2,327,0.0
2019-09-02,17.1,22.5,10.9,1016.1,9.2,80,0.0
2019-09-03,18.5,23.1,14.5,1015.0,10.1,166,0.0
2019-09-04,14.1,16.4,11.1,1014.1,16.4,321,3.7
2019-09-05,12.2,17.8,6.0,1017.6,7.9,67,0.0
2019-09-06,14.2,20.4,7.1,1017.9,9.9,225,0.0
2019-09-07,14.9,19.1,10.4,1024.4,9.4,349,0.0
2019-09-08,14.8,20.2,10.6,1028.4,9.9,94,0.0
2019-09-09,15.9,22.5,9.3,1027.7,11.3,138,0.0
2019-09-10,17.5,23.2,12.1,1027.0,9.8,144,0.0
2019-09-11,17.9,24.1,12.8,1026.5,18.4,193,0.0
2019-09-12,17.5,24.1,12.2,1023.4,20.0,214,0.0
2019-09-13,15.5,17.6,13.4,1016.6,21.7,236,0.9
2019-09-14,10.9,13.3,8.2,1012.6,27.0,278,4.9
2019-09-15,8.6,11.8,6.6,1011.0,27.9,247,7.7
2019-09-16,10.4,12.6,8.8,995.0,27.8,254,4.4
2019-09-17,8.3,10.2,5.9,995.8,22.4,266,6.9
2019-09-18,7.4,10.9,5.1,998.4,12.1,303,5.3
2019-09-19,6.0,8.9,3.6,1009.3,16.6,324,0.9
2019-09-20,5.0,8.3,2.0,1013.9,14.5,312,0.2
2019-09-21,4.3,7.9,0.8,1012.0,20.6,244,2.7
2019-09-22,4.7,6.2,2.1,1005.5,24.4,326,3.3
2019-09-23,3.5,6.3,0.9,1016.4,26.4,310,0.4
2019-09-24,3.1,5.8,0.8,1018.2,17.1,297,0.8
2019-09-25,2.9,4.7,0.4,1018.7,13.7,272,0.9
2019-09-26,5.8,9.9,2.3,1016.6,15.5,260,0.0
2019-09-27,5.5,9.0,2.0,1016.4,15.1,292,0.5
2019-09-28,7.2,10.8,4.3,1016.9,11.2,140,1.5
2019-09-29,7.8,10.8,4.5,1007.1,16.9,174,1.7
2019-09-30,10.3,11.4,8.9,996.9,19.1,189,9.1
2019-10-01,10.6,13.1,5.9,992.4,25.4,238,11.9
2019-10-02,9.7,13.4,5.7,1000.8,27.8,222,2.5
2019-10-03,12.4,18.2,7.9,1003.4,18.3,158,8.7
2019-10-04,6.9,13.4,5.2,1004.7,22.0,280,6.3
2019-10-05,4.2,6.2,0.9,1012.2,13.0,323,0.1
2019-10-06,1.5,3.5,-0.3,1014.8,16.9,11,0.0
2019-10-07,1.4,3.0,-0.2,1010.7,16.4,316,0.0
2019-10-08,1.2,3.2,-0.7,1010.9,23.1,237,0.4
2019-10-09,3.1,4.5,0.6,1007.7,19.1,204,1.9
2019-10-10,5.8,8.1,3.4,1006.3,14.8,187,5.6
2019-10-11,7.5,10.0,5.9,1007.1,18.5,252,1.2
2019-10-12,8.2,10.2,6.2,1003.4,30.9,223,10.1
2019-10-13,9.0,10.9,7.8,1007.0,28.1,264,0.5
2019-10-14,8.7,13.6,6.4,1011.5,23.9,247,9.6
2019-10-15,6.2,11.3,2.5,1019.3,21.9,334,0.3
2019-10-16,5.5,10.1,0.8,1021.7,20.8,160,0.0
2019-10-17,11.0,13.6,9.2,1011.6,18.7,224,4.2
2019-10-18,9.5,11.3,7.9,1015.4,13.0,262,0.6
2019-10-19,10.7,13.7,7.9,1017.3,15.5,195,0.0
2019-10-20,11.1,15.8,8.4,1018.3,12.5,228,0.0
2019-10-21,10.4,12.9,8.8,1016.8,23.0,252,2.7
2019-10-22,8.7,12.5,6.7,1020.0,23.5,239,0.6
2019-10-23,10.5,12.4,8.4,1015.1,24.5,269,0.6
2019-10-24,8.4,9.9,5.6,1020.0,9.9,255,2.0
2019-10-25,6.9,11.1,2.8,1019.1,22.2,213,0.0
2019-10-26,10.4,11.1,9.8,1010.9,28.8,246,1.5
2019-10-27,11.6,12.4,9.6,999.2,41.2,244,4.4
2019-10-28,3.0,7.2,-1.1,1006.2,42.9,289,0.4
2019-10-29,-0.1,2.5,-2.8,1010.8,19.6,224,4.1
2019-10-30,-2.2,-0.6,-3.8,1016.5,22.4,328,0.4
2019-10-31,-2.6,-1.2,-4.1,1022.2,20.2,265,0.4
2019-11-01,-0.3,1.7,-1.7,1013.8,21.4,254,1.2
2019-11-02,0.9,2.5,-1.4,1014.6,23.0,206,0.5
2019-11-03,3.7,6.7,1.8,1003.8,25.6,198,5.4
2019-11-04,7.9,9.2,6.3,999.9,20.6,200,9.8
2019-11-05,9.8,11.0,8.2,992.1,28.0,200,15.3
2019-11-06,3.8,8.8,-0.6,996.7,30.7,276,3.8
2019-11-07,-0.3,0.7,-1.3,1008.2,11.4,48,3.3
2019-11-08,2.8,5.3,0.1,1019.2,10.9,163,0.1
2019-11-09,3.8,5.6,2.6,1022.9,21.8,158,2.7
2019-11-10,7.4,9.2,5.2,1016.9,17.3,185,0.5
2019-11-11,7.7,8.8,6.9,1011.1,17.7,187,6.2
2019-11-12,2.2,5.8,-3.1,1020.1,21.6,282,0.8
2019-11-13,2.8,6.2,-1.2,1024.8,23.3,169,0.0
2019-11-14,5.2,8.9,3.1,1022.4,20.9,184,0.0
2019-11-15,1.9,3.7,-0.8,1026.7,17.1,183,0.0
2019-11-16,2.2,3.9,0.3,1024.6,12.8,188,1.1
2019-11-17,5.8,7.4,4.0,1026.7,16.0,207,0.1
2019-11-18,6.1,7.1,5.2,1027.7,11.0,211,0.1
2019-11-19,3.6,5.1,2.0,1030.6,14.8,140,0.0
2019-11-20,2.7,4.0,0.9,1037.9,16.4,135,0.0
2019-11-21,-3.1,0.7,-5.8,1044.5,15.1,154,0.0
2019-11-22,-6.3,-3.7,-8.2,1043.5,15.9,181,0.0
2019-11-23,-6.8,-4.1,-9.2,1039.5,14.8,176,0.0
2019-11-24,-4.7,-3.0,-5.4,1034.1,13.8,187,0.0
2019-11-25,-5.2,-2.7,-6.2,1029.3,12.4,197,0.0
2019-11-26,-4.9,-2.9,-7.4,1022.3,14.0,198,0.0
2019-11-27,-2.4,-1.4,-3.7,1015.2,15.1,201,0.0
2019-11-28,-1.3,-0.1,-2.5,1011.3,18.0,181,0.0
2019-11-29,-0.2,1.0,-2.3,1003.1,20.9,177,3.2
2019-11-30,-0.0,1.5,-3.7,998.5,21.4,242,1.5
2019-12-01,-3.4,-2.5,-4.6,1011.6,18.7,269,0.0
2019-12-02,-2.7,-2.0,-3.7,1010.7,26.2,227,0.5
2019-12-03,-3.1,-2.4,-4.4,1010.0,17.3,268,0.5
2019-12-04,-1.4,1.6,-2.4,1008.4,24.9,254,2.6
2019-12-05,1.3,2.0,0.6,1008.2,23.6,260,0.0
2019-12-06,0.4,1.4,-0.3,1003.1,26.4,238,0.4
2019-12-07,0.8,1.5,-0.2,1001.1,22.5,218,0.4
2019-12-08,0.8,2.3,-0.6,997.0,26.7,227,1.2
2019-12-09,2.5,3.5,0.3,999.1,25.8,214,2.9
2019-12-10,2.5,3.3,1.9,1009.1,19.9,226,0.0
2019-12-11,-1.4,2.2,-3.5,1020.2,13.9,273,0.0
2019-12-12,-0.3,0.6,-1.3,1020.6,17.3,186,0.4
2019-12-13,0.4,1.0,-0.2,1014.7,17.9,172,0.1
2019-12-14,-0.3,-0.1,-0.6,1012.1,19.4,163,0.0
2019-12-15,-0.1,1.2,-1.3,1006.5,18.8,151,5.1
2019-12-16,1.1,2.1,0.5,1003.9,22.5,224,4.5
2019-12-17,1.6,2.0,1.1,1010.9,21.0,244,1.2
2019-12-18,2.8,5.6,-0.1,1007.3,32.4,212,1.8
2019-12-19,2.0,4.8,0.6,1007.9,38.2,280,0.0
2019-12-20,-0.3,0.6,-1.1,1019.3,20.0,253,0.1
2019-12-21,1.4,2.0,0.5,1008.1,16.9,177,0.1
2019-12-22,2.4,3.0,1.8,1002.2,15.7,162,2.1
2019-12-23,5.3,6.5,3.2,1000.5,15.0,160,3.2
2019-12-24,4.3,6.3,1.6,1007.1,12.7,165,0.8
2019-12-25,3.0,3.7,1.8,1008.9,12.1,170,2.5
2019-12-26,1.7,2.4,1.4,1010.4,5.5,142,1.1
2019-12-27,0.6,1.4,0.1,1011.8,13.7,39,3.0
2019-12-28,-2.8,0.2,-4.9,1024.8,18.3,20,1.8
2019-12-29,-4.8,-4.2,-5.2,1032.2,14.3,324,0.0
2019-12-30,-2.8,0.8,-5.8,1012.0,31.1,235,4.5
2019-12-31,1.6,2.9,0.6,993.6,26.8,273,1.6
2020-01-01,-1.8,0.6,-4.9,1008.9,24.8,306,1.0
2020-01-02,0.9,1.9,-0.6,1008.7,23.2,261,0.8
2020-01-03,1.0,2.0,-0.7,1007.6,22.6,243,0.0
2020-01-04,-0.2,0.7,-1.3,998.0,20.7,233,2.2
2020-01-05,-0.9,-0.1,-2.2,1008.9,19.3,283,0.2
2020-01-06,-2.5,-1.5,-3.3,1023.3,16.4,232,0.7
2020-01-07,-0.6,0.4,-2.5,1022.1,15.0,238,0.1
2020-01-08,-0.2,0.3,-0.8,1018.2,24.3,232,0.7
2020-01-09,1.0,2.5,-1.0,1009.8,23.4,257,2.5
2020-01-10,0.1,0.9,-0.9,1013.9,16.4,259,0.0
2020-01-11,-1.4,-0.1,-3.6,1016.4,13.7,347,0.7
2020-01-12,-0.7,1.0,-3.5,1011.4,28.6,239,2.8
2020-01-13,0.8,1.9,-1.4,1007.5,23.4,269,0.6
2020-01-14,0.1,1.5,-1.2,1017.2,18.0,256,0.0
2020-01-15,1.7,3.0,-0.4,1015.4,28.3,224,1.7
2020-01-16,4.0,5.4,3.0,1014.1,27.7,249,0.4
2020-01-17,2.5,3.8,0.5,1023.4,19.8,267,0.1
2020-01-18,-0.8,0.6,-2.5,1023.3,20.6,233,0.0
2020-01-19,0.2,1.2,-0.6,1024.0,20.2,248,0.0
2020-01-20,1.4,1.9,0.4,1024.9,21.3,272,0.0
2020-01-21,2.3,3.8,0.6,1008.1,30.8,273,3.7
2020-01-22,-0.9,0.4,-2.2,999.6,27.5,298,1.0
2020-01-23,-3.7,-2.5,-5.1,1009.2,30.6,318,0.2
2020-01-24,-0.5,2.0,-3.7,1002.9,28.5,257,5.2
2020-01-25,0.1,1.2,-1.2,998.1,30.3,287,0.9
2020-01-26,-0.6,2.1,-2.3,1007.5,27.4,272,1.6
2020-01-27,-1.7,2.2,-4.3,1012.2,23.3,52,3.1
2020-01-28,-2.8,-0.9,-4.6,1010.1,15.9,132,3.6
2020-01-29,-0.8,1.0,-2.2,1006.2,13.0,141,0.3
2020-01-30,-1.1,-0.3,-2.5,1002.6,16.7,71,0.9
2020-01-31,-3.2,-1.5,-6.2,1000.2,9.1,36,1.6
2020-02-01,-3.5,1.1,-7.4,1002.4,17.7,184,0.1
2020-02-02,1.4,2.9,-0.7,989.0,19.4,205,8.5
2020-02-03,0.4,2.3,-1.9,984.2,22.7,277,2.5
2020-02-04,-3.2,-2.2,-4.8,991.5,28.1,291,0.9
2020-02-05,-5.1,-3.8,-6.2,1007.9,22.5,304,0.0
2020-02-06,-4.8,-0.9,-9.5,1001.5,28.8,283,5.8
2020-02-07,-9.5,-7.7,-13.6,1014.4,26.1,341,0.3
2020-02-08,-7.8,-3.5,-13.9,1021.1,9.2,258,0.0
2020-02-09,-2.1,0.3,-5.2,1017.9,22.8,234,0.0
2020-02-10,-0.5,2.4,-2.3,997.1,31.0,206,0.9
2020-02-11,0.7,2.2,-0.1,987.0,25.6,205,2.7
2020-02-12,0.3,1.8,-1.0,994.4,22.7,190,0.4
2020-02-13,0.2,2.3,-2.0,1002.9,15.2,207,0.4
2020-02-14,-1.0,1.1,-3.8,1013.7,15.9,252,0.1
2020-02-15,-0.8,1.5,-4.8,1024.2,17.4,249,0.0
2020-02-16,0.5,1.8,-0.3,1018.8,28.6,217,0.4
2020-02-17,3.8,6.5,1.2,1003.7,33.1,227,2.4
2020-02-18,3.6,6.8,1.1,1005.5,33.8,244,0.0
2020-02-19,1.7,3.2,0.3,1006.5,24.7,244,0.5
2020-02-20,1.7,5.7,-0.8,1014.5,20.6,241,0.3
2020-02-21,1.6,5.1,-0.8,1019.0,19.1,216,0.1
2020-02-22,1.2,2.8,-0.9,1015.3,34.7,210,0.6
2020-02-23,1.7,3.2,0.8,992.7,36.4,226,7.6
2020-02-24,0.8,3.2,-2.2,992.7,22.1,261,0.6
2020-02-25,-1.8,1.4,-4.0,1000.5,21.5,274,0.0
2020-02-26,-1.0,2.8,-4.2,994.6,15.5,178,4.4
2020-02-27,-0.4,1.8,-2.5,994.2,17.3,139,3.0
2020-02-28,-0.4,1.2,-2.5,995.2,21.3,237,1.0
2020-02-29,-3.4,-1.6,-5.7,1004.0,22.9,270,0.4
2020-03-01,-0.4,2.0,-5.7,1005.2,29.8,207,1.6
2020-03-02,3.1,6.1,1.3,1006.0,21.3,206,0.2
2020-03-03,1.9,2.8,0.8,1009.2,15.1,150,2.6
2020-03-04,3.1,5.4,1.4,1015.3,19.2,121,0.1
2020-03-05,5.9,9.1,3.7,1010.2,26.6,151,0.5
2020-03-06,2.2,8.2,-0.9,1008.7,19.9,321,13.3
2020-03-07,1.2,4.3,-1.8,1011.9,14.6,91,3.7
2020-03-08,2.4,4.0,0.9,1013.8,15.5,271,1.8
2020-03-09,3.6,7.2,0.0,1017.7,7.2,164,0.6
2020-03-10,4.5,7.1,2.7,1011.3,9.2,237,5.7
2020-03-11,4.7,7.6,1.8,999.4,18.7,206,0.5
2020-03-12,4.3,6.4,2.1,992.2,33.0,241,2.3
2020-03-13,2.7,4.8,1.0,987.7,35.5,251,7.0
2020-03-14,-1.5,1.5,-6.6,1001.3,25.4,331,7.8
2020-03-15,-4.4,-0.6,-7.9,1016.8,29.7,323,0.0
2020-03-16,-0.0,6.5,-6.3,1019.2,27.1,230,0.0
2020-03-17,2.3,4.2,0.3,1020.0,16.1,251,0.0
2020-03-18,4.2,7.1,1.3,1018.2,27.5,238,3.3
2020-03-19,5.7,8.4,1.4,1009.2,31.0,273,1.3
2020-03-20,1.7,4.8,-1.5,1014.9,23.8,298,2.2
2020-03-21,-3.1,-0.8,-5.6,1022.1,17.9,28,0.3
2020-03-22,-3.8,0.0,-6.8,1034.5,19.9,37,0.0
2020-03-23,-3.6,0.8,-7.2,1040.3,15.0,28,0.0
2020-03-24,-1.5,4.0,-6.5,1036.7,15.6,300,0.0
2020-03-25,2.8,9.9,-2.7,1032.1,21.5,261,0.0
2020-03-26,5.1,12.6,0.5,1032.8,20.1,274,0.0
2020-03-27,4.8,12.9,-2.0,1033.0,11.3,286,0.0
2020-03-28,7.1,15.4,-0.2,1020.8,13.6,224,0.0
2020-03-29,3.6,8.6,-1.1,1010.7,21.8,357,1.2
2020-03-30,-1.9,0.2,-3.5,1014.2,23.5,21,2.3
2020-03-31,-2.9,0.3,-5.5,1017.2,23.1,352,0.0
2020-04-01,-1.3,1.4,-5.3,1004.7,28.0,241,1.5
2020-04-02,1.6,4.2,-1.1,999.9,22.5,238,0.5
2020-04-03,4.3,7.1,2.5,998.4,34.8,224,0.2
2020-04-04,1.8,5.7,-1.5,1011.9,22.5,269,0.1
2020-04-05,0.3,4.1,-2.2,1024.2,26.0,298,0.9
2020-04-06,0.6,5.9,-3.6,1032.1,18.1,303,0.0
2020-04-07,5.6,13.7,-3.0,1029.6,20.9,229,0.1
2020-04-08,7.7,12.0,4.2,1017.6,26.1,301,0.5
2020-04-09,6.6,13.2,0.6,1011.9,25.8,239,1.5
2020-04-10,3.7,6.5,0.8,1011.3,22.3,315,2.4
2020-04-11,1.3,4.5,-1.0,1017.6,21.5,319,1.0
2020-04-12,2.8,7.9,-2.8,1019.2,15.8,266,0.0
2020-04-13,9.0,15.1,3.7,1002.4,27.5,201,0.8
2020-04-14,4.2,8.4,0.8,1000.7,19.7,255,2.5
2020-04-15,1.7,5.1,-1.1,1000.1,18.7,257,1.4
2020-04-16,1.3,3.0,-0.9,991.7,22.3,267,7.2
2020-04-17,2.1,5.3,-0.8,997.9,24.1,286,2.1
2020-04-18,2.3,6.0,-0.9,1004.7,22.2,286,1.8
2020-04-19,2.5,5.8,0.3,1011.1,16.5,335,3.3
2020-04-20,2.6,5.7,-0.9,1019.5,17.1,2,0.5
2020-04-21,4.5,8.1,0.1,1022.1,21.3,358,0.1
2020-04-22,4.5,7.3,1.7,1018.7,29.9,349,0.0
2020-04-23,4.5,9.4,0.1,1011.9,24.4,317,0.0
2020-04-24,3.5,8.4,-1.7,1002.4,15.7,277,0.4
2020-04-25,3.4,6.7,-0.5,998.1,13.8,319,1.1
2020-04-26,3.6,8.8,-1.8,1002.5,12.1,296,0.0
2020-04-27,3.6,8.4,0.4,1006.0,15.5,317,2.3
2020-04-28,3.9,8.9,-1.9,1008.0,15.9,251,1.6
2020-04-29,4.9,7.3,1.0,998.4,32.8,264,4.4
2020-04-30,3.0,5.6,0.4,1012.5,17.5,335,0.0
2020-05-01,4.9,9.9,0.8,1016.6,12.1,81,0.0
2020-05-02,8.2,14.1,1.0,1014.6,19.9,129,0.0
2020-05-03,13.1,20.1,7.6,1010.0,20.7,166,4.3
2020-05-04,11.9,16.0,7.8,1012.3,7.0,132,12.5
2020-05-05,12.4,16.0,9.6,1009.4,14.6,63,11.6
2020-05-06,13.8,18.1,10.6,1002.6,7.7,140,10.8
2020-05-07,9.3,11.6,7.1,1001.9,17.6,332,7.5
2020-05-08,8.4,12.7,4.3,1011.8,18.1,337,1.9
2020-05-09,10.4,16.2,2.8,1011.8,9.2,330,0.0
2020-05-10,11.5,16.2,7.3,1009.6,17.1,347,0.0
2020-05-11,12.5,19.3,2.6,1004.8,20.0,218,0.0
2020-05-12,10.6,17.0,1.4,994.2,29.5,246,15.8
2020-05-13,5.6,9.4,1.0,1007.3,27.4,278,2.4
2020-05-14,6.2,10.1,2.8,1009.5,21.9,251,2.7
2020-05-15,5.9,9.5,0.5,1010.3,20.1,267,0.5
2020-05-16,7.2,10.9,2.7,1008.4,27.4,244,3.7
2020-05-17,7.3,10.2,4.8,1007.5,27.2,247,4.6
2020-05-18,5.3,7.9,3.5,1004.9,24.3,270,5.1
2020-05-19,6.9,11.1,3.3,1010.6,18.0,299,0.8
2020-05-20,5.1,9.4,0.4,1008.4,17.3,315,6.8
2020-05-21,4.9,8.1,0.8,1009.5,15.8,342,0.3
2020-05-22,4.7,5.9,2.3,1015.5,18.8,8,2.9
2020-05-23,7.4,11.1,4.0,1020.3,14.6,37,0.2
2020-05-24,8.6,13.2,3.3,1018.9,12.2,131,0.4
2020-05-25,10.2,16.1,3.4,1021.3,8.7,140,0.3
2020-05-26,13.0,18.5,4.5,1027.1,11.5,250,0.1
2020-05-27,13.8,18.5,7.9,1022.9,13.8,275,0.1
2020-05-28,14.7,19.4,8.1,1021.0,11.5,238,0.3
2020-05-29,13.1,15.6,10.8,1018.2,17.4,38,0.5
2020-05-30,14.5,17.8,11.6,1016.0,29.8,50,0.4
2020-05-31,12.3,15.4,8.3,1015.2,27.4,32,0.3
2020-06-01,9.4,13.2,6.1,1017.0,24.6,36,2.3
2020-06-02,10.6,14.1,6.9,1016.5,28.5,68,0.2
2020-06-03,10.7,12.9,8.0,1012.0,18.7,75,6.2
2020-06-04,12.8,16.5,10.5,1002.5,14.8,218,19.5
2020-06-05,13.2,17.1,9.0,1006.4,18.0,170,3.3
2020-06-06,14.8,19.9,8.1,1009.8,21.3,168,3.4
2020-06-07,19.8,25.0,14.4,1015.2,10.7,231,0.0
2020-06-08,21.8,28.7,14.9,1016.1,13.8,169,0.0
2020-06-09,22.4,26.0,17.9,1016.8,12.5,163,9.4
2020-06-10,22.2,26.5,17.5,1016.6,17.1,158,6.6
2020-06-11,22.5,27.6,16.9,1015.6,12.4,197,2.6
2020-06-12,15.7,18.1,11.4,1017.4,20.0,62,19.0
2020-06-13,14.1,17.1,10.6,1021.0,26.3,66,0.5
2020-06-14,15.3,19.3,9.9,1022.6,25.3,85,0.0
2020-06-15,18.1,23.2,12.8,1020.1,17.4,121,0.0
2020-06-16,21.0,26.9,14.3,1016.9,11.6,164,0.2
2020-06-17,23.7,29.0,17.0,1016.1,7.6,190,0.0
2020-06-18,23.3,28.5,16.6,1016.1,10.5,130,0.0
2020-06-19,24.5,31.3,16.3,1014.6,12.6,231,0.0
2020-06-20,20.2,24.0,16.4,1015.6,17.1,44,1.5
2020-06-21,16.0,19.5,12.6,1018.4,17.1,78,0.0
2020-06-22,16.2,20.8,9.5,1018.0,12.9,93,0.2
2020-06-23,18.6,23.2,11.0,1017.4,13.4,29,0.0
2020-06-24,19.9,25.0,12.6,1022.5,16.2,350,0.0
2020-06-25,21.8,27.0,14.3,1024.5,22.1,306,0.0
2020-06-26,22.2,27.5,15.4,1024.0,9.8,321,0.0
2020-06-27,23.1,27.5,17.4,1015.9,22.9,272,0.0
2020-06-28,20.4,25.4,15.7,1010.1,12.0,357,3.9
2020-06-29,16.3,20.4,11.1,1011.7,15.3,80,0.0
2020-06-30,17.2,23.5,10.9,1005.9,25.8,165,19.4
2020-07-01,16.7,20.8,12.9,1005.5,19.6,232,2.9
2020-07-02,17.3,20.5,13.4,1008.7,19.3,224,2.6
2020-07-03,18.8,23.0,14.9,1011.0,15.1,225,2.1
2020-07-04,19.3,23.1,15.8,1011.9,9.0,252,2.2
2020-07-05,19.8,24.0,13.9,1010.5,17.1,236,0.0
2020-07-06,21.7,25.6,16.8,1007.1,23.4,214,0.1
2020-07-07,21.0,26.9,16.8,1005.8,14.8,203,10.1
2020-07-08,14.9,17.8,12.4,1006.3,22.5,329,19.6
2020-07-09,14.3,17.7,11.3,1011.7,18.6,270,3.1
2020-07-10,15.0,19.0,8.9,1017.2,20.0,211,0.3
2020-07-11,19.2,23.1,15.6,1013.8,28.0,209,3.4
2020-07-12,14.4,15.6,13.1,1017.3,10.2,329,4.7
2020-07-13,13.8,16.1,12.2,1014.1,16.6,348,11.4
2020-07-14,15.2,18.9,12.0,1011.7,24.0,356,10.0
2020-07-15,13.3,14.8,11.9,1004.3,28.1,5,32.0
2020-07-16,13.2,14.6,11.7,1005.9,19.9,321,8.7
2020-07-17,14.3,17.1,11.2,1012.9,15.3,304,0.9
2020-07-18,16.7,21.9,11.6,1018.3,14.3,334,0.0
2020-07-19,17.7,22.3,12.6,1017.6,10.0,348,0.4
2020-07-20,17.6,21.6,13.1,1013.3,10.0,314,0.3
2020-07-21,17.6,20.9,14.9,1007.5,13.7,298,4.1
2020-07-22,16.0,18.9,13.2,1004.3,23.4,271,1.1
2020-07-23,13.5,16.8,11.1,1007.6,20.2,267,1.5
2020-07-24,12.8,16.5,9.6,1011.4,14.3,238,2.2
2020-07-25,14.8,19.6,9.9,1015.2,16.0,187,4.3
2020-07-26,17.4,21.5,13.2,1017.1,11.3,186,3.7
2020-07-27,18.4,24.4,12.2,1019.0,8.7,104,0.0
2020-07-28,19.7,25.2,14.4,1015.9,16.9,170,0.1
2020-07-29,19.6,23.7,17.3,1010.8,24.2,216,8.6
2020-07-30,15.8,18.4,13.0,1009.8,22.9,255,2.5
2020-07-31,14.3,16.8,12.3,1006.0,21.0,257,6.2
2020-08-01,14.3,16.7,12.4,1005.7,18.0,356,5.7
2020-08-02,14.4,17.5,11.4,1011.2,14.4,334,0.3
2020-08-03,16.0,20.4,11.2,1013.6,19.0,229,0.0
2020-08-04,18.2,23.5,13.2,1016.0,16.9,200,0.0
2020-08-05,19.8,25.3,15.1,1017.2,20.8,195,0.6
2020-08-06,18.9,22.4,16.1,1022.9,13.6,318,0.3
2020-08-07,18.0,21.9,13.2,1026.2,9.7,340,0.0
2020-08-08,18.4,22.5,13.7,1023.2,13.9,333,1.4
2020-08-09,18.4,22.0,14.4,1018.4,16.4,336,2.4
2020-08-10,18.5,23.1,14.8,1015.5,11.5,302,10.9
2020-08-11,13.6,16.2,11.1,1015.9,19.3,332,2.3
2020-08-12,12.8,14.4,11.6,1016.3,22.7,345,1.7
2020-08-13,12.6,14.8,10.6,1016.5,14.4,354,1.1
2020-08-14,12.9,16.5,8.6,1017.5,13.4,345,0.3
2020-08-15,13.3,15.2,10.1,1016.6,8.8,245,5.0
2020-08-16,17.4,21.8,12.8,1012.0,17.6,288,0.7
2020-08-17,17.4,20.7,13.1,1010.6,15.1,323,0.3
2020-08-18,14.5,19.7,8.4,1012.7,9.8,320,0.0
2020-08-19,14.9,19.7,9.0,1012.7,8.7,75,0.0
2020-08-20,15.4,20.0,11.8,1015.9,12.2,95,0.0
2020-08-21,15.0,20.6,8.1,1019.4,7.3,113,0.0
2020-08-22,16.6,21.9,8.9,1020.3,9.5,258,0.0
2020-08-23,16.9,21.3,12.2,1013.5,23.1,208,3.1
2020-08-24,17.5,20.8,15.2,1008.5,16.4,243,5.9
2020-08-25,16.5,21.0,12.3,1011.0,13.3,225,0.8
2020-08-26,14.9,17.5,11.6,1005.2,20.1,270,11.0
2020-08-27,13.6,17.5,9.6,1004.8,18.6,157,7.4
2020-08-28,14.5,17.5,12.4,1002.9,14.0,301,3.9
2020-08-29,13.7,16.8,10.6,1011.6,14.5,265,1.0
2020-08-30,16.5,21.2,12.6,1011.3,20.8,215,16.5
2020-08-31,17.3,22.3,13.0,1006.9,21.7,193,42.1
2020-09-01,15.3,18.0,12.9,1014.1,18.0,302,0.4
2020-09-02,13.7,17.5,9.8,1026.1,17.4,95,0.1
2020-09-03,16.5,21.8,11.6,1024.6,20.1,129,0.0
2020-09-04,17.6,21.7,14.6,1019.7,13.3,151,0.1
2020-09-05,16.6,20.0,13.7,1017.0,12.3,213,7.2
2020-09-06,16.9,21.1,12.4,1014.8,20.3,200,0.2
2020-09-07,15.9,18.5,13.6,1017.4,12.4,276,8.2
2020-09-08,11.9,13.2,10.6,1013.3,17.4,283,16.6
2020-09-09,12.1,14.9,9.9,1008.1,24.2,270,4.1
2020-09-10,12.8,16.0,10.6,1002.5,31.4,240,6.2
2020-09-11,11.5,14.1,9.4,1012.4,29.8,280,0.0
2020-09-12,11.6,15.5,6.8,1020.6,17.6,231,0.1
2020-09-13,12.8,15.6,10.9,1013.8,26.3,241,1.4
2020-09-14,11.2,13.6,9.3,1015.9,19.8,273,2.6
2020-09-15,11.7,15.2,8.9,1019.2,23.7,294,0.1
2020-09-16,11.8,17.0,6.4,1020.8,17.7,211,0.0
2020-09-17,12.5,16.8,7.9,1003.9,26.1,227,11.6
2020-09-18,7.3,8.2,6.6,1005.8,23.7,312,4.4
2020-09-19,10.0,13.8,6.1,1012.7,24.8,300,0.3
2020-09-20,8.4,11.9,5.2,1017.8,23.7,298,0.0
2020-09-21,10.3,13.1,7.3,1015.3,25.9,265,0.0
2020-09-22,13.8,18.9,10.2,1011.5,26.0,254,0.0
2020-09-23,14.0,20.2,8.4,1014.3,15.3,230,0.0
2020-09-24,14.3,20.6,9.7,1015.7,14.0,198,0.0
2020-09-25,13.6,20.9,6.8,1016.7,15.1,155,0.0
2020-09-26,14.5,20.3,9.8,1018.1,18.6,132,0.0
2020-09-27,13.6,17.9,10.6,1022.2,17.6,123,0.6
2020-09-28,10.5,13.1,8.7,1023.3,20.5,126,2.7
2020-09-29,12.1,16.8,9.4,1022.9,12.8,159,1.6
2020-09-30,11.0,16.2,6.6,1022.0,15.0,123,0.0
2020-10-01,11.8,18.5,7.3,1023.3,19.2,131,0.0
2020-10-02,11.5,18.1,6.5,1026.0,17.8,121,0.0
2020-10-03,12.5,18.0,8.3,1027.8,16.2,120,0.0
2020-10-04,12.2,16.2,7.4,1027.2,19.4,137,0.0
2020-10-05,14.4,17.8,12.1,1025.1,20.0,176,0.0
2020-10-06,13.7,17.6,10.9,1019.8,21.3,179,0.6
2020-10-07,11.3,13.9,10.4,1017.8,18.9,171,11.9
2020-10-08,12.3,14.1,11.4,1020.1,15.1,183,3.8
2020-10-09,11.8,13.4,10.7,1019.7,18.1,188,9.3
2020-10-10,12.2,14.6,10.6,1020.9,12.8,215,0.1
2020-10-11,11.5,14.6,9.1,1018.8,10.1,136,2.6
2020-10-12,10.5,13.9,7.7,1015.4,11.0,207,0.3
2020-10-13,12.0,15.8,8.9,1015.4,20.8,193,0.2
2020-10-14,9.3,12.2,8.2,1016.6,17.9,51,3.3
2020-10-15,9.0,11.4,4.9,1010.1,23.7,255,8.6
2020-10-16,3.6,4.8,1.6,1014.6,12.8,340,2.0
2020-10-17,1.9,4.3,-0.9,1019.3,8.7,202,0.0
2020-10-18,1.4,2.3,0.7,1002.5,22.5,247,7.2
2020-10-19,2.7,4.7,1.1,1005.7,25.1,239,1.4
2020-10-20,1.4,2.5,-1.0,1012.8,23.8,281,3.4
2020-10-21,1.2,3.4,-1.6,1019.7,12.3,212,1.7
2020-10-22,4.5,9.0,2.0,1011.0,19.0,180,8.4
2020-10-23,10.3,11.9,8.8,1001.9,27.5,254,7.8
2020-10-24,7.0,8.8,5.6,1006.9,22.7,270,0.2
2020-10-25,6.7,9.3,4.2,1012.6,19.4,251,0.1
2020-10-26,7.7,10.2,5.6,1021.1,14.9,193,0.0
2020-10-27,8.2,11.3,6.1,1021.6,19.5,180,0.0
2020-10-28,8.8,11.1,7.1,1018.9,19.5,202,0.0
2020-10-29,8.2,9.9,6.9,1018.3,16.6,185,0.1
2020-10-30,6.6,7.3,5.8,1015.0,11.7,177,0.4
2020-10-31,6.6,8.8,4.8,1020.8,13.0,26,0.0
2020-11-01,4.2,5.9,1.6,1025.6,14.1,54,0.5
2020-11-02,4.1,6.2,1.8,1022.3,14.2,111,0.0
2020-11-03,6.7,8.1,5.2,1021.7,20.4,194,0.0
2020-11-04,7.2,7.9,6.8,1024.5,19.3,220,3.6
2020-11-05,6.5,7.4,5.7,1017.6,27.9,247,2.7
2020-11-06,5.8,6.8,4.6,1010.0,29.4,292,3.3
2020-11-07,7.1,9.6,4.2,1016.0,24.7,292,0.1
2020-11-08,6.2,8.6,0.2,1014.5,24.8,291,4.6
2020-11-09,0.7,3.3,-1.4,1023.8,23.2,284,0.1
2020-11-10,2.1,3.6,0.4,1027.1,21.4,311,0.2
2020-11-11,-0.0,1.2,-1.2,1032.0,13.3,305,0.0
2020-11-12,1.8,3.5,-0.2,1031.5,10.8,271,0.7
2020-11-13,2.9,3.8,2.3,1031.4,7.3,21,0.0
2020-11-14,1.5,2.5,0.5,1028.4,13.8,142,0.0
2020-11-15,0.0,0.9,-1.4,1029.2,13.7,136,0.0
2020-11-16,-0.5,0.6,-1.6,1031.6,17.8,157,0.1
2020-11-17,-3.2,-1.9,-4.1,1034.0,20.5,171,0.0
2020-11-18,-2.5,0.9,-4.3,1027.9,28.3,197,4.7
2020-11-19,2.0,4.1,0.6,1015.4,35.4,216,0.6
2020-11-20,0.8,2.0,-0.9,1012.4,28.5,218,1.9
2020-11-21,-0.7,0.6,-2.3,1025.3,15.0,224,0.0
2020-11-22,-1.0,-0.4,-1.5,1015.1,23.8,203,3.0
2020-11-23,0.5,2.9,-1.8,1006.3,17.6,220,3.0
2020-11-24,1.3,1.8,0.5,1007.6,18.0,265,1.3
2020-11-25,-0.1,0.6,-1.5,1015.2,12.6,302,1.1
2020-11-26,0.4,2.8,-1.9,1015.0,15.6,208,4.0
2020-11-27,0.4,0.9,-0.2,1007.6,14.3,207,8.3
2020-11-28,-0.0,0.7,-0.4,1019.9,10.6,89,1.0
2020-11-29,0.1,0.9,-0.9,1026.4,21.9,85,6.0
2020-11-30,0.7,1.6,-1.9,1024.9,19.7,154,6.4
2020-12-01,-2.2,-1.0,-3.3,1029.7,12.3,202,0.0
2020-12-02,-2.8,-1.9,-4.0,1035.1,13.4,146,0.0
2020-12-03,-4.3,-2.7,-7.3,1031.3,13.4,144,1.0
2020-12-04,-3.4,-2.5,-4.2,1030.0,17.0,163,0.7
2020-12-05,-2.5,-1.5,-3.8,1032.7,19.5,176,0.0
2020-12-06,-4.5,-2.0,-6.8,1037.9,20.7,191,0.0
2020-12-07,-7.9,-6.0,-9.1,1041.0,14.8,176,0.0
2020-12-08,-7.6,-5.2,-8.9,1040.1,13.0,154,0.0
2020-12-09,-7.1,-4.1,-9.2,1039.0,14.3,136,0.0
2020-12-10,-8.7,-6.8,-10.6,1034.9,13.0,138,0.0
2020-12-11,-4.7,-2.3,-8.7,1029.2,16.2,156,0.3
2020-12-12,-6.3,-4.1,-7.8,1028.4,15.8,150,0.0
2020-12-13,-4.4,-2.5,-6.3,1025.3,14.2,138,2.2
2020-12-14,-3.0,-2.3,-3.6,1022.5,11.4,157,9.9
2020-12-15,-3.7,-3.1,-4.7,1021.5,8.9,272,1.6
2020-12-16,-1.6,-0.6,-3.6,1020.9,18.4,216,1.4
2020-12-17,0.9,1.8,-0.6,1017.9,21.3,270,1.0
2020-12-18,-1.0,0.4,-1.8,1024.9,13.8,151,1.2
2020-12-19,-0.2,0.6,-0.8,1023.2,13.1,185,1.9
2020-12-20,0.9,1.5,0.4,1027.1,13.1,228,0.1
2020-12-21,-0.3,0.4,-0.9,1029.4,17.1,237,0.0
2020-12-22,-0.7,-0.2,-2.0,1026.2,17.3,214,0.0
2020-12-23,-4.3,-2.4,-5.4,1017.8,19.5,180,2.3
2020-12-24,-3.6,-2.6,-4.7,1013.5,15.5,186,0.3
2020-12-25,-2.4,-0.4,-3.5,1002.1,17.6,151,6.6
2020-12-26,-2.9,-0.3,-6.1,1002.9,20.9,249,2.3
2020-12-27,-8.1,-6.3,-11.2,1018.5,15.0,277,0.1
2020-12-28,-6.5,-4.7,-10.2,1027.3,20.5,154,0.0
2020-12-29,-6.5,-3.8,-8.3,1021.2,27.2,137,1.6
2020-12-30,-1.2,0.9,-3.8,1017.5,21.1,165,0.6
2020-12-31,0.1,1.8,-2.2,1014.6,17.6,148,2.6
2021-01-01,0.4,1.3,-0.5,1013.6,16.4,142,4.3
2021-01-02,0.3,0.9,-0.6,1014.2,17.3,187,1.4
2021-01-03,-2.0,-0.9,-3.3,1025.6,16.0,216,1.2
2021-01-04,-1.1,-0.2,-1.9,1026.1,9.0,141,5.7
2021-01-05,-2.0,-1.5,-2.5,1028.3,10.4,92,0.0
2021-01-06,-3.1,-2.3,-4.3,1024.8,10.2,79,0.3
2021-01-07,-5.4,-4.7,-6.1,1020.3,10.1,103,2.3
2021-01-08,-6.9,-6.1,-8.1,1016.1,13.8,66,0.2
2021-01-09,-10.0,-8.2,-11.6,1017.1,12.7,44,1.8
2021-01-10,-11.8,-10.4,-12.9,1019.0,10.4,1,2.1
2021-01-11,-12.0,-10.6,-13.4,1021.5,6.5,357,0.0
2021-01-12,-12.3,-11.2,-14.1,1020.3,13.6,123,0.4
2021-01-13,-10.5,-8.8,-13.4,1018.6,17.7,94,1.0
2021-01-14,-16.7,-13.8,-20.0,1012.3,24.8,52,4.8
2021-01-15,-22.2,-19.9,-24.4,1012.7,8.4,30,0.0
2021-01-16,-21.1,-18.9,-24.0,1012.7,16.5,358,0.6
2021-01-17,-20.0,-17.2,-24.8,1016.9,13.6,346,0.0
2021-01-18,-18.2,-13.4,-23.6,1019.2,9.8,255,0.0
2021-01-19,-14.1,-10.2,-17.6,1017.6,9.4,278,0.5
2021-01-20,-12.0,-8.9,-15.8,1018.5,14.1,250,0.0
2021-01-21,-11.8,-9.3,-14.8,1012.8,15.3,185,3.3
2021-01-22,-2.5,1.4,-8.9,1006.9,15.9,189,0.4
2021-01-23,-0.0,1.5,-1.6,1007.0,14.5,195,0.0
2021-01-24,0.6,2.6,-0.3,1008.5,17.9,165,0.3
2021-01-25,2.1,4.0,0.4,1006.8,20.8,164,1.7
2021-01-26,0.2,0.8,-0.3,1003.7,23.7,125,1.3
2021-01-27,-0.5,0.9,-1.1,998.7,22.9,178,4.2
2021-01-28,-2.3,-0.8,-4.2,1004.5,13.9,101,3.4
2021-01-29,-1.1,0.4,-2.3,992.1,21.4,124,4.8
2021-01-30,-3.4,-2.0,-4.6,988.7,20.3,189,3.4
2021-01-31,-5.2,-3.5,-6.5,993.0,20.0,217,0.4
2021-02-01,-4.4,-2.8,-6.6,1004.4,21.1,233,1.0
2021-02-02,-5.8,-4.7,-7.8,1015.0,14.3,223,0.0
2021-02-03,-6.7,-4.2,-8.1,1008.1,19.9,180,2.1
2021-02-04,-7.3,-3.5,-10.9,1004.5,15.5,287,0.1
2021-02-05,-12.2,-10.4,-14.7,1010.3,19.2,311,0.2
2021-02-06,-15.8,-14.6,-17.0,1013.2,20.0,324,0.0
2021-02-07,-13.6,-9.7,-17.0,1016.2,23.8,309,0.3
2021-02-08,-12.4,-9.5,-19.5,1021.2,15.3,309,0.0
2021-02-09,-16.6,-12.6,-21.4,1021.5,14.0,101,0.8
2021-02-10,-13.9,-12.1,-15.6,1018.1,15.3,71,0.6
2021-02-11,-14.9,-13.1,-16.4,1020.3,11.7,47,1.1
2021-02-12,-17.5,-16.0,-19.0,1021.9,25.6,20,1.6
2021-02-13,-15.7,-14.6,-17.2,1015.1,30.1,19,6.6
2021-02-14,-14.1,-10.4,-16.7,1015.8,22.9,346,1.2
2021-02-15,-17.1,-13.6,-19.0,1026.3,13.4,325,0.0
2021-02-16,-13.5,-8.1,-19.8,1017.9,24.3,240,3.7
2021-02-17,-13.1,-8.6,-18.0,1017.4,16.4,1,1.3
2021-02-18,-19.0,-14.0,-23.8,1025.2,15.3,327,0.0
2021-02-19,-15.8,-10.3,-20.5,1024.5,15.8,283,0.0
2021-02-20,-12.5,-7.8,-17.9,1024.7,7.1,202,0.0
2021-02-21,-5.6,-0.1,-10.3,1019.2,15.2,249,5.0
2021-02-22,-12.8,-8.2,-19.4,1028.8,18.8,88,5.0
2021-02-23,-19.9,-15.2,-24.9,1043.0,16.6,128,0.3
2021-02-24,-12.2,-6.7,-15.6,1030.7,18.7,187,4.5
2021-02-25,2.0,4.6,-5.7,1014.3,23.7,265,1.4
2021-02-26,3.8,4.8,1.5,1004.8,30.4,269,0.5
2021-02-27,1.3,2.5,0.6,1009.9,24.4,314,0.9
2021-02-28,0.0,1.6,-3.5,1016.9,15.1,318,0.8
2021-03-01,1.0,4.3,-3.5,1020.0,24.4,262,0.0
2021-03-02,1.4,4.1,-1.2,1011.5,25.5,302,0.3
2021-03-03,-1.0,3.2,-4.9,1014.5,26.3,285,0.3
2021-03-04,-1.3,1.9,-8.4,1001.8,26.8,294,1.3
2021-03-05,-7.0,-2.9,-11.6,1009.0,17.2,303,0.5
2021-03-06,-8.4,-4.0,-12.9,1015.2,22.0,270,0.0
2021-03-07,-4.4,-2.2,-8.6,994.7,27.6,253,5.9
2021-03-08,-8.0,-6.8,-10.3,1002.8,22.4,328,1.0
2021-03-09,-13.6,-10.6,-19.9,1018.7,13.2,338,0.0
2021-03-10,-18.7,-12.4,-26.5,1028.6,8.5,40,0.0
2021-03-11,-15.5,-6.7,-24.0,1028.0,16.7,198,0.0
2021-03-12,-9.5,-5.4,-13.9,1012.4,31.5,176,2.6
2021-03-13,-2.1,0.9,-5.5,1005.7,25.6,195,0.7
2021-03-14,1.2,2.7,-0.3,1003.5,19.2,183,2.2
2021-03-15,1.8,3.5,0.5,1004.0,22.5,213,0.9
2021-03-16,0.6,5.8,-2.2,1013.8,11.8,205,0.0
2021-03-17,-0.0,2.3,-1.5,1012.9,8.3,69,2.6
2021-03-18,-0.7,0.8,-2.8,1010.6,15.6,344,1.3
2021-03-19,-4.3,0.2,-10.6,1014.8,11.2,2,0.5
2021-03-20,-7.5,-2.3,-12.2,1016.7,17.3,289,0.0
2021-03-21,-4.2,-1.0,-8.4,999.7,25.8,228,1.9
2021-03-22,-1.7,0.0,-5.8,999.5,16.8,286,1.3
2021-03-23,-4.5,0.5,-8.8,1013.1,12.3,341,0.0
2021-03-24,-1.4,7.8,-10.0,1018.6,15.7,255,0.0
2021-03-25,1.6,5.7,-1.9,1016.5,16.0,259,0.0
2021-03-26,2.9,6.7,-0.6,1017.8,11.9,283,0.1
2021-03-27,1.9,7.8,-3.3,1022.3,9.4,5,0.0
2021-03-28,2.9,10.4,-3.7,1025.1,12.0,169,0.0
2021-03-29,4.2,9.1,-0.2,1028.7,18.6,171,0.1
2021-03-30,3.6,5.4,1.7,1023.7,28.8,213,6.2
2021-03-31,8.0,12.9,5.8,1012.8,25.7,261,2.0
2021-04-01,3.8,5.9,1.3,1009.8,16.3,295,1.8
2021-04-02,1.9,6.3,-2.2,1007.1,11.2,314,0.3
2021-04-03,1.0,5.9,-3.2,1008.1,11.0,302,1.1
2021-04-04,1.4,5.3,-2.6,1009.8,16.0,274,0.0
2021-04-05,3.7,8.5,-0.6,1000.9,26.8,211,0.0
2021-04-06,2.9,5.1,0.8,998.2,26.6,202,0.4
2021-04-07,1.1,4.6,-1.8,1001.3,14.8,133,4.7
2021-04-08,1.1,4.3,-0.7,999.6,27.4,291,6.3
2021-04-09,2.8,7.5,-2.5,1016.5,25.4,231,0.2
2021-04-10,6.1,10.6,2.0,1019.5,32.2,202,0.0
2021-04-11,8.0,12.6,1.8,1025.7,13.0,185,0.0
2021-04-12,10.6,17.0,4.3,1028.7,22.5,150,0.2
2021-04-13,12.7,19.9,7.2,1020.8,17.5,165,0.0
2021-04-14,12.1,16.1,7.2,1017.0,17.3,218,0.7
2021-04-15,7.1,11.1,4.4,1020.4,23.4,38,2.3
2021-04-16,9.1,14.5,4.2,1021.9,22.3,63,0.0
2021-04-17,9.4,15.2,4.8,1023.6,19.2,64,0.0
2021-04-18,9.0,14.2,3.8,1023.4,23.7,61,0.0
2021-04-19,7.7,13.1,3.2,1024.4,18.3,66,0.0
2021-04-20,6.1,11.1,2.6,1020.4,22.3,93,0.5
2021-04-21,3.9,6.8,1.4,1006.9,18.1,299,6.5
2021-04-22,8.7,14.1,3.1,1009.1,20.2,209,1.2
2021-04-23,6.2,8.9,1.5,1010.6,18.1,202,2.2
2021-04-24,3.3,5.5,0.3,1008.1,18.2,287,1.2
2021-04-25,2.6,5.1,0.5,1006.7,26.3,268,0.0
2021-04-26,2.8,6.2,0.1,1009.7,21.3,253,0.9
2021-04-27,3.0,8.2,-2.2,1007.7,14.1,265,0.7
2021-04-28,3.5,6.8,0.6,1011.9,21.8,271,1.5
2021-04-29,4.6,9.7,-1.2,1016.9,16.7,239,0.5
2021-04-30,6.7,10.1,3.5,1005.7,20.0,190,17.1
2021-05-01,6.3,9.1,2.5,1011.1,18.1,303,0.2
2021-05-02,7.5,12.7,1.4,1014.9,15.1,35,0.0
2021-05-03,7.5,13.6,5.1,999.6,26.4,138,14.9
2021-05-04,3.3,5.0,2.3,997.1,29.3,253,3.9
2021-05-05,5.4,10.8,1.4,1004.8,19.2,240,1.3
2021-05-06,9.1,16.1,5.3,999.8,34.3,191,5.4
2021-05-07,7.8,12.1,4.1,1007.4,21.8,218,1.6
2021-05-08,8.3,10.9,6.6,1005.9,18.5,236,5.7
2021-05-09,6.9,10.9,3.4,1014.8,24.9,324,0.0
2021-05-10,9.6,16.5,0.7,1025.9,10.8,210,0.0
2021-05-11,12.8,19.9,4.7,1027.0,12.3,118,0.0
2021-05-12,16.2,22.3,9.2,1023.0,17.6,107,0.0
2021-05-13,13.9,17.7,10.5,1015.7,20.9,142,0.0
2021-05-14,13.8,20.0,6.9,1013.4,18.7,150,0.0
2021-05-15,15.3,20.2,10.8,1006.7,15.1,159,5.1
2021-05-16,15.0,20.5,11.0,1009.5,19.4,218,2.6
2021-05-17,18.1,25.0,9.8,1010.8,23.2,108,0.0
2021-05-18,21.5,28.5,15.8,1005.1,24.0,127,0.0
2021-05-19,19.3,23.4,15.3,1003.3,31.6,140,1.0
2021-05-20,16.5,19.5,13.3,1001.8,21.0,126,0.2
2021-05-21,12.3,14.7,9.0,1003.0,27.4,245,2.1
2021-05-22,12.8,19.1,6.3,1010.4,29.6,214,0.3
2021-05-23,13.6,17.9,9.4,1008.4,27.3,189,0.9
2021-05-24,12.3,16.4,8.4,1015.4,22.8,256,0.0
2021-05-25,12.5,16.6,6.9,1022.4,10.2,275,0.0
2021-05-26,14.7,20.9,10.4,1018.7,22.4,159,4.5
2021-05-27,13.7,19.1,5.4,1017.4,10.2,193,0.0
2021-05-28,15.3,20.0,9.8,1013.4,12.8,277,0.1
2021-05-29,12.8,15.6,9.6,1013.2,18.1,6,0.6
2021-05-30,8.6,11.8,4.3,1020.4,22.7,29,0.0
2021-05-31,8.3,12.4,2.4,1021.5,11.2,43,0.0
2021-06-01,11.2,16.2,4.3,1021.4,13.6,43,0.0
2021-06-02,14.0,19.5,5.7,1025.2,17.8,21,0.0
2021-06-03,14.9,20.4,8.1,1027.1,23.2,50,0.0
2021-06-04,16.4,21.8,9.8,1025.5,18.3,64,0.0
2021-06-05,17.9,23.4,10.9,1019.2,13.4,68,0.0
2021-06-06,19.2,23.8,13.7,1014.9,10.9,89,0.0
2021-06-07,19.3,24.3,13.4,1013.0,10.1,39,0.5
2021-06-08,17.2,21.2,11.9,1012.8,15.9,28,8.4
2021-06-09,16.5,20.3,13.4,1013.7,19.1,54,1.6
2021-06-10,15.8,19.5,9.9,1014.5,19.2,58,0.0
2021-06-11,14.9,18.6,12.0,1014.4,15.0,58,6.4
2021-06-12,16.3,19.4,13.7,1009.0,10.4,138,5.8
2021-06-13,18.4,23.1,12.2,1005.3,11.7,199,0.3
2021-06-14,18.3,21.6,13.2,1013.4,12.3,322,1.9
2021-06-15,18.9,24.0,12.6,1013.2,17.4,271,0.0
2021-06-16,17.9,21.2,14.5,1015.5,15.8,324,0.0
2021-06-17,18.5,23.9,10.8,1023.7,10.5,317,0.0
2021-06-18,20.7,26.2,12.6,1025.4,13.2,203,0.0
2021-06-19,22.6,28.0,15.9,1023.4,13.7,219,0.0
2021-06-20,24.0,29.6,16.2,1020.6,10.2,217,0.0
2021-06-21,25.0,30.3,18.2,1019.4,11.7,200,0.1
2021-06-22,26.2,32.7,19.0,1019.1,15.1,172,0.0
2021-06-23,27.4,33.0,20.4,1019.8,14.1,200,0.0
2021-06-24,26.6,31.5,20.5,1018.6,12.4,215,0.0
2021-06-25,25.6,30.4,18.9,1015.5,14.9,199,0.1
2021-06-26,24.6,29.1,18.9,1012.9,11.6,241,0.4
2021-06-27,23.4,28.8,19.1,1011.2,11.7,117,7.5
2021-06-28,21.0,26.0,18.2,1005.7,11.6,34,14.2
2021-06-29,17.7,19.3,15.4,1002.8,21.7,277,8.1
2021-06-30,16.9,18.6,15.1,1004.6,22.2,283,11.3
2021-07-01,18.2,20.9,16.2,1010.1,18.3,354,1.4
2021-07-02,16.1,17.6,14.9,1011.9,14.9,17,0.8
2021-07-03,17.9,22.0,14.2,1013.1,14.5,49,0.2
2021-07-04,19.0,23.6,13.2,1014.7,20.7,64,0.1
2021-07-05,19.5,24.4,13.7,1016.6,15.7,71,0.0
2021-07-06,19.7,25.1,12.4,1018.5,11.4,108,0.0
2021-07-07,21.8,27.5,14.1,1022.1,9.2,144,0.0
2021-07-08,23.0,28.4,15.7,1024.7,10.3,237,0.0
2021-07-09,24.2,30.0,16.7,1022.9,10.2,263,0.0
2021-07-10,24.5,29.0,19.1,1019.8,11.1,320,0.8
2021-07-11,24.8,29.5,19.4,1018.5,9.8,57,0.6
2021-07-12,25.0,30.0,19.0,1019.4,9.5,107,0.0
2021-07-13,25.9,31.4,19.3,1017.9,7.8,182,0.0
2021-07-14,25.7,30.9,20.0,1015.7,11.2,240,0.0
2021-07-15,24.9,29.7,17.8,1012.5,7.8,296,1.1
2021-07-16,24.6,29.1,19.9,1012.5,11.7,311,4.5
2021-07-17,22.7,25.8,19.9,1012.4,11.8,322,6.0
2021-07-18,21.2,25.1,16.0,1009.2,13.9,223,3.5
2021-07-19,21.5,25.1,17.8,1007.1,15.5,281,1.0
2021-07-20,18.5,21.8,14.1,1009.2,19.1,295,0.0
2021-07-21,16.4,20.5,12.1,1009.1,19.2,285,4.5
2021-07-22,15.3,18.9,9.9,1011.8,18.1,303,0.0
2021-07-23,16.0,18.5,13.8,1008.0,22.1,291,2.8
2021-07-24,15.8,19.5,11.7,1013.8,12.9,315,0.0
2021-07-25,17.3,21.6,11.2,1019.5,8.4,273,0.1
2021-07-26,19.5,24.3,13.4,1021.6,8.8,290,0.0
2021-07-27,21.1,27.0,13.2,1019.6,8.6,168,0.0
2021-07-28,18.8,21.6,15.4,1012.6,16.6,151,4.0
2021-07-29,20.1,25.0,15.1,1006.4,16.1,258,1.2
2021-07-30,19.7,23.0,17.5,1004.0,13.2,252,3.8
2021-07-31,18.6,21.5,14.7,1003.5,27.9,243,0.9
2021-08-01,19.0,23.1,14.4,1007.4,20.2,213,3.9
2021-08-02,20.3,24.4,14.6,1003.9,23.8,173,4.2
2021-08-03,17.3,20.1,14.5,1006.1,24.5,242,1.1
2021-08-04,15.9,19.1,11.8,1014.7,12.0,260,0.2
2021-08-05,14.9,18.3,10.9,1015.2,14.8,124,7.8
2021-08-06,16.8,21.0,13.6,1010.4,14.0,122,4.6
2021-08-07,19.2,24.4,16.0,1007.5,20.0,140,20.7
2021-08-08,19.2,22.8,16.6,1013.3,13.8,221,0.9
2021-08-09,20.4,26.1,14.0,1017.3,8.9,212,0.0
2021-08-10,19.3,23.1,17.2,1017.3,12.9,358,8.6
2021-08-11,18.7,22.4,16.0,1014.3,12.6,75,10.8
2021-08-12,18.0,21.9,15.0,1010.0,16.8,210,8.9
2021-08-13,16.9,20.5,13.9,1013.8,23.1,262,1.5
2021-08-14,17.6,21.2,13.4,1019.0,16.1,229,0.0
2021-08-15,18.3,22.8,15.8,1012.1,19.9,217,1.9
2021-08-16,18.3,23.0,13.6,1012.9,18.7,237,0.7
2021-08-17,21.5,26.6,16.5,1011.1,19.3,172,3.9
2021-08-18,19.4,22.0,15.0,1009.2,14.7,221,6.7
2021-08-19,17.0,20.9,13.0,1009.2,20.5,214,0.0
2021-08-20,16.8,21.4,12.9,1012.5,18.8,240,0.0
2021-08-21,16.0,21.5,9.1,1013.7,11.2,256,1.8
2021-08-22,14.4,17.6,11.1,1014.1,16.8,283,0.4
2021-08-23,13.3,17.0,9.7,1017.9,17.6,259,1.1
2021-08-24,11.4,14.1,8.1,1020.2,11.9,280,0.4
2021-08-25,11.6,16.5,5.6,1017.3,12.4,203,0.0
2021-08-26,13.7,16.2,10.9,1014.3,19.5,90,1.6
2021-08-27,16.4,20.2,14.1,1018.9,19.4,86,1.8
2021-08-28,16.1,20.2,12.6,1020.1,19.2,93,0.3
2021-08-29,16.3,21.2,11.8,1016.2,14.0,136,0.6
2021-08-30,15.1,17.8,13.3,1016.1,9.5,51,3.2
2021-08-31,14.1,16.9,12.3,1012.8,17.2,72,9.9
2021-09-01,13.8,15.4,10.9,1003.9,20.1,328,5.8
2021-09-02,10.0,13.1,7.2,1006.9,18.8,312,3.4
2021-09-03,8.0,11.1,6.1,1000.7,28.1,271,5.6
2021-09-04,7.5,10.8,5.0,1007.3,25.0,307,1.0
2021-09-05,7.1,10.7,4.0,1018.1,20.0,314,0.5
2021-09-06,7.2,10.8,3.9,1022.6,19.1,280,2.9
2021-09-07,10.2,13.8,6.8,1020.7,22.4,256,4.8
2021-09-08,12.3,15.4,9.9,1016.7,21.8,252,5.3
2021-09-09,15.6,18.3,13.6,1013.5,23.7,273,4.3
2021-09-10,15.1,17.1,13.2,1015.8,17.4,297,1.3
2021-09-11,15.9,20.5,12.2,1016.7,13.4,207,1.6
2021-09-12,16.5,22.0,11.6,1012.1,12.8,241,0.2
2021-09-13,15.6,18.6,12.4,1005.4,24.9,246,2.0
2021-09-14,9.9,11.8,8.2,1007.7,30.8,285,0.1
2021-09-15,7.9,10.3,5.4,1013.0,22.5,300,1.6
2021-09-16,6.7,8.4,5.2,1019.9,13.0,337,0.0
2021-09-17,5.9,8.1,3.8,1021.3,12.2,63,0.0
2021-09-18,5.3,8.8,0.7,1024.0,19.5,79,0.0
2021-09-19,5.4,6.7,3.8,1022.4,25.6,80,0.0
2021-09-20,3.7,5.4,2.2,1018.9,27.1,71,12.9
2021-09-21,4.4,5.2,3.5,1016.0,22.6,67,7.8
2021-09-22,4.4,5.0,3.6,1014.8,18.4,41,7.6
2021-09-23,6.5,8.8,4.8,1012.1,11.5,114,0.4
2021-09-24,6.0,8.0,3.8,1001.9,26.8,148,1.3
2021-09-25,8.0,8.6,7.1,1001.6,20.6,197,6.4
2021-09-26,8.5,10.6,7.2,1010.2,26.4,323,1.6
2021-09-27,8.8,10.2,7.7,1025.0,20.2,12,0.4
2021-09-28,7.5,9.4,4.0,1031.6,14.6,55,0.0
2021-09-29,5.7,9.1,1.0,1036.4,6.6,30,0.0
2021-09-30,5.7,7.4,3.5,1036.0,6.9,168,0.0
2021-10-01,6.8,10.5,3.0,1034.8,10.5,201,0.0
2021-10-02,7.4,11.9,3.5,1033.4,10.4,189,0.0
2021-10-03,5.3,8.1,2.1,1033.6,11.2,159,0.0
2021-10-04,7.1,10.7,3.0,1034.8,13.7,149,0.1
2021-10-05,6.9,10.5,2.4,1037.9,19.5,158,0.0
2021-10-06,7.0,12.6,3.4,1039.6,17.6,173,0.0
2021-10-07,5.5,11.1,1.0,1041.4,13.3,192,0.0
2021-10-08,4.8,11.9,-0.8,1040.5,11.5,242,0.0
2021-10-09,5.1,11.6,-0.4,1037.0,11.6,263,0.0
2021-10-10,7.3,13.0,4.0,1032.6,13.3,250,0.0
2021-10-11,4.8,10.0,0.6,1025.3,15.6,220,0.0
2021-10-12,6.6,11.0,2.8,1015.9,13.3,178,0.0
2021-10-13,6.8,9.4,5.4,1013.0,11.9,191,1.9
2021-10-14,4.7,5.9,2.2,1014.4,15.5,348,4.8
2021-10-15,5.7,7.9,3.3,1012.1,23.3,238,0.7
2021-10-16,6.9,8.6,4.1,1007.7,25.3,226,5.4
2021-10-17,5.9,8.2,4.1,1008.8,22.9,240,3.2
2021-10-18,3.6,5.1,2.0,1008.6,25.6,273,3.0
2021-10-19,1.8,3.6,-1.9,1015.7,22.1,303,0.7
2021-10-20,0.3,6.1,-3.2,1013.8,26.7,200,6.4
2021-10-21,11.0,14.8,7.1,992.7,34.3,231,2.9
2021-10-22,8.0,11.3,5.4,991.0,32.9,237,2.0
2021-10-23,4.6,5.3,2.9,1000.4,27.2,233,1.3
2021-10-24,1.8,3.2,-0.2,1017.1,26.6,316,0.8
2021-10-25,0.7,3.0,-2.3,1026.5,20.1,234,0.2
2021-10-26,2.4,5.2,0.2,1018.5,19.9,234,0.0
2021-10-27,4.7,7.3,1.5,1012.1,23.9,245,1.6
2021-10-28,6.6,8.1,4.0,1012.7,23.0,275,4.3
2021-10-29,7.2,10.1,3.8,1021.6,24.4,235,0.3
2021-10-30,8.4,12.1,6.3,1022.5,20.4,231,0.0
2021-10-31,5.8,7.8,4.5,1021.6,22.3,225,0.0
2021-11-01,4.7,8.5,2.1,1020.3,17.9,221,0.0
2021-11-02,1.1,4.3,-1.5,1020.6,16.7,136,0.0
2021-11-03,4.0,6.2,2.3,1016.1,22.9,128,1.1
2021-11-04,6.6,8.2,4.7,1017.0,23.1,207,1.0
2021-11-05,7.5,9.8,4.6,1012.7,28.0,192,5.0
2021-11-06,6.1,8.1,3.3,1007.1,26.0,238,8.0
2021-11-07,3.9,5.8,2.3,1007.6,26.6,241,5.9
2021-11-08,4.5,5.2,1.2,998.9,21.9,229,15.0
2021-11-09,-1.7,0.9,-3.6,1020.8,24.8,344,1.2
2021-11-10,-1.2,1.1,-4.1,1028.6,25.5,227,0.4
2021-11-11,2.3,3.3,1.4,1017.7,25.0,242,2.2
2021-11-12,2.8,4.4,0.7,1007.2,26.8,268,5.3
2021-11-13,2.5,3.5,1.5,1021.9,20.8,303,0.3
2021-11-14,1.0,1.8,-0.2,1028.5,15.2,273,1.5
2021-11-15,-1.3,-0.3,-2.5,1035.2,17.5,323,0.0
2021-11-16,-2.1,-0.8,-4.0,1030.4,24.6,258,0.0
2021-11-17,-1.0,-0.1,-2.2,1023.5,13.6,235,0.0
2021-11-18,-1.0,1.4,-2.2,1013.7,21.0,206,1.1
2021-11-19,1.2,1.9,0.5,1002.8,22.0,235,0.4
2021-11-20,0.9,1.8,0.4,987.5,25.9,289,11.0
2021-11-21,0.3,1.3,-2.1,994.3,24.7,285,1.1
2021-11-22,-3.5,-0.4,-6.0,1008.1,21.4,302,0.5
2021-11-23,-4.4,-2.0,-6.1,1016.2,15.1,248,0.0
2021-11-24,-2.1,1.8,-6.3,1009.5,32.2,235,2.2
2021-11-25,1.3,1.9,-0.3,1008.8,21.8,240,0.3
2021-11-26,0.9,1.7,0.2,1001.7,25.0,215,0.9
2021-11-27,0.4,1.5,-0.2,1001.0,18.5,145,10.6
2021-11-28,1.4,2.8,0.3,999.5,18.6,218,0.7
2021-11-29,0.7,2.2,-0.6,1000.0,19.0,101,6.1
2021-11-30,-0.9,1.9,-5.8,972.3,28.8,304,24.6
2021-12-01,-7.2,-6.1,-7.9,986.8,27.9,262,3.7
2021-12-02,-6.3,-1.2,-9.7,995.7,17.5,197,5.3
2021-12-03,-0.3,0.8,-2.2,994.4,22.1,212,0.2
2021-12-04,-5.0,-2.3,-7.3,1002.3,23.5,258,1.3
2021-12-05,-10.0,-6.6,-13.5,1014.4,13.1,63,2.5
2021-12-06,-10.7,-5.1,-14.4,1020.1,13.7,88,3.1
2021-12-07,-5.5,-4.3,-8.0,1013.9,13.8,107,4.1
2021-12-08,-14.9,-9.0,-18.3,1022.6,14.1,330,0.0
2021-12-09,-15.0,-13.6,-16.1,1028.8,10.5,56,0.0
2021-12-10,-14.9,-12.6,-16.5,1032.0,19.2,109,0.0
2021-12-11,-13.8,-11.9,-15.0,1031.6,19.8,119,0.0
2021-12-12,-6.9,-0.7,-13.4,1028.6,15.8,147,2.0
2021-12-13,-0.6,0.3,-1.3,1024.2,17.0,212,5.1
2021-12-14,-1.5,-0.8,-2.6,1025.3,11.6,298,0.0
2021-12-15,-2.2,-0.8,-3.7,1019.6,19.4,228,1.2
2021-12-16,0.6,1.7,-1.3,1008.2,23.2,251,4.4
2021-12-17,-0.2,0.5,-0.9,1011.8,15.9,318,0.7
2021-12-18,-2.3,-1.0,-2.8,1014.1,17.3,270,2.6
2021-12-19,-1.9,-0.2,-5.7,988.4,21.6,311,4.3
2021-12-20,-11.2,-5.8,-17.6,1000.9,23.0,355,1.1
2021-12-21,-18.5,-17.2,-21.1,1011.8,16.1,334,0.9
2021-12-22,-19.0,-15.3,-21.2,1016.5,16.0,313,0.0
2021-12-23,-11.9,-10.2,-16.1,1013.2,22.6,256,0.0
2021-12-24,-8.6,-7.2,-9.6,999.0,28.8,207,1.9
2021-12-25,-10.9,-8.6,-14.7,990.9,24.6,237,2.9
2021-12-26,-9.6,-5.6,-14.4,996.5,25.6,254,3.4
2021-12-27,-10.6,-8.7,-13.6,1012.7,22.7,267,0.2
2021-12-28,-9.0,-6.0,-11.8,1022.9,12.5,232,0.0
2021-12-29,-8.2,-6.2,-10.6,1023.2,13.8,168,0.0
2021-12-30,-10.1,-8.6,-10.9,1017.9,13.2,179,0.0
2021-12-31,-5.3,-1.5,-8.2,1006.1,25.9,207,2.7
2022-01-01,-2.5,-0.9,-5.9,1002.7,19.9,309,1.7
2022-01-02,-9.0,-6.4,-12.2,1013.6,21.4,298,0.0
2022-01-03,-9.5,-7.9,-12.7,1001.9,15.5,124,0.8
2022-01-04,-7.3,-4.4,-8.6,1000.2,14.1,165,0.3
2022-01-05,-3.2,-2.0,-4.8,994.1,15.2,156,2.0
2022-01-06,-1.4,-0.2,-2.8,992.9,21.0,245,0.2
2022-01-07,-7.6,-3.0,-9.9,1001.8,30.6,272,0.7
2022-01-08,-7.8,-3.5,-11.1,1016.3,18.4,239,0.3
2022-01-09,-5.7,-4.2,-7.1,1014.6,18.0,189,0.2
2022-01-10,-6.4,-4.5,-8.1,1019.0,17.0,20,0.0
2022-01-11,-11.9,-7.8,-14.4,1032.2,18.5,13,0.0
2022-01-12,-18.2,-14.6,-22.0,1032.3,12.3,354,0.0
2022-01-13,-10.0,1.8,-21.9,1007.9,27.7,247,3.1
2022-01-14,0.1,2.3,-2.8,983.0,28.4,296,5.6
2022-01-15,-2.8,-1.9,-3.5,995.2,28.4,319,0.7
2022-01-16,-4.1,-2.3,-5.7,1006.9,24.1,273,0.0
2022-01-17,-2.2,-1.4,-3.0,986.1,25.7,231,7.5
2022-01-18,-7.5,-2.8,-10.9,1006.0,27.0,333,1.0
2022-01-19,-7.0,-2.3,-11.7,1013.0,21.4,242,0.4
2022-01-20,-2.0,-1.4,-3.0,998.1,23.8,202,1.6
2022-01-21,-4.0,-2.1,-6.7,994.8,18.8,165,1.0
2022-01-22,-6.8,-5.9,-7.8,1006.3,13.8,39,3.0
2022-01-23,-7.0,-6.1,-7.7,1026.7,12.3,14,0.2
2022-01-24,-9.0,-7.6,-9.8,1033.5,17.1,223,0.0
2022-01-25,-8.1,-4.1,-9.5,1019.5,19.2,230,2.7
2022-01-26,-6.0,-4.0,-8.1,1016.5,14.5,313,0.0
2022-01-27,-7.6,-5.8,-8.8,1010.1,18.6,193,0.6
2022-01-28,-3.8,-2.4,-5.6,999.4,19.5,167,3.1
2022-01-29,-4.0,-2.3,-5.7,1004.3,17.1,293,1.5
2022-01-30,-4.9,-3.6,-6.1,991.7,23.9,155,2.6
2022-01-31,-3.5,-2.2,-4.4,991.0,13.8,122,3.2
2022-02-01,-3.2,-2.3,-5.1,993.5,16.2,222,2.2
2022-02-02,-5.5,-4.1,-7.2,1001.6,14.1,221,0.3
2022-02-03,-5.8,-3.8,-8.4,1010.1,12.1,49,0.6
2022-02-04,-7.0,-5.9,-9.0,1015.7,13.0,354,0.7
2022-02-05,-8.1,-7.2,-9.2,1010.9,16.6,163,0.6
2022-02-06,-5.5,-2.2,-9.1,1001.0,15.0,182,2.5
2022-02-07,-1.0,-0.1,-3.3,996.7,19.6,165,1.4
2022-02-08,-0.4,0.3,-3.0,1001.4,18.2,227,1.9
2022-02-09,-2.3,-0.9,-3.5,1006.3,15.5,237,0.6
2022-02-10,-0.2,1.6,-2.3,1004.5,23.7,252,0.8
2022-02-11,-0.7,0.9,-1.5,1006.7,20.5,262,0.2
2022-02-12,-2.8,-1.4,-4.2,1014.8,24.0,271,0.0
2022-02-13,-0.9,0.0,-2.0,1018.1,26.0,252,0.1
2022-02-14,-1.8,0.7,-3.9,1013.5,22.0,234,0.0
2022-02-15,-1.2,2.6,-3.2,1015.6,19.5,228,0.0
2022-02-16,-1.8,0.3,-3.1,1012.1,20.9,203,0.0
2022-02-17,-0.3,1.5,-2.8,990.0,32.1,175,4.2
2022-02-18,0.4,1.9,-2.0,986.7,24.7,230,1.0
2022-02-19,0.0,1.8,-2.1,990.4,32.4,203,2.3
2022-02-20,-0.3,1.0,-1.5,994.8,27.9,258,2.6
2022-02-21,-0.1,1.6,-1.9,995.7,19.0,202,2.7
2022-02-22,1.1,2.6,0.1,991.0,25.4,224,5.3
2022-02-23,-1.0,0.2,-3.2,1005.2,17.8,280,0.9
2022-02-24,-2.3,0.9,-4.2,1019.9,18.8,225,0.0
2022-02-25,0.2,2.6,-2.6,1014.1,36.3,204,0.3
2022-02-26,0.2,2.2,-1.5,1019.0,20.1,269,0.1
2022-02-27,-3.3,-1.3,-5.0,1035.5,15.9,10,0.0
2022-02-28,-4.7,0.3,-8.6,1036.8,9.8,273,0.0
2022-03-01,-3.9,3.6,-9.1,1032.8,8.7,264,0.0
2022-03-02,-2.9,5.1,-8.0,1024.3,9.0,268,0.0
2022-03-03,-3.5,0.4,-6.8,1013.8,13.3,336,0.0
2022-03-04,-1.6,0.6,-3.7,1015.7,17.7,5,0.0
2022-03-05,-3.7,-1.8,-7.4,1020.4,18.3,4,0.1
2022-03-06,-5.5,-1.9,-9.9,1014.8,21.5,270,0.0
2022-03-07,-3.3,-0.6,-7.1,1010.8,19.6,320,1.8
2022-03-08,-9.5,-7.0,-13.1,1021.4,17.7,29,0.0
2022-03-09,-12.9,-7.3,-17.6,1030.0,12.6,39,0.0
2022-03-10,-11.5,-4.2,-18.4,1039.8,9.7,2,0.0
2022-03-11,-6.4,-0.5,-11.4,1032.6,14.1,283,0.0
2022-03-12,-2.1,-1.0,-3.5,1025.9,16.5,353,0.0
2022-03-13,-0.8,1.5,-4.2,1027.9,17.4,285,0.9
2022-03-14,0.8,5.9,-3.0,1027.6,15.2,331,0.0
2022-03-15,-4.1,1.0,-8.1,1035.1,9.0,114,0.0
2022-03-16,-6.2,0.6,-12.8,1038.2,11.5,113,0.0
2022-03-17,-5.5,0.6,-12.2,1044.1,9.2,103,0.0
2022-03-18,-3.3,4.9,-9.5,1044.8,10.4,295,0.0
2022-03-19,-0.7,6.9,-7.0,1044.2,10.7,321,0.0
2022-03-20,1.3,7.7,-2.7,1039.9,17.6,295,0.0
2022-03-21,3.8,12.2,-0.3,1036.5,16.2,312,0.0
2022-03-22,3.0,10.6,-0.3,1034.0,15.5,298,0.0
2022-03-23,1.7,9.7,-3.0,1026.6,11.4,264,0.0
2022-03-24,1.5,10.1,-5.8,1018.4,11.7,323,0.0
2022-03-25,2.1,5.6,-0.9,1017.3,17.8,252,1.0
2022-03-26,2.1,4.3,-1.4,996.4,31.2,274,3.5
2022-03-27,-5.0,-2.0,-7.8,1007.9,40.1,327,0.4
2022-03-28,-3.2,3.2,-8.9,1000.6,29.0,250,5.8
2022-03-29,-3.2,0.1,-7.8,996.7,25.2,306,1.0
2022-03-30,-7.0,-1.8,-11.1,1006.0,15.5,269,0.3
2022-03-31,-6.8,-0.1,-14.7,1011.2,9.0,94,0.0
2022-04-01,-3.3,2.0,-8.1,1014.1,16.6,59,0.0
2022-04-02,-2.2,2.4,-6.3,1007.0,22.2,45,0.0
2022-04-03,-2.5,2.4,-6.3,1001.4,20.2,352,0.0
2022-04-04,-1.9,3.7,-7.8,1003.8,18.3,242,0.4
2022-04-05,-0.1,3.0,-3.5,994.6,37.0,191,3.1
2022-04-06,-1.3,1.6,-4.6,996.4,27.1,244,3.0
2022-04-07,1.7,7.2,-4.2,998.6,22.8,191,5.0
2022-04-08,6.7,11.9,3.2,992.7,29.2,175,4.8
2022-04-09,4.2,8.1,0.6,998.4,20.6,198,7.0
2022-04-10,3.4,8.5,-1.7,1005.4,16.2,241,2.5
2022-04-11,1.4,5.7,-3.8,1013.0,9.2,271,0.8
2022-04-12,0.4,2.0,-2.0,1015.9,18.8,360,7.8
2022-04-13,3.4,8.0,0.2,1020.4,19.1,360,2.0
2022-04-14,2.7,10.1,-5.6,1021.4,13.0,349,0.0
2022-04-15,3.3,6.9,0.9,1015.6,12.4,359,5.0
2022-04-16,2.4,5.4,-1.2,1019.8,27.9,38,1.9
2022-04-17,1.3,6.2,-3.5,1025.8,23.4,41,0.0
2022-04-18,3.4,9.6,-2.7,1021.6,11.6,58,0.0
2022-04-19,5.7,12.4,-1.0,1020.0,18.6,64,0.0
2022-04-20,7.4,13.6,1.2,1019.6,24.4,61,0.0
2022-04-21,7.9,13.2,4.6,1019.9,31.4,84,0.2
2022-04-22,6.9,12.2,0.9,1021.4,10.6,139,0.0
2022-04-23,8.5,14.0,3.0,1015.4,9.5,178,0.0
2022-04-24,7.4,8.8,5.9,1010.9,18.7,108,8.9
2022-04-25,8.3,10.9,5.4,1006.6,25.1,201,2.0
2022-04-26,7.0,11.1,2.6,1007.3,15.6,274,0.6
2022-04-27,4.1,6.6,0.3,1016.1,17.1,333,1.1
2022-04-28,2.2,5.9,-1.5,1023.9,12.4,290,0.3
2022-04-29,2.3,6.8,-2.2,1023.1,23.8,253,2.6
2022-04-30,2.5,6.7,-2.2,1024.1,17.2,296,0.7
2022-05-01,4.7,9.9,-1.5,1021.8,14.4,259,0.0
2022-05-02,6.6,11.5,-0.4,1016.1,16.4,237,0.3
2022-05-03,7.5,12.4,4.0,1006.5,29.5,251,0.7
2022-05-04,2.9,5.1,-0.2,1014.1,21.7,313,0.8
2022-05-05,4.4,9.8,-2.8,1024.2,16.2,271,0.0
2022-05-06,8.8,15.9,1.9,1025.1,18.9,233,0.0
2022-05-07,11.9,17.4,6.7,1021.3,25.3,211,0.2
2022-05-08,9.9,13.7,5.6,1016.6,21.1,260,1.8
2022-05-09,6.0,10.1,1.4,1023.4,22.9,328,0.6
2022-05-10,6.8,12.2,0.4,1022.3,23.4,350,0.0
2022-05-11,11.1,18.0,3.2,1012.3,13.1,307,0.0
2022-05-12,13.2,18.1,8.4,1000.6,28.5,250,21.5
2022-05-13,10.0,13.8,6.3,1001.4,35.0,274,3.0
2022-05-14,10.2,13.6,6.5,1003.6,21.8,275,0.1
2022-05-15,9.3,13.1,5.4,1004.1,20.2,291,4.3
2022-05-16,8.2,11.2,4.9,1007.2,24.0,300,2.4
2022-05-17,7.8,9.6,6.1,1008.4,22.3,330,4.3
2022-05-18,7.9,11.4,3.5,1015.4,24.8,325,0.0
2022-05-19,9.4,13.7,5.9,1015.0,20.7,307,0.7
2022-05-20,7.1,11.6,2.0,1018.2,11.7,64,0.0
2022-05-21,9.0,14.4,2.8,1010.7,21.0,96,0.0
2022-05-22,6.8,11.1,2.5,1007.5,19.0,42,0.0
2022-05-23,7.6,13.9,0.6,1007.5,21.4,329,0.0
2022-05-24,7.9,11.9,5.2,1009.6,25.8,342,0.0
2022-05-25,6.6,9.4,1.9,1014.7,11.6,298,0.9
2022-05-26,10.7,18.9,3.8,1005.5,15.1,228,8.4
2022-05-27,9.9,13.2,7.3,998.3,21.4,263,6.7
2022-05-28,9.5,14.5,3.2,999.3,15.6,256,1.4
2022-05-29,9.7,12.9,5.8,1008.5,19.8,245,5.2
2022-05-30,13.1,18.8,6.0,1017.7,15.5,200,0.0
2022-05-31,13.9,16.0,11.2,1018.3,20.5,150,2.1
2022-06-01,15.5,21.4,8.0,1021.4,11.8,80,0.2
2022-06-02,17.7,22.6,13.8,1017.1,15.9,187,1.3
2022-06-03,13.6,16.4,10.5,1016.9,17.5,296,4.6
2022-06-04,14.0,18.5,8.8,1018.7,19.2,256,0.9
2022-06-05,13.7,17.0,10.1,1016.1,18.6,290,5.7
2022-06-06,14.6,18.5,9.1,1017.0,21.7,306,0.4
2022-06-07,14.5,20.8,6.8,1017.0,13.3,316,0.0
2022-06-08,16.5,22.9,8.6,1014.5,10.5,101,0.0
2022-06-09,18.7,24.6,13.4,1012.1,16.3,224,11.0
2022-06-10,19.3,23.5,14.2,1014.6,15.3,302,0.0
2022-06-11,18.7,22.9,13.9,1015.4,8.8,78,0.2
2022-06-12,18.6,22.4,13.2,1014.5,10.5,98,1.6
2022-06-13,18.0,21.5,14.3,1010.4,16.2,275,5.8
2022-06-14,16.2,23.6,9.9,1007.3,20.6,170,6.9
2022-06-15,12.7,15.1,10.2,1005.2,32.0,229,0.9
2022-06-16,15.3,18.9,11.3,1011.5,21.1,264,0.5
2022-06-17,15.2,19.1,10.5,1012.5,17.2,274,0.1
2022-06-18,15.2,19.8,10.1,1013.4,18.7,279,0.3
2022-06-19,16.9,21.2,13.9,1006.2,26.3,254,1.7
2022-06-20,15.4,19.8,11.5,1006.2,18.0,294,0.0
2022-06-21,15.0,19.0,10.8,1003.1,13.4,36,0.6
2022-06-22,15.6,20.4,10.2,1005.3,21.2,38,0.1
2022-06-23,18.0,23.6,10.7,1012.9,12.1,341,0.0
2022-06-24,20.6,27.0,12.9,1016.7,20.0,357,0.0
2022-06-25,22.2,28.0,14.8,1019.2,8.4,38,0.0
2022-06-26,25.0,31.0,16.0,1020.8,9.1,325,0.0
2022-06-27,25.7,30.3,19.5,1020.5,15.7,315,0.0
2022-06-28,22.6,26.8,18.0,1021.3,13.7,58,0.0
2022-06-29,18.4,23.1,12.1,1022.3,13.1,94,0.0
2022-06-30,19.6,25.1,11.1,1019.4,14.6,9,0.0
2022-07-01,20.1,24.5,14.6,1020.1,15.4,48,0.0
2022-07-02,19.4,26.0,9.7,1022.0,9.0,266,0.0
2022-07-03,23.5,29.1,16.0,1017.3,10.1,330,0.0
2022-07-04,22.7,29.1,16.5,1015.7,15.8,304,1.3
2022-07-05,21.1,26.4,15.2,1014.3,15.2,248,6.3
2022-07-06,21.4,25.8,16.4,1013.7,9.9,269,0.1
2022-07-07,19.2,23.3,14.9,1010.6,22.4,223,11.2
2022-07-08,17.4,21.4,12.0,1017.9,8.5,262,0.2
2022-07-09,18.8,23.5,12.8,1015.0,9.5,189,0.0
2022-07-10,17.7,21.1,13.7,1010.0,14.7,129,6.4
2022-07-11,20.1,26.5,15.5,1009.5,14.9,99,15.9
2022-07-12,19.6,22.0,15.5,1007.8,28.9,119,3.6
2022-07-13,17.5,21.5,12.4,1011.8,15.9,146,0.5
2022-07-14,15.1,18.8,10.7,1007.0,11.0,184,8.3
2022-07-15,15.1,18.1,12.1,1006.3,19.7,246,0.3
2022-07-16,14.6,17.9,10.9,1011.6,17.4,243,0.6
2022-07-17,15.3,18.9,10.6,1014.9,9.7,238,0.7
2022-07-18,14.3,17.2,11.1,1015.6,14.7,305,0.9
2022-07-19,14.7,18.8,10.1,1014.2,15.8,290,0.2
2022-07-20,14.6,18.8,12.1,1008.6,24.5,310,17.7
2022-07-21,17.3,20.1,14.9,1009.6,25.6,7,3.0
2022-07-22,18.9,24.3,12.9,1016.1,12.2,19,0.0
2022-07-23,20.6,26.8,12.6,1014.9,11.7,251,0.0
2022-07-24,19.7,25.7,16.1,1010.4,18.0,238,10.1
2022-07-25,17.9,20.1,16.2,1009.1,15.0,326,8.8
2022-07-26,20.4,24.5,15.7,1010.4,8.6,17,0.8
2022-07-27,21.0,26.4,15.9,1010.2,13.1,201,6.7
2022-07-28,17.6,20.3,13.8,1012.4,18.7,262,14.2
2022-07-29,15.5,19.5,12.1,1016.9,18.8,266,0.5
2022-07-30,15.2,19.8,10.6,1018.7,14.5,266,0.7
2022-07-31,15.9,20.5,9.0,1018.9,6.5,263,0.3
2022-08-01,17.0,21.5,12.1,1017.1,12.6,126,0.0
2022-08-02,19.5,24.6,14.9,1015.1,16.2,183,0.0
2022-08-03,19.3,24.0,14.3,1018.8,9.8,14,0.5
2022-08-04,21.0,26.5,14.9,1021.0,8.9,62,0.0
2022-08-05,22.1,27.5,15.2,1021.3,10.6,118,0.2
2022-08-06,22.7,28.0,16.0,1018.4,16.3,175,0.1
2022-08-07,16.4,21.6,11.6,1018.5,15.7,323,28.0
2022-08-08,15.6,20.4,8.9,1022.9,9.6,13,0.0
2022-08-09,16.4,21.0,11.3,1023.6,11.3,18,0.0
2022-08-10,16.3,20.8,11.4,1024.8,11.9,16,0.4
2022-08-11,17.2,23.0,9.6,1025.8,9.7,311,0.0
2022-08-12,18.2,24.1,10.9,1024.8,10.8,272,0.0
2022-08-13,19.4,24.8,12.9,1022.6,7.4,286,0.0
2022-08-14,21.1,26.5,15.6,1020.7,8.7,108,0.0
2022-08-15,20.3,26.0,13.1,1020.7,12.0,113,0.0
2022-08-16,21.1,27.4,15.5,1020.8,14.1,121,0.0
2022-08-17,21.4,27.4,15.4,1019.2,16.2,99,0.0
2022-08-18,21.0,27.0,14.6,1019.8,11.9,88,0.0
2022-08-19,19.9,25.5,14.9,1024.0,19.8,92,0.0
2022-08-20,17.5,23.0,14.1,1025.5,26.3,109,2.4
2022-08-21,18.0,22.5,14.4,1022.1,18.1,124,0.0
2022-08-22,19.8,25.3,15.8,1021.5,16.4,140,0.1
2022-08-23,21.9,29.3,15.7,1024.7,16.7,150,0.0
2022-08-24,22.8,29.0,18.2,1026.6,13.1,175,0.0
2022-08-25,21.6,28.9,14.8,1023.9,13.5,205,0.0
2022-08-26,21.0,27.5,14.0,1021.4,11.4,167,1.3
2022-08-27,21.8,28.5,15.0,1020.7,15.2,175,0.0
2022-08-28,20.9,26.4,14.6,1017.5,10.3,112,0.0
2022-08-29,20.9,26.5,16.5,1010.8,11.3,33,0.0
2022-08-30,18.8,24.8,15.3,1008.4,17.8,4,15.2
2022-08-31,13.5,15.9,9.1,1006.8,29.0,273,0.6
2022-09-01,8.3,10.2,6.4,1009.1,24.6,278,0.9
2022-09-02,7.8,10.6,5.8,1015.0,23.7,294,1.3
2022-09-03,8.6,12.9,4.8,1021.9,16.6,272,0.4
2022-09-04,7.9,12.4,3.8,1022.6,16.1,290,0.4
2022-09-05,7.1,9.1,4.4,1022.8,18.0,332,1.0
2022-09-06,7.9,10.1,5.4,1020.7,18.3,309,0.3
2022-09-07,7.3,9.4,5.6,1014.2,15.3,288,4.3
2022-09-08,6.9,9.9,5.0,1020.6,17.5,356,0.3
2022-09-09,7.3,11.9,2.6,1027.3,9.7,21,0.0
2022-09-10,8.1,14.4,1.5,1026.4,11.2,204,0.0
2022-09-11,8.6,14.1,2.1,1019.9,18.1,145,0.0
2022-09-12,8.9,11.6,6.6,1017.3,18.5,110,1.5
2022-09-13,10.6,15.4,5.8,1014.9,18.5,107,0.0
2022-09-14,9.7,10.9,8.4,1005.1,13.0,110,1.4
2022-09-15,10.7,14.6,7.7,1000.8,12.9,189,0.3
2022-09-16,11.4,14.1,8.5,996.4,14.8,198,6.3
2022-09-17,10.0,13.7,6.7,997.6,24.7,224,0.6
2022-09-18,11.0,15.2,7.3,1001.0,17.7,194,6.0
2022-09-19,10.0,12.2,8.9,986.3,29.4,127,15.7
2022-09-20,10.4,14.1,7.2,1005.4,30.2,251,2.2
2022-09-21,8.6,13.1,4.2,1016.6,13.5,44,0.9
2022-09-22,8.8,11.9,6.5,1017.4,17.3,43,3.8
2022-09-23,8.8,11.6,7.1,1015.5,12.9,41,0.9
2022-09-24,6.8,7.8,6.2,1006.0,22.8,351,15.6
2022-09-25,6.8,8.3,5.9,1003.1,21.3,352,7.2
2022-09-26,6.6,9.9,3.0,1009.0,7.6,305,0.3
2022-09-27,6.8,11.1,2.2,1011.9,14.4,95,0.4
2022-09-28,5.9,7.7,4.2,1006.0,16.7,27,0.2
2022-09-29,7.8,10.7,5.7,1006.2,18.1,174,1.4
2022-09-30,9.9,12.1,5.6,1012.4,18.8,214,6.1
2022-10-01,7.4,11.2,3.6,1013.9,18.0,45,8.5
2022-10-02,7.7,8.9,6.7,1005.4,19.1,10,5.9
2022-10-03,9.0,13.6,5.7,994.6,26.2,82,22.0
2022-10-04,5.4,6.6,4.6,1002.4,21.3,156,5.5
2022-10-05,6.0,8.0,4.3,1011.7,14.0,283,0.6
2022-10-06,9.7,12.4,5.8,1014.3,22.7,232,0.4
2022-10-07,10.2,12.6,8.0,1019.0,29.2,266,0.4
2022-10-08,10.2,14.6,6.5,1018.8,27.4,222,0.0
2022-10-09,9.3,10.9,6.0,1014.2,19.9,239,10.1
2022-10-10,6.2,11.2,2.7,1024.4,10.4,294,0.0
2022-10-11,4.2,11.8,-2.0,1022.1,12.7,211,0.0
2022-10-12,6.4,9.2,3.4,1019.0,16.3,281,1.3
2022-10-13,4.7,8.9,1.3,1023.8,16.0,295,0.4
2022-10-14,3.8,8.4,1.2,1024.0,10.8,234,0.0
2022-10-15,6.4,12.1,2.3,1023.2,15.9,207,1.3
2022-10-16,7.8,12.1,3.8,1025.0,24.0,202,0.0
2022-10-17,9.2,12.9,6.3,1020.6,33.2,242,1.2
2022-10-18,7.0,9.2,5.2,1014.3,21.6,261,4.7
2022-10-19,5.5,7.3,2.5,1008.4,13.8,33,2.8
2022-10-20,3.2,4.2,2.1,1017.6,15.4,324,0.0
2022-10-21,4.6,6.3,3.7,1020.1,12.3,272,0.6
2022-10-22,4.5,6.2,3.3,1019.7,11.2,209,0.2
2022-10-23,3.8,7.1,0.1,1011.8,14.8,217,0.0
2022-10-24,3.4,5.8,-1.1,1013.6,17.6,305,0.3
2022-10-25,-0.4,4.3,-5.9,1018.9,11.8,169,0.0
2022-10-26,3.7,7.0,1.5,1017.4,17.3,173,2.2
2022-10-27,6.2,7.8,4.4,1019.4,14.6,215,0.8
2022-10-28,8.1,9.6,7.2,1019.6,15.6,241,0.6
2022-10-29,9.3,10.8,8.1,1008.3,22.1,235,4.7
2022-10-30,4.6,10.4,0.2,1000.3,30.9,293,0.4
2022-10-31,1.2,3.8,-0.2,1009.4,29.7,321,0.4
2022-11-01,0.8,3.5,-1.6,1017.5,13.5,296,0.3
2022-11-02,3.5,5.1,1.0,1015.2,9.3,22,1.3
2022-11-03,-0.5,0.9,-2.5,1018.4,7.6,74,0.0
2022-11-04,-2.6,-1.4,-3.5,1020.1,9.2,41,0.0
2022-11-05,-1.8,1.5,-3.8,1025.9,10.1,161,0.0
2022-11-06,-0.3,1.6,-2.2,1024.8,19.8,192,2.7
2022-11-07,1.4,3.0,0.3,1019.7,14.7,216,0.0
2022-11-08,5.3,7.0,2.5,1011.9,19.2,222,1.2
2022-11-09,7.7,9.2,6.1,1013.6,18.5,234,0.3
2022-11-10,7.5,8.5,6.4,1015.2,19.6,229,3.4
2022-11-11,7.6,8.4,7.0,1017.7,24.9,243,5.4
2022-11-12,9.5,10.9,7.7,1010.2,33.9,268,2.4
2022-11-13,5.9,7.7,3.4,1017.1,29.0,312,0.0
2022-11-14,-0.5,3.2,-4.2,1027.5,17.7,337,0.2
2022-11-15,-2.1,-1.2,-3.2,1018.7,13.2,147,12.6
2022-11-16,-4.3,-1.8,-7.8,1016.9,13.2,36,0.5
2022-11-17,-3.9,-2.9,-5.9,1013.1,19.1,69,6.1
2022-11-18,-7.6,-6.3,-8.5,1014.3,17.7,44,3.3
2022-11-19,-5.9,-4.9,-6.8,1019.3,18.6,80,1.8
2022-11-20,-6.0,-3.7,-9.9,1020.7,18.4,124,2.6
2022-11-21,-7.4,-5.6,-12.0,1021.5,13.8,86,0.0
2022-11-22,-5.3,-3.0,-7.2,1011.9,20.7,64,6.8
2022-11-23,-3.1,-2.3,-4.4,1010.5,13.9,45,0.8
2022-11-24,-6.1,-4.5,-7.0,1019.8,12.4,69,0.1
2022-11-25,-7.9,-7.0,-9.0,1028.1,13.4,80,0.0
2022-11-26,-8.4,-7.6,-9.2,1033.2,15.9,79,0.0
2022-11-27,-6.7,-4.4,-8.6,1035.3,14.6,90,0.6
2022-11-28,-5.0,-4.2,-5.7,1037.3,14.4,113,0.8
2022-11-29,-5.8,-5.2,-8.5,1040.9,12.6,123,0.0
2022-11-30,-11.5,-9.2,-13.4,1042.0,12.0,137,0.0
2022-12-01,-12.2,-7.8,-13.6,1042.3,10.2,144,0.0
2022-12-02,-11.2,-7.2,-14.4,1042.3,13.6,120,0.0
2022-12-03,-9.1,-7.7,-10.4,1043.7,16.4,131,0.0
2022-12-04,-7.9,-7.1,-9.4,1044.3,17.7,164,0.0
2022-12-05,-9.8,-7.7,-11.4,1039.0,17.9,192,0.0
2022-12-06,-7.8,-6.2,-10.6,1026.9,22.3,199,0.0
2022-12-07,-8.1,-6.7,-9.1,1021.0,23.4,171,0.5
2022-12-08,-5.4,-1.9,-7.5,1014.6,22.1,171,2.1
2022-12-09,-3.4,-2.1,-4.3,1016.6,18.4,174,0.8
2022-12-10,-4.5,-3.5,-5.4,1014.0,13.9,92,4.3
2022-12-11,-5.7,-4.9,-6.2,1012.8,26.1,51,8.8
2022-12-12,0.5,3.9,-6.2,998.9,27.2,122,19.3
2022-12-13,-3.2,-0.9,-4.6,1005.3,17.9,195,0.0
2022-12-14,-5.5,-4.3,-6.9,1007.1,17.8,251,0.9
2022-12-15,-6.9,-5.2,-9.3,1015.3,20.4,184,1.9
2022-12-16,-6.7,-5.7,-8.6,1018.0,18.0,237,1.1
2022-12-17,-7.5,-6.3,-9.0,1023.7,16.7,68,2.5
2022-12-18,-8.8,-7.2,-11.2,1023.4,22.0,347,0.9
2022-12-19,-3.7,-0.9,-9.0,1026.6,23.0,263,0.7
2022-12-20,-9.7,-3.6,-13.6,1021.3,18.1,230,0.0
2022-12-21,-4.6,1.0,-12.0,1012.7,17.4,198,7.1
2022-12-22,0.5,1.2,-0.2,1005.9,17.8,241,0.8
2022-12-23,1.0,2.3,0.6,1002.6,21.0,209,4.0
2022-12-24,-0.6,1.1,-5.8,1006.2,19.2,252,1.7
2022-12-25,-5.1,-3.3,-6.3,1023.1,12.3,276,0.0
2022-12-26,-7.2,-6.4,-8.3,1029.6,16.4,165,0.0
2022-12-27,-5.5,-2.8,-7.8,1016.7,20.7,138,3.5
2022-12-28,-1.9,-0.9,-2.9,1011.5,15.5,265,3.0
2022-12-29,-3.2,-2.4,-4.5,1015.1,14.2,150,0.2
2022-12-30,-0.6,1.1,-2.9,1010.2,12.5,185,3.1
2022-12-31,0.6,1.1,-0.2,1012.9,19.4,229,0.7
2023-01-01,2.4,4.0,0.6,1003.7,18.8,236,6.3
2023-01-02,-2.9,0.9,-5.9,1014.1,23.5,282,0.7
2023-01-03,-1.6,3.7,-5.5,1005.8,23.1,227,9.4
2023-01-04,-4.3,-2.8,-5.6,1012.3,23.8,309,2.8
2023-01-05,-10.6,-5.2,-19.7,1009.9,16.3,24,0.0
2023-01-06,-23.0,-20.8,-25.0,1022.7,13.7,353,0.0
2023-01-07,-23.9,-21.2,-26.1,1031.6,10.0,316,0.0
2023-01-08,-23.5,-19.8,-27.4,1032.7,10.6,204,0.0
2023-01-09,-17.4,-15.1,-19.8,1031.8,22.7,134,0.0
2023-01-10,-9.5,-6.4,-15.1,1029.9,27.6,165,1.8
2023-01-11,-9.2,-7.9,-9.9,1029.5,24.6,189,1.6
2023-01-12,-7.9,-6.7,-10.0,1022.8,21.0,195,0.0
2023-01-13,-5.3,-2.5,-6.9,1018.3,24.3,199,0.0
2023-01-14,-3.3,-2.1,-4.4,1018.3,21.4,197,1.4
2023-01-15,-2.2,-1.6,-2.7,1016.6,26.7,185,0.0
2023-01-16,-2.8,-1.6,-3.7,1010.0,26.3,185,2.0
2023-01-17,-1.6,0.9,-3.7,1010.1,21.9,154,1.7
2023-01-18,1.1,2.5,-0.3,1008.8,26.9,152,2.0
2023-01-19,2.5,4.3,0.6,1008.9,28.0,176,6.2
2023-01-20,2.8,4.5,-0.3,1013.8,20.5,164,7.6
2023-01-21,-0.1,2.7,-4.8,1028.4,10.5,69,1.3
2023-01-22,-9.4,-6.3,-13.6,1035.5,9.2,118,0.0
2023-01-23,-3.3,-1.9,-6.6,1039.3,10.7,171,1.7
2023-01-24,-4.2,-2.3,-5.2,1036.2,15.8,249,0.3
2023-01-25,-3.7,-2.8,-4.6,1028.5,21.0,237,0.0
2023-01-26,-2.0,-1.3,-2.9,1019.3,20.9,238,1.4
2023-01-27,-2.0,-0.1,-6.1,1020.2,13.3,300,6.3
2023-01-28,-6.4,-5.2,-7.8,1024.6,12.5,255,0.0
2023-01-29,-4.7,-3.5,-5.9,1013.0,17.7,234,0.2
2023-01-30,-2.1,-0.5,-4.3,996.0,25.9,208,3.8
2023-01-31,-0.7,0.6,-1.4,993.9,25.2,221,1.0
2023-02-01,-1.8,-0.9,-3.0,1002.1,15.5,199,0.4
2023-02-02,-2.6,-1.6,-3.7,1003.8,16.5,143,3.1
2023-02-03,-1.8,-0.9,-4.2,1006.8,11.9,242,1.1
2023-02-04,-4.1,-2.5,-5.2,1017.0,9.7,313,0.1
2023-02-05,-3.7,-2.3,-6.3,1028.4,13.7,350,0.2
2023-02-06,-6.8,-5.8,-8.2,1030.9,10.9,215,0.8
2023-02-07,-6.7,-5.5,-7.8,1037.8,14.2,197,0.1
2023-02-08,-4.2,-2.3,-6.6,1039.6,19.6,254,0.2
2023-02-09,-2.3,-0.9,-5.7,1032.9,18.9,233,0.1
2023-02-10,-4.6,-2.3,-7.4,1016.3,29.6,231,0.2
2023-02-11,-3.1,-0.8,-6.1,1007.8,29.7,242,6.7
2023-02-12,-5.9,-3.7,-7.9,1018.7,30.4,321,0.0
2023-02-13,-1.2,1.1,-7.3,1012.5,21.1,272,2.8
2023-02-14,-0.6,1.0,-4.1,1014.9,29.8,339,0.9
2023-02-15,-6.5,-4.4,-10.6,1027.2,15.4,353,0.0
2023-02-16,-10.3,-5.9,-15.8,1026.9,11.9,141,0.0
2023-02-17,-8.2,-4.8,-11.4,1021.8,20.1,162,0.0
2023-02-18,-7.9,-5.8,-10.3,1005.3,27.3,145,1.5
2023-02-19,-7.3,-6.3,-8.4,994.9,22.0,130,4.9
2023-02-20,-7.7,-6.4,-10.4,997.8,13.0,82,0.9
2023-02-21,-12.9,-11.0,-14.6,998.7,14.3,47,0.0
2023-02-22,-14.3,-11.1,-16.6,1014.3,16.9,339,0.0
2023-02-23,-12.2,-8.8,-15.2,1020.3,17.0,285,0.0
2023-02-24,-6.1,-3.5,-9.8,1004.1,18.6,217,2.9
2023-02-25,-1.6,0.4,-4.0,994.0,16.2,143,9.2
2023-02-26,-0.8,0.8,-4.4,991.7,21.8,213,8.6
2023-02-27,-6.2,-4.3,-8.9,1017.2,18.4,300,0.1
2023-02-28,-4.3,0.3,-9.1,1014.3,32.4,277,1.6
2023-03-01,-5.2,-2.8,-7.4,1011.9,24.7,299,1.0
2023-03-02,-3.3,-0.7,-5.7,1009.4,23.0,282,0.8
2023-03-03,-1.3,1.4,-3.3,1000.9,22.1,276,1.1
2023-03-04,-3.2,-0.8,-5.6,991.6,14.8,203,4.4
2023-03-05,-3.1,-1.4,-5.6,992.0,12.5,317,2.2
2023-03-06,-5.1,-2.6,-8.2,997.8,16.3,239,0.9
2023-03-07,-5.5,-2.2,-8.7,1001.3,17.4,235,0.2
2023-03-08,-6.1,-1.6,-10.8,997.0,25.8,178,6.5
2023-03-09,-4.0,-2.0,-7.8,994.7,29.0,243,0.8
2023-03-10,-8.2,-4.0,-10.8,1006.9,11.3,325,0.0
2023-03-11,-7.6,-1.9,-12.9,1004.4,26.7,131,2.2
2023-03-12,-2.5,0.3,-6.1,989.9,23.7,262,5.5
2023-03-13,-5.3,-2.1,-8.3,1006.9,24.9,249,0.5
2023-03-14,1.7,5.8,-5.4,1002.4,32.0,200,4.2
2023-03-15,4.2,6.8,0.8,1005.1,24.0,198,1.1
2023-03-16,1.0,3.6,-0.6,1014.8,13.9,344,1.2
2023-03-17,-1.5,3.8,-5.5,1027.4,11.4,24,0.0
2023-03-18,-2.4,4.9,-7.2,1033.7,14.5,163,0.0
2023-03-19,-1.5,4.7,-5.9,1025.5,14.0,187,0.0
2023-03-20,2.0,8.4,-2.2,1016.8,14.9,215,0.0
2023-03-21,3.0,5.9,0.7,1008.6,18.5,239,0.4
2023-03-22,1.2,4.8,-1.9,1013.2,17.6,242,0.0
2023-03-23,4.7,10.6,0.3,1006.7,23.0,214,2.6
2023-03-24,4.6,6.8,1.6,1001.3,21.0,243,3.7
2023-03-25,5.6,11.4,0.7,998.4,24.1,229,3.5
2023-03-26,2.6,7.8,-2.7,999.6,10.6,180,0.0
2023-03-27,3.3,6.0,1.5,998.5,14.0,234,1.5
2023-03-28,3.8,9.4,-1.0,1007.1,20.2,122,0.0
2023-03-29,3.4,5.1,0.1,1004.8,18.2,117,10.2
2023-03-30,-1.3,1.9,-4.2,1012.3,17.4,316,2.4
2023-03-31,0.2,6.8,-5.3,1008.2,8.7,130,0.0
2023-04-01,1.5,6.9,-3.8,1004.2,12.0,124,0.6
2023-04-02,1.6,2.6,0.0,1010.2,19.1,20,19.9
2023-04-03,0.4,2.8,-0.9,1017.8,15.2,10,2.1
2023-04-04,3.0,7.3,-0.3,1018.0,12.2,13,1.7
2023-04-05,4.6,10.6,-0.8,1022.4,15.9,60,0.0
2023-04-06,4.5,10.8,-0.5,1026.7,17.1,62,0.0
2023-04-07,3.5,9.6,-1.9,1027.8,15.5,77,0.0
2023-04-08,4.9,11.7,-1.6,1027.4,12.6,119,0.0
2023-04-09,7.9,14.3,2.9,1025.4,10.8,201,0.5
2023-04-10,7.2,13.1,0.9,1025.4,10.5,101,0.0
2023-04-11,7.3,13.2,-0.1,1020.6,9.7,130,0.0
2023-04-12,8.9,16.6,0.6,1016.5,11.3,95,0.0
2023-04-13,8.5,15.2,3.9,1017.0,23.9,69,0.0
2023-04-14,3.3,7.1,0.2,1024.5,22.6,74,0.0
2023-04-15,2.7,6.2,-0.6,1030.5,18.8,101,0.0
2023-04-16,5.2,10.0,0.0,1029.5,15.5,138,0.0
2023-04-17,8.1,12.2,4.7,1027.4,8.0,277,0.0
2023-04-18,8.4,12.6,4.9,1026.8,10.7,40,0.2
2023-04-19,8.2,14.4,2.6,1027.5,15.1,58,0.0
2023-04-20,8.5,15.4,1.7,1024.1,16.0,17,0.0
2023-04-21,8.8,13.6,2.9,1017.8,11.5,6,0.1
2023-04-22,10.5,15.2,5.1,1012.7,14.3,301,0.0
2023-04-23,11.2,17.5,4.0,1014.2,16.1,250,0.0
2023-04-24,13.8,19.0,9.5,1013.6,21.0,213,0.0
2023-04-25,13.0,18.1,6.7,1010.9,10.9,170,0.0
2023-04-26,12.3,17.9,7.3,1004.6,11.8,18,0.2
2023-04-27,12.0,18.4,6.6,1008.4,23.7,188,4.2
2023-04-28,6.5,9.6,4.1,1013.6,19.3,305,9.8
2023-04-29,5.8,10.1,0.4,1017.5,15.7,281,0.0
2023-04-30,7.9,13.8,1.6,1016.5,14.3,155,0.0
2023-05-01,5.8,8.0,3.0,1013.1,23.6,304,1.0
2023-05-02,8.7,15.7,0.4,1019.6,23.1,203,0.0
2023-05-03,7.8,10.0,3.7,1018.5,22.7,264,2.3
2023-05-04,5.8,10.9,0.1,1023.1,17.9,254,1.3
2023-05-05,3.1,6.4,-0.2,1024.0,17.6,320,0.1
2023-05-06,1.3,5.2,-3.2,1027.0,19.5,325,0.6
2023-05-07,3.2,7.8,-3.4,1030.1,16.1,319,0.2
2023-05-08,5.7,10.1,-0.9,1032.7,10.4,312,0.0
2023-05-09,8.2,13.6,1.5,1030.3,10.8,249,0.0
2023-05-10,11.1,16.2,5.1,1025.0,12.2,289,0.1
2023-05-11,13.1,18.6,5.9,1023.6,8.9,335,0.0
2023-05-12,14.8,21.0,7.2,1023.1,14.7,322,0.0
2023-05-13,15.0,20.8,7.8,1023.4,18.3,333,0.1
2023-05-14,13.2,19.2,6.9,1024.6,17.2,50,0.0
2023-05-15,13.3,18.9,6.0,1023.6,11.7,134,0.0
2023-05-16,15.6,21.5,7.9,1020.0,20.6,160,0.0
2023-05-17,17.5,22.6,12.8,1019.2,25.1,180,0.0
2023-05-18,14.4,20.0,9.9,1020.9,19.9,238,4.5
2023-05-19,10.9,15.4,5.4,1027.3,17.4,345,0.0
2023-05-20,10.8,16.9,5.9,1029.5,23.5,12,0.0
2023-05-21,10.3,13.4,7.0,1025.4,16.6,9,3.8
2023-05-22,12.7,18.0,7.1,1022.5,17.2,143,0.5
2023-05-23,15.7,21.8,10.4,1018.9,13.8,77,0.0
2023-05-24,14.9,17.8,12.9,1016.5,12.8,54,7.9
2023-05-25,16.0,21.0,10.2,1015.9,8.9,304,0.6
2023-05-26,16.9,22.1,11.9,1013.9,17.7,279,0.0
2023-05-27,11.9,15.5,8.5,1018.0,20.7,315,0.0
2023-05-28,11.5,16.6,5.6,1019.7,18.3,333,0.1
2023-05-29,13.9,20.4,5.1,1018.3,17.1,249,0.0
2023-05-30,14.0,19.8,8.9,1016.4,18.3,302,6.0
2023-05-31,11.9,15.6,7.0,1014.5,21.4,313,0.1
2023-06-01,13.8,18.5,8.8,1008.9,22.7,249,0.1
2023-06-02,10.1,14.6,6.1,1010.7,18.3,345,0.4
2023-06-03,8.5,11.7,5.5,1014.2,18.7,317,0.3
2023-06-04,9.2,13.2,4.1,1018.8,24.4,251,0.5
2023-06-05,11.5,15.4,7.9,1018.9,17.5,267,0.5
2023-06-06,13.8,18.4,7.8,1019.7,23.0,285,0.3
2023-06-07,15.4,20.9,9.4,1018.0,27.1,277,0.1
2023-06-08,15.2,21.9,7.1,1018.3,11.7,322,0.0
2023-06-09,14.7,18.1,10.6,1017.1,21.6,323,0.5
2023-06-10,10.7,14.1,5.8,1025.8,16.1,29,0.1
2023-06-11,11.2,16.6,3.7,1030.1,15.6,52,0.0
2023-06-12,13.7,19.5,5.3,1028.4,16.9,69,0.0
2023-06-13,15.1,20.5,6.8,1024.2,14.5,100,0.0
2023-06-14,17.5,23.2,8.6,1020.4,9.2,43,0.0
2023-06-15,19.6,25.5,10.9,1018.3,10.2,359,0.0
2023-06-16,21.1,26.5,13.1,1014.7,10.7,15,0.0
2023-06-17,21.0,26.0,13.9,1014.2,15.8,78,0.0
2023-06-18,19.1,23.5,13.9,1017.5,13.8,70,0.0
2023-06-19,16.8,22.0,9.8,1018.1,13.1,62,0.0
2023-06-20,18.3,23.8,10.6,1014.9,19.7,337,0.1
2023-06-21,16.9,22.4,9.3,1017.8,11.2,52,0.0
2023-06-22,19.6,26.9,9.1,1014.7,14.5,243,0.3
2023-06-23,19.4,23.2,15.9,1009.1,21.4,289,4.6
2023-06-24,17.6,22.6,12.8,1012.6,12.2,22,0.0
2023-06-25,16.9,21.0,14.1,1014.4,12.0,174,6.5
2023-06-26,17.9,23.0,13.4,1014.3,14.5,100,0.3
2023-06-27,18.6,23.4,12.5,1010.7,15.1,86,0.0
2023-06-28,16.2,18.5,12.6,1008.3,12.3,105,1.5
2023-06-29,15.1,18.3,13.0,1002.5,13.0,58,11.6
2023-06-30,15.5,19.0,11.9,1000.5,15.3,355,1.1
2023-07-01,18.7,23.8,13.9,997.9,17.8,291,0.5
2023-07-02,17.8,21.2,14.1,999.4,20.9,255,0.0
2023-07-03,17.6,20.3,15.1,1003.0,25.6,238,3.4
2023-07-04,18.1,22.5,12.7,1012.2,23.1,219,0.0
2023-07-05,19.0,23.1,14.2,1015.5,18.6,240,0.0
2023-07-06,20.5,26.8,11.3,1018.3,10.2,168,0.0
2023-07-07,19.6,24.0,17.1,1014.8,15.2,260,5.2
2023-07-08,18.4,21.7,15.8,1015.5,14.4,291,0.0
2023-07-09,17.0,21.0,12.7,1013.4,13.8,330,0.6
2023-07-10,13.6,15.4,11.5,1014.1,23.0,9,1.0
2023-07-11,12.3,14.1,10.1,1013.8,18.2,357,0.4
2023-07-12,13.2,16.0,10.3,1009.8,17.6,317,0.4
2023-07-13,16.3,20.7,11.9,1005.8,27.2,291,0.0
2023-07-14,17.7,23.1,11.3,1008.5,13.8,315,0.0
2023-07-15,16.8,20.6,13.8,1011.9,14.8,304,3.1
2023-07-16,19.0,23.0,13.6,1015.8,13.8,334,1.1
2023-07-17,20.8,26.8,14.2,1013.9,14.1,230,0.0
2023-07-18,18.4,22.5,15.0,1005.5,25.6,334,19.2
2023-07-19,15.9,19.2,13.6,1000.3,30.0,292,16.3
2023-07-20,15.6,18.5,12.9,1002.7,22.3,271,0.2
2023-07-21,15.5,19.2,10.9,1005.3,21.2,265,0.3
2023-07-22,16.1,20.3,11.6,1008.8,20.3,258,0.1
2023-07-23,14.4,17.2,11.7,1008.2,17.3,251,12.1
2023-07-24,14.7,18.4,11.8,1005.9,15.3,237,2.5
2023-07-25,16.8,21.8,10.6,1002.9,12.9,187,7.7
2023-07-26,17.7,20.8,14.8,999.5,13.1,237,7.5
2023-07-27,17.5,22.6,13.1,1004.2,16.3,355,9.1
2023-07-28,16.9,19.0,13.9,1001.2,20.5,247,5.6
2023-07-29,16.5,21.0,10.8,1006.2,10.9,254,0.1
2023-07-30,17.2,22.6,11.9,1008.1,12.2,296,0.0
2023-07-31,18.1,23.2,11.2,1008.1,9.2,240,0.6
2023-08-01,19.8,25.3,13.6,1009.2,9.8,196,0.0
2023-08-02,20.9,25.5,15.9,1008.6,14.8,149,0.1
2023-08-03,21.7,26.6,16.5,1007.2,14.1,168,0.2
2023-08-04,20.3,24.1,17.3,1009.3,18.1,224,6.4
2023-08-05,21.4,26.4,15.4,1016.4,15.2,226,0.0
2023-08-06,24.4,30.0,18.6,1016.0,15.1,144,0.0
2023-08-07,24.3,28.9,19.6,1010.8,26.9,116,0.0
2023-08-08,21.1,23.4,16.6,1008.2,23.8,172,1.5
2023-08-09,18.0,20.9,15.2,1014.3,13.6,304,0.3
2023-08-10,17.9,23.0,11.8,1022.2,10.1,234,0.0
2023-08-11,17.2,20.5,11.9,1022.2,13.6,54,14.6
2023-08-12,18.7,22.0,17.0,1017.0,15.8,85,8.5
2023-08-13,17.7,19.5,16.1,1012.6,12.0,129,17.0
2023-08-14,19.0,23.1,16.2,1015.6,21.1,280,32.9
2023-08-15,19.3,24.1,15.2,1021.7,13.8,314,0.0
2023-08-16,20.1,25.6,13.5,1024.1,9.7,255,0.0
2023-08-17,22.7,28.1,17.1,1022.6,9.7,236,0.5
2023-08-18,21.1,23.6,18.9,1024.5,13.1,14,9.5
2023-08-19,19.6,24.4,15.2,1024.8,14.9,90,6.8
2023-08-20,18.4,21.8,16.5,1019.2,12.7,4,1.3
2023-08-21,16.4,19.5,13.1,1017.6,7.6,61,0.0
2023-08-22,15.2,19.8,11.2,1011.4,10.6,255,2.9
2023-08-23,14.9,17.5,12.6,1009.9,16.0,287,1.6
2023-08-24,13.6,15.7,11.9,1013.1,12.1,53,2.4
2023-08-25,13.6,19.0,6.8,1015.3,9.4,178,0.0
2023-08-26,14.7,18.8,11.6,1013.9,11.0,222,10.8
2023-08-27,15.9,21.3,10.4,1011.1,9.2,359,0.0
2023-08-28,16.3,20.4,11.9,1011.0,14.9,112,0.2
2023-08-29,16.6,20.2,13.6,1012.1,12.9,321,4.0
2023-08-30,16.3,21.0,10.9,1013.7,15.5,149,0.0
2023-08-31,19.2,25.7,13.1,1012.3,18.7,150,0.0
2023-09-01,19.5,24.8,15.8,1013.0,14.9,181,1.6
2023-09-02,16.5,19.0,13.1,1016.3,10.3,277,12.8
2023-09-03,15.2,20.4,10.4,1019.6,13.9,253,0.1
2023-09-04,14.7,19.5,10.2,1022.9,12.6,298,0.0
2023-09-05,15.0,19.9,9.3,1022.2,16.2,244,0.0
2023-09-06,14.6,16.6,10.9,1016.9,27.1,291,0.5
2023-09-07,11.6,15.1,7.3,1024.8,20.1,315,0.0
2023-09-08,12.0,15.6,9.1,1020.3,21.0,332,1.3
2023-09-09,10.6,16.2,5.3,1024.3,8.2,35,0.0
2023-09-10,12.5,19.2,5.4,1022.7,10.0,273,0.0
2023-09-11,14.6,20.8,8.2,1018.3,9.9,209,0.0
2023-09-12,14.9,21.0,9.2,1019.1,9.8,166,0.5
2023-09-13,15.0,20.4,9.9,1019.8,15.9,179,0.0
2023-09-14,14.7,19.2,10.6,1017.6,20.9,180,0.0
2023-09-15,12.1,13.6,8.9,1020.2,13.4,254,5.1
2023-09-16,10.0,14.8,5.3,1028.5,9.7,338,0.0
2023-09-17,11.1,16.7,5.6,1025.3,19.1,207,0.0
2023-09-18,12.6,15.7,8.4,1021.0,16.2,317,0.0
2023-09-19,14.4,21.1,8.1,1016.2,18.0,167,0.1
2023-09-20,16.0,20.5,13.8,1012.0,21.8,211,1.0
2023-09-21,16.2,19.8,13.2,1017.2,15.1,229,0.0
2023-09-22,16.3,22.8,11.6,1021.5,15.2,177,0.2
2023-09-23,17.0,22.6,12.2,1020.4,23.9,175,0.0
2023-09-24,17.1,20.5,13.8,1019.5,19.8,210,4.0
2023-09-25,12.2,15.6,8.6,1029.3,13.4,301,0.0
2023-09-26,10.4,16.1,4.7,1032.4,10.2,237,0.0
2023-09-27,11.9,18.0,5.2,1029.9,10.5,232,0.0
2023-09-28,14.9,21.1,10.3,1025.1,15.8,237,0.0
2023-09-29,15.1,20.8,10.1,1021.9,13.8,235,0.0
2023-09-30,15.9,21.1,11.7,1014.6,17.8,220,1.8
2023-10-01,12.7,15.2,9.8,1010.8,22.8,259,1.3
2023-10-02,10.3,12.9,7.7,1015.1,17.7,281,0.4
2023-10-03,11.0,14.9,5.8,1014.5,23.6,219,4.4
2023-10-04,13.1,15.4,9.9,1003.4,30.2,232,0.9
2023-10-05,10.5,13.1,8.8,1008.7,22.6,238,1.9
2023-10-06,7.0,9.6,2.3,1004.8,31.5,289,9.6
2023-10-07,5.0,10.7,0.2,991.1,30.6,221,15.1
2023-10-08,2.2,4.2,1.2,984.4,33.3,293,10.5
2023-10-09,2.2,4.2,-0.2,1002.3,27.0,313,4.0
2023-10-10,0.8,3.9,-1.5,1013.6,20.4,312,0.0
2023-10-11,3.2,7.6,-1.8,1014.4,33.7,215,0.6
2023-10-12,9.6,11.9,7.6,996.8,30.0,238,8.2
2023-10-13,7.8,10.7,5.3,1006.6,28.8,261,0.6
2023-10-14,10.9,16.3,5.8,1002.4,29.2,211,5.9
2023-10-15,9.7,13.9,7.2,999.4,26.5,239,2.5
2023-10-16,5.9,7.7,2.2,1002.2,17.9,268,0.0
2023-10-17,2.5,4.2,0.6,1004.5,26.1,283,1.7
2023-10-18,2.6,4.7,0.2,1006.2,17.0,268,4.3
2023-10-19,1.3,2.3,0.7,1008.4,18.5,55,7.6
2023-10-20,1.0,2.0,0.2,1013.8,19.2,59,1.3
2023-10-21,-0.4,3.2,-3.0,1021.2,17.0,65,0.0
2023-10-22,1.3,3.2,-1.3,1018.2,13.2,148,0.0
2023-10-23,2.0,2.5,1.0,1005.9,13.8,33,15.6
2023-10-24,0.3,1.5,-1.1,1013.3,13.5,11,1.8
2023-10-25,-2.2,0.3,-4.3,1019.4,13.1,80,0.1
2023-10-26,-3.0,-0.6,-5.1,1015.9,21.0,107,0.3
2023-10-27,-2.7,-2.1,-3.5,1005.0,19.1,105,3.7
2023-10-28,-1.4,-0.1,-2.5,998.5,13.7,77,0.0
2023-10-29,-1.3,-0.1,-4.2,1007.4,17.1,302,0.3
2023-10-30,0.4,6.7,-4.4,1007.9,24.5,191,11.2
2023-10-31,4.5,7.3,2.0,1010.1,20.2,186,0.1
2023-11-01,10.0,12.4,7.9,1001.8,21.6,203,3.3
2023-11-02,4.1,8.6,-0.2,1006.3,17.6,288,0.0
2023-11-03,1.3,5.2,-2.4,1014.2,15.6,177,0.0
2023-11-04,2.3,5.7,-1.9,1010.4,22.5,148,2.4
2023-11-05,8.5,12.2,5.3,996.7,30.6,161,19.5
2023-11-06,5.3,7.9,3.5,994.3,18.7,161,3.3
2023-11-07,6.7,7.6,6.2,1000.8,20.1,251,4.1
2023-11-08,5.5,6.8,3.2,1008.4,18.3,244,0.5
2023-11-09,3.9,6.3,1.8,1009.9,8.4,268,0.7
2023-11-10,4.8,6.1,3.5,1014.2,19.4,204,0.0
2023-11-11,5.2,6.4,2.7,1012.3,18.9,184,0.1
2023-11-12,1.4,2.8,0.6,1001.5,24.0,83,11.8
2023-11-13,2.1,3.8,0.4,991.8,20.7,251,11.6
2023-11-14,0.7,1.7,-0.4,998.7,17.1,253,2.6
2023-11-15,-0.7,0.6,-2.8,1003.8,7.3,355,0.1
2023-11-16,-2.1,-0.8,-3.8,1012.0,12.1,359,0.4
2023-11-17,-5.8,-3.8,-7.6,1022.5,10.5,30,0.0
2023-11-18,-7.6,-5.4,-9.8,1027.1,10.5,249,0.0
2023-11-19,-5.1,-3.9,-6.1,1022.6,10.9,208,1.2
2023-11-20,-6.8,-5.5,-7.7,1018.6,7.6,149,0.0
2023-11-21,-8.4,-6.4,-9.9,1017.6,16.3,6,1.1
2023-11-22,-7.4,-6.2,-9.2,1020.7,17.0,339,0.2
2023-11-23,-8.3,-7.0,-9.5,1000.2,26.1,197,2.3
2023-11-24,-7.6,-6.8,-8.7,978.1,14.0,85,1.5
2023-11-25,-8.1,-7.2,-8.8,993.1,10.5,90,0.0
2023-11-26,-6.1,-4.6,-8.1,1003.5,12.5,103,0.0
2023-11-27,-5.6,0.3,-8.6,991.9,29.3,34,14.0
2023-11-28,-4.6,-0.4,-8.1,995.4,18.7,157,2.2
2023-11-29,-7.4,-3.8,-9.4,1010.6,23.4,119,1.4
2023-11-30,-3.8,-1.2,-6.9,1001.1,24.9,110,6.3
2023-12-01,-6.3,-4.9,-10.0,1003.7,18.2,196,1.1
2023-12-02,-7.2,-5.3,-10.9,1007.2,8.9,211,1.0
2023-12-03,-7.5,-5.7,-11.5,1010.6,12.8,45,4.2
2023-12-04,-8.2,-7.4,-11.0,1012.7,16.6,288,0.2
2023-12-05,-10.7,-8.8,-13.8,1021.3,7.7,271,0.5
2023-12-06,-15.6,-12.6,-20.5,1031.0,10.4,162,0.0
2023-12-07,-13.8,-12.2,-14.8,1038.3,13.6,96,0.0
2023-12-08,-14.1,-12.8,-15.8,1037.9,17.2,111,0.0
2023-12-09,-14.1,-13.1,-14.7,1032.7,15.8,110,2.4
2023-12-10,-12.9,-10.9,-14.4,1027.0,14.8,123,0.9
2023-12-11,-8.4,-6.7,-10.6,1020.6,19.1,141,2.2
2023-12-12,-5.3,-3.7,-6.7,1014.1,17.7,147,2.6
2023-12-13,-6.8,-4.1,-8.8,1015.8,18.7,149,1.1
2023-12-14,-8.7,-7.0,-10.5,1019.2,15.3,137,2.5
2023-12-15,-10.4,-9.6,-10.8,1014.3,14.8,345,8.1
2023-12-16,-5.5,-3.7,-9.4,1020.2,18.8,278,0.2
2023-12-17,-1.0,3.0,-4.8,1008.7,26.5,254,3.6
2023-12-18,-0.3,1.8,-3.3,1008.6,19.8,267,0.2
2023-12-19,2.2,4.1,1.0,1001.4,30.6,244,4.2
2023-12-20,-0.3,1.5,-3.4,996.9,24.6,248,0.0
2023-12-21,-1.1,0.4,-3.2,992.7,16.8,207,1.6
2023-12-22,-0.7,0.3,-2.2,985.1,23.8,156,3.9
2023-12-23,-1.0,0.1,-3.0,981.9,16.5,149,2.6
2023-12-24,-3.0,-2.0,-5.0,986.5,16.1,260,1.3
2023-12-25,-3.6,-2.0,-5.1,988.5,17.7,182,2.1
2023-12-26,-2.9,-0.6,-4.5,989.2,22.7,263,1.0
2023-12-27,-4.1,-2.0,-7.5,999.2,13.0,272,0.6
2023-12-28,-4.7,-3.2,-6.3,1011.5,15.1,271,0.0
2023-12-29,-1.6,1.8,-6.7,1001.6,15.0,215,3.3
2023-12-30,1.1,1.9,0.5,997.5,16.2,242,2.6
2023-12-31,-6.4,0.6,-13.8,1002.7,21.8,313,2.5
2024-01-01,-15.4,-14.1,-17.8,1017.5,18.3,341,0.0
2024-01-02,-23.2,-19.0,-25.5,1020.5,15.0,48,0.0
2024-01-03,-27.3,-25.5,-29.6,1018.9,11.5,57,0.0
2024-01-04,-27.8,-25.2,-31.0,1014.3,12.6,66,0.0
2024-01-05,-25.5,-20.5,-29.3,1013.8,12.7,93,0.6
2024-01-06,-20.3,-18.0,-26.0,1014.7,10.9,61,3.8
2024-01-07,-25.3,-19.8,-29.0,1028.4,9.3,351,0.0
2024-01-08,-17.2,-9.5,-22.8,1028.2,21.1,284,0.7
2024-01-09,-5.8,-0.3,-8.7,1017.7,25.7,284,4.7
2024-01-10,-5.1,1.0,-9.9,1013.4,25.7,304,4.3
2024-01-11,-5.6,0.1,-13.5,1000.2,28.9,324,3.9
2024-01-12,-14.2,-12.3,-15.9,1012.3,22.5,325,0.0
2024-01-13,-21.4,-16.8,-25.1,1016.5,16.7,259,0.0
2024-01-14,-15.9,-11.3,-20.9,1002.6,20.7,190,0.4
2024-01-15,-4.6,-1.2,-10.7,988.9,18.8,179,1.6
2024-01-16,-3.1,-1.9,-5.4,986.8,18.4,192,2.2
2024-01-17,-12.3,-5.1,-15.2,1003.9,21.1,279,2.1
2024-01-18,-12.0,-7.8,-16.6,1004.6,32.3,169,3.1
2024-01-19,-7.7,-6.5,-8.9,1000.1,18.7,238,0.0
2024-01-20,-7.4,-4.8,-16.2,1014.0,17.3,279,0.1
2024-01-21,-13.9,-10.5,-19.8,1028.8,15.0,271,0.0
2024-01-22,-8.2,-5.2,-10.2,1025.6,33.2,211,0.4
2024-01-23,-2.9,-1.1,-5.0,1012.8,32.7,211,2.6
2024-01-24,-0.1,1.1,-1.0,1007.4,22.8,211,1.1
2024-01-25,-0.9,0.0,-2.2,999.4,19.7,150,4.3
2024-01-26,-2.5,-1.7,-3.1,1011.5,11.1,31,0.6
2024-01-27,-4.6,-3.4,-6.2,1020.4,8.9,47,0.0
2024-01-28,-5.8,-3.3,-7.3,1030.8,11.3,250,0.0
2024-01-29,-1.8,0.2,-4.2,1031.2,25.3,241,0.0
2024-01-30,-0.9,0.4,-4.5,1028.7,23.3,270,0.4
2024-01-31,-3.1,0.2,-6.9,1022.0,14.2,221,0.1
2024-02-01,-0.1,0.9,-1.8,1004.6,22.7,242,0.5
2024-02-02,-3.0,-0.9,-6.3,998.9,29.9,279,0.5
2024-02-03,-5.0,-0.6,-10.5,994.7,19.9,222,1.2
2024-02-04,-0.8,0.8,-4.0,985.0,24.3,280,5.3
2024-02-05,-5.3,-3.3,-8.2,985.9,14.8,273,0.1
2024-02-06,-5.3,-4.1,-8.2,993.4,15.6,286,0.8
2024-02-07,-9.0,-6.9,-12.2,989.7,21.5,69,5.6
2024-02-08,-16.2,-12.7,-18.5,999.8,14.9,307,0.0
2024-02-09,-16.6,-12.0,-20.1,1007.3,14.4,288,0.0
2024-02-10,-16.4,-11.2,-23.0,1016.8,9.7,141,0.0
2024-02-11,-10.7,-5.5,-15.8,1017.4,16.4,137,0.0
2024-02-12,-4.5,-2.4,-5.7,1012.3,13.5,104,2.5
2024-02-13,-8.8,-5.3,-12.3,1020.5,19.4,76,0.3
2024-02-14,-11.5,-9.0,-14.2,1028.2,20.2,110,6.7
2024-02-15,-9.7,-7.3,-13.6,1030.7,17.9,125,8.6
2024-02-16,-9.7,-6.2,-14.8,1032.3,14.9,138,0.6
2024-02-17,-0.7,2.2,-5.8,1018.9,30.9,201,4.2
2024-02-18,-3.0,0.9,-8.0,1018.3,24.9,298,1.7
2024-02-19,-9.9,-5.5,-12.9,1028.5,13.8,275,0.0
2024-02-20,-10.0,-5.3,-14.1,1025.2,16.2,186,0.0
2024-02-21,-6.6,-3.1,-10.4,1020.4,15.0,163,0.0
2024-02-22,-2.5,0.2,-5.1,1016.0,16.5,159,0.8
2024-02-23,0.9,2.5,-0.6,1014.8,21.4,159,0.9
2024-02-24,1.7,3.0,0.8,1019.1,24.5,175,2.0
2024-02-25,1.8,2.8,0.9,1021.5,24.6,185,4.6
2024-02-26,0.8,1.5,-0.1,1020.8,22.1,181,3.6
2024-02-27,1.9,4.1,0.4,1023.2,20.0,193,0.1
2024-02-28,0.6,2.5,-2.0,1022.2,17.6,207,2.4
2024-02-29,1.7,3.2,0.6,1021.4,14.4,227,3.1
2024-03-01,1.1,2.5,-0.4,1027.9,9.2,53,0.0
2024-03-02,1.0,3.3,-1.1,1029.7,13.4,112,0.0
2024-03-03,-2.1,4.4,-7.1,1030.4,11.8,140,0.0
2024-03-04,-3.8,2.2,-7.5,1026.7,11.0,150,0.0
2024-03-05,-4.7,-0.6,-9.8,1027.2,17.9,43,0.0
2024-03-06,-7.4,0.7,-13.9,1030.2,9.9,340,0.0
2024-03-07,-5.8,-1.0,-10.9,1024.6,11.3,308,0.0
2024-03-08,-3.1,0.6,-8.1,1018.7,19.3,334,0.2
2024-03-09,-5.4,-2.3,-10.2,1020.2,12.6,346,0.0
2024-03-10,-6.8,-2.3,-12.1,1022.6,13.0,337,0.0
2024-03-11,-2.3,1.5,-5.6,1025.9,19.3,286,0.0
2024-03-12,-3.4,2.8,-9.2,1026.3,11.2,263,0.0
2024-03-13,-2.3,4.2,-7.8,1024.3,15.5,210,0.0
2024-03-14,-1.0,5.5,-6.2,1020.5,17.1,215,0.0
2024-03-15,1.6,7.2,-2.4,1017.3,17.4,219,0.0
2024-03-16,2.6,7.7,-1.3,1017.1,18.1,207,0.0
2024-03-17,2.7,6.2,0.2,1013.6,17.6,195,1.5
2024-03-18,0.8,1.5,-0.6,1018.8,13.0,61,3.0
2024-03-19,0.4,3.0,-1.1,1024.5,10.1,91,0.0
2024-03-20,-0.2,4.8,-4.3,1025.2,10.2,163,0.0
2024-03-21,2.1,6.4,-1.5,1023.6,10.8,236,0.0
2024-03-22,3.3,7.4,-0.4,1013.8,20.7,216,0.2
2024-03-23,3.4,5.9,0.6,999.1,21.1,234,2.6
2024-03-24,0.2,1.7,-2.5,997.0,16.2,125,8.2
2024-03-25,0.6,4.2,-4.8,1003.6,18.3,252,0.0
2024-03-26,-0.1,6.4,-6.2,1011.8,12.4,193,0.0
2024-03-27,2.2,9.1,-4.7,1014.7,11.9,213,0.0
2024-03-28,4.4,10.1,-0.4,1012.3,20.2,172,0.0
2024-03-29,5.6,7.8,3.7,1001.9,23.2,176,5.3
2024-03-30,6.5,10.9,3.7,1008.1,23.4,250,0.7
2024-03-31,7.9,15.2,0.2,1013.6,14.8,177,0.3
2024-04-01,14.0,21.0,8.2,1004.7,20.4,196,0.1
2024-04-02,14.4,21.5,8.0,999.4,14.8,174,0.0
2024-04-03,9.5,13.6,4.1,987.2,28.8,180,3.3
2024-04-04,-0.1,4.4,-3.2,1007.8,22.8,311,0.3
2024-04-05,-0.8,3.0,-4.4,1020.7,16.6,111,0.9
2024-04-06,5.3,9.9,0.4,1013.5,19.4,198,3.2
2024-04-07,8.5,12.7,4.8,1016.8,18.3,250,0.2
2024-04-08,11.3,17.2,7.8,1015.5,21.7,255,1.1
2024-04-09,11.8,19.9,4.6,1015.2,14.2,205,8.4
2024-04-10,14.3,21.6,8.0,1017.1,13.9,145,0.0
2024-04-11,12.1,14.8,9.4,1018.6,23.5,273,0.3
2024-04-12,9.8,12.9,6.8,1014.2,33.0,273,1.8
2024-04-13,8.5,13.9,2.2,1013.7,11.8,279,0.0
2024-04-14,8.6,13.4,4.9,1004.6,22.3,228,11.4
2024-04-15,4.6,7.2,3.4,994.4,30.5,249,5.3
2024-04-16,6.6,10.1,4.1,998.3,22.4,269,1.6
2024-04-17,6.5,9.6,3.4,998.7,19.8,259,2.6
2024-04-18,5.6,9.6,1.6,1007.0,19.2,48,5.3
2024-04-19,3.5,9.3,-0.9,994.6,25.3,49,24.0
2024-04-20,4.2,9.4,-1.1,1011.7,24.0,223,1.6
2024-04-21,6.9,10.2,2.4,1019.9,28.6,77,2.9
2024-04-22,10.4,17.0,6.0,1008.4,28.7,137,2.5
2024-04-23,5.6,9.1,3.3,1017.4,25.5,224,0.0
2024-04-24,5.6,9.8,0.2,1019.7,17.1,162,0.0
2024-04-25,10.6,17.5,5.4,1007.6,23.6,153,2.5
2024-04-26,10.6,17.0,4.2,1010.7,16.8,355,0.3
2024-04-27,9.4,14.8,6.2,1018.2,17.1,332,0.4
2024-04-28,9.8,15.0,2.5,1027.3,6.6,262,0.0
2024-04-29,12.5,19.6,4.3,1031.2,11.1,256,0.0
2024-04-30,15.0,19.8,10.6,1028.8,24.9,258,0.0
2024-05-01,12.6,17.1,8.4,1024.4,14.7,328,0.0
2024-05-02,8.4,11.1,6.5,1021.4,17.8,12,0.0
2024-05-03,5.0,9.1,0.6,1020.8,14.5,28,0.0
2024-05-04,7.1,12.2,0.6,1014.4,17.3,280,6.1
2024-05-05,8.2,10.6,4.9,1006.3,25.3,330,1.1
2024-05-06,5.1,8.1,2.3,1011.0,15.0,45,0.0
2024-05-07,2.5,5.5,-0.9,1011.0,21.0,34,0.0
2024-05-08,0.5,3.5,-1.5,1017.2,28.2,318,4.7
2024-05-09,1.7,7.2,-3.7,1020.6,27.8,308,0.0
2024-05-10,5.2,8.9,-0.1,1011.0,21.2,272,3.2
2024-05-11,4.2,7.6,1.4,1011.3,26.1,321,0.9
2024-05-12,2.6,5.6,-0.6,1020.2,17.1,347,0.0
2024-05-13,6.0,11.4,-0.4,1022.2,10.3,11,0.0
2024-05-14,9.0,12.4,4.3,1022.4,8.0,20,0.0
2024-05-15,10.9,16.2,3.7,1025.1,9.7,217,0.0
2024-05-16,14.3,20.7,6.4,1022.2,18.9,281,0.2
2024-05-17,15.7,20.4,10.9,1018.2,16.5,5,1.1
2024-05-18,13.9,20.3,6.8,1020.9,10.4,73,0.0
2024-05-19,15.2,21.5,6.3,1017.6,10.9,136,0.0
2024-05-20,17.5,23.6,11.3,1014.8,15.1,249,0.0
2024-05-21,16.2,21.5,11.1,1018.7,11.5,359,0.1
2024-05-22,14.9,20.2,8.1,1022.9,12.4,55,0.0
2024-05-23,15.0,20.4,7.7,1027.7,11.6,116,0.0
2024-05-24,16.4,22.5,8.9,1030.7,11.0,212,0.0
2024-05-25,17.4,23.8,9.4,1027.4,12.5,243,0.0
2024-05-26,17.6,22.1,10.8,1025.1,12.0,0,2.3
2024-05-27,17.4,23.8,9.9,1027.0,12.1,116,0.0
2024-05-28,20.2,26.2,12.8,1022.1,11.4,199,0.3
2024-05-29,19.7,23.8,13.8,1017.2,12.7,243,4.5
2024-05-30,20.1,25.7,12.7,1014.1,9.6,62,1.0
2024-05-31,21.5,27.0,14.6,1014.7,14.6,143,0.0
2024-06-01,20.6,27.2,15.0,1016.3,11.6,111,0.6
2024-06-02,21.3,27.0,14.6,1012.0,13.7,146,0.1
2024-06-03,18.8,22.3,15.6,1005.6,13.5,228,8.5
2024-06-04,18.0,21.8,14.7,1006.5,19.1,265,3.8
2024-06-05,20.3,25.0,14.7,1009.2,9.6,282,0.2
2024-06-06,20.2,25.2,13.1,1007.2,14.0,323,0.9
2024-06-07,17.0,19.6,14.0,1011.2,19.9,308,0.2
2024-06-08,14.3,19.2,9.7,1011.6,14.4,276,6.6
2024-06-09,14.6,18.8,8.6,1009.5,17.0,225,0.0
2024-06-10,17.7,21.6,12.4,1008.0,14.6,204,0.8
2024-06-11,18.1,22.0,15.4,1004.2,22.0,225,8.2
2024-06-12,18.5,24.0,13.6,1009.3,11.7,250,6.4
2024-06-13,16.1,20.1,13.2,1012.0,14.6,343,4.6
2024-06-14,16.9,21.0,12.4,1013.2,14.0,351,0.2
2024-06-15,16.6,20.5,12.5,1015.1,9.6,313,0.3
2024-06-16,19.1,24.3,12.0,1016.7,13.0,61,0.1
2024-06-17,20.0,24.1,17.6,1011.6,23.9,73,1.7
2024-06-18,18.9,22.0,16.6,1007.6,25.0,291,6.1
2024-06-19,19.3,24.1,14.4,1011.3,20.4,242,0.9
2024-06-20,15.1,18.3,12.2,1005.4,26.0,293,16.3
2024-06-21,15.8,19.8,11.0,1010.2,23.6,290,0.2
2024-06-22,16.3,20.3,11.6,1010.2,17.7,297,0.0
2024-06-23,16.1,20.4,10.4,1009.2,9.7,21,0.0
2024-06-24,16.5,20.5,11.3,1011.1,12.0,10,0.8
2024-06-25,17.5,21.6,11.5,1015.5,18.7,327,0.0
2024-06-26,18.1,21.6,15.1,1014.6,16.2,336,3.8
2024-06-27,20.9,25.9,15.1,1015.7,10.2,340,0.0
2024-06-28,22.7,28.0,15.4,1016.8,8.4,272,0.0
2024-06-29,23.3,30.0,16.9,1014.4,11.1,239,5.5
2024-06-30,21.8,25.7,18.0,1013.9,10.6,307,0.5
2024-07-01,23.9,30.4,15.8,1009.1,16.3,199,0.1
2024-07-02,24.0,28.6,19.6,1003.4,26.0,208,0.6
2024-07-03,20.7,23.6,17.0,1002.7,26.1,222,3.4
2024-07-04,21.3,27.1,14.3,1009.1,20.8,109,0.0
2024-07-05,20.4,24.0,15.4,1005.2,19.1,186,12.1
2024-07-06,16.5,20.5,13.6,1012.5,24.5,261,2.0
2024-07-07,19.4,25.0,12.4,1020.5,22.7,193,0.0
2024-07-08,21.3,26.1,15.5,1019.7,14.5,189,0.0
2024-07-09,18.9,23.1,16.0,1021.5,14.2,319,0.7
2024-07-10,19.5,24.1,13.4,1025.9,10.0,328,0.0
2024-07-11,20.8,25.9,14.5,1024.1,9.0,52,0.0
2024-07-12,21.8,28.0,14.7,1018.0,16.6,188,0.8
2024-07-13,22.6,26.9,18.1,1013.9,10.0,289,0.2
2024-07-14,21.9,24.5,18.4,1012.5,13.2,324,17.0
2024-07-15,21.7,25.7,18.5,1015.4,12.0,326,0.2
2024-07-16,21.7,25.5,16.6,1018.1,8.8,29,0.3
2024-07-17,22.5,28.2,16.2,1017.6,11.9,133,6.0
2024-07-18,21.6,24.9,18.7,1015.5,14.9,305,1.4
2024-07-19,20.4,23.8,16.8,1013.1,13.5,290,0.5
2024-07-20,17.9,20.5,15.1,1009.7,11.7,288,6.4
2024-07-21,18.2,22.5,13.9,1009.6,8.9,321,1.4
2024-07-22,18.5,22.8,14.9,1011.8,16.2,49,11.0
2024-07-23,18.6,23.5,12.6,1015.3,12.4,69,0.0
2024-07-24,19.7,25.1,12.1,1014.1,8.8,48,0.0
2024-07-25,20.9,26.1,15.6,1010.6,14.6,13,0.6
2024-07-26,20.4,25.4,14.4,1012.0,9.4,115,0.0
2024-07-27,20.3,26.2,15.6,1013.8,13.6,259,1.1
2024-07-28,20.0,24.2,16.5,1011.5,17.3,284,6.8
2024-07-29,17.2,19.4,15.4,1000.0,15.7,159,13.8
2024-07-30,17.0,20.0,14.4,1001.1,17.0,350,2.4
2024-07-31,15.9,19.5,13.4,1003.3,22.2,302,5.8
2024-08-01,15.6,19.0,13.2,1001.7,17.3,283,2.6
2024-08-02,16.5,20.3,13.1,1002.5,12.2,292,1.8
2024-08-03,16.7,20.6,13.8,1004.6,11.0,281,6.9
2024-08-04,16.7,20.6,13.2,1005.7,13.3,300,4.2
2024-08-05,17.4,21.7,13.3,1007.5,10.5,315,1.5
2024-08-06,17.3,21.6,12.9,1009.7,8.5,8,0.7
2024-08-07,16.9,21.5,12.6,1010.4,10.9,24,1.6
2024-08-08,16.5,20.7,13.4,1011.4,11.5,10,2.7
2024-08-09,16.8,21.0,12.1,1013.0,9.4,357,0.5
2024-08-10,16.6,22.6,10.4,1010.4,15.2,228,5.5
2024-08-11,15.1,17.7,12.4,1004.7,18.4,268,2.6
2024-08-12,13.9,16.5,11.4,1004.3,18.5,293,1.5
2024-08-13,14.6,19.9,10.6,1008.5,18.5,327,5.3
2024-08-14,16.6,21.0,12.6,1013.6,18.6,322,0.0
2024-08-15,16.6,21.8,11.1,1016.6,19.6,324,0.3
2024-08-16,18.2,23.6,12.6,1015.8,11.8,293,0.4
2024-08-17,19.4,24.6,16.1,1010.5,18.8,248,1.1
2024-08-18,19.8,24.7,16.5,1010.6,13.7,284,2.5
2024-08-19,19.1,25.9,12.3,1012.5,10.0,247,6.5
2024-08-20,18.3,21.5,14.6,1016.0,12.4,3,0.2
2024-08-21,16.6,21.9,10.9,1017.0,14.7,102,0.0
2024-08-22,19.1,25.1,13.9,1011.6,19.2,136,12.6
2024-08-23,17.2,20.5,14.1,1012.3,14.2,227,5.8
2024-08-24,17.9,23.6,12.7,1016.4,20.1,227,0.9
2024-08-25,20.3,25.8,14.4,1018.9,11.9,232,0.0
2024-08-26,21.5,27.6,16.0,1019.7,11.0,251,0.0
2024-08-27,21.1,26.5,16.0,1022.3,11.9,3,0.4
2024-08-28,17.9,22.0,14.1,1026.8,11.6,10,0.1
2024-08-29,17.6,23.9,10.9,1027.0,8.2,80,0.0
2024-08-30,18.8,25.0,12.2,1026.0,9.8,130,0.0
2024-08-31,20.1,25.8,14.1,1023.9,13.6,167,0.0
2024-09-01,20.4,23.7,18.5,1022.6,14.9,153,0.0
2024-09-02,20.6,26.0,16.5,1024.9,12.5,133,0.0
2024-09-03,19.5,26.1,13.5,1026.7,10.6,110,0.0
2024-09-04,17.6,22.8,12.9,1029.1,14.1,69,0.1
2024-09-05,14.3,19.5,9.2,1032.3,13.1,95,0.0
2024-09-06,15.2,21.5,9.4,1032.6,7.8,132,0.0
2024-09-07,15.8,22.4,8.1,1030.6,8.2,214,0.0
2024-09-08,16.4,23.1,8.6,1027.8,7.3,197,0.0
2024-09-09,17.1,23.5,9.6,1023.1,13.3,132,0.0
2024-09-10,18.2,24.1,12.6,1016.7,17.9,135,0.0
2024-09-11,18.1,23.0,13.9,1014.1,18.6,145,0.0
2024-09-12,19.4,24.4,15.6,1016.0,15.0,138,0.8
2024-09-13,19.6,24.0,15.8,1019.5,19.6,134,0.0
2024-09-14,17.8,22.2,14.1,1022.3,14.9,131,0.0
2024-09-15,18.5,25.2,13.9,1024.2,15.8,143,0.0
2024-09-16,17.0,24.0,9.3,1028.0,10.2,134,0.0
2024-09-17,16.8,23.3,10.1,1031.6,8.6,170,0.0
2024-09-18,16.7,23.5,10.2,1031.9,10.0,239,0.0
2024-09-19,14.5,18.5,11.0,1030.0,12.6,318,0.0
2024-09-20,13.9,19.1,8.1,1027.3,13.7,297,0.0
2024-09-21,13.7,18.3,10.8,1020.6,19.8,288,0.0
2024-09-22,8.7,11.4,5.2,1023.0,13.7,339,0.0
2024-09-23,8.5,14.1,2.7,1022.9,9.7,183,0.0
2024-09-24,11.9,17.6,5.4,1020.0,15.5,176,0.0
2024-09-25,16.3,21.9,11.1,1016.4,22.2,188,0.0
2024-09-26,17.1,20.5,14.3,1013.9,25.0,186,0.2
2024-09-27,15.2,16.5,14.2,1005.3,26.2,193,18.3
2024-09-28,15.7,18.2,13.4,1006.4,23.8,213,8.1
2024-09-29,11.6,13.3,8.9,1015.6,15.2,242,7.4
2024-09-30,8.1,10.6,6.2,1026.9,16.7,8,0.0
2024-10-01,8.8,12.3,6.2,1024.3,21.5,74,0.0
2024-10-02,12.3,18.0,7.4,1016.3,14.7,145,0.0
2024-10-03,11.9,14.7,8.6,1015.7,11.8,201,0.0
2024-10-04,10.4,13.4,8.2,1012.3,16.4,230,8.1
2024-10-05,8.2,10.9,4.2,1017.3,14.7,321,0.0
2024-10-06,6.2,10.5,1.4,1018.4,12.6,87,0.4
2024-10-07,7.8,9.2,6.7,1008.9,14.1,45,10.0
2024-10-08,6.7,7.8,4.7,1009.6,20.4,28,14.9
2024-10-09,4.4,6.0,3.3,1014.9,14.5,53,0.0
2024-10-10,7.9,12.8,3.8,1011.2,20.0,144,0.0
2024-10-11,11.7,14.3,8.6,1009.7,20.7,160,1.3
2024-10-12,10.8,12.9,8.6,1014.7,19.6,27,33.7
2024-10-13,6.7,9.5,4.9,1018.2,20.0,136,21.6
2024-10-14,3.0,5.7,1.0,1012.1,21.4,148,10.6
2024-10-15,5.1,7.9,2.0,1011.0,15.8,229,1.9
2024-10-16,4.2,6.6,1.8,1024.3,20.0,325,0.2
2024-10-17,5.4,8.2,1.6,1031.2,12.2,295,0.3
2024-10-18,5.6,8.6,3.1,1033.3,9.6,201,0.0
2024-10-19,5.4,10.3,2.7,1032.8,9.4,272,0.0
2024-10-20,5.9,11.6,1.9,1031.7,11.4,299,0.0
2024-10-21,6.1,11.3,0.6,1028.2,21.0,240,0.0
2024-10-22,8.9,11.9,7.2,1021.0,21.8,258,1.5
2024-10-23,9.1,10.3,7.1,1014.8,28.3,273,3.5
2024-10-24,7.0,8.5,5.1,1018.8,22.8,286,0.7
2024-10-25,6.7,9.1,3.7,1022.2,15.3,320,0.0
2024-10-26,7.4,9.7,5.4,1023.7,17.7,256,0.0
2024-10-27,6.5,8.9,5.2,1022.5,8.1,203,0.2
2024-10-28,6.7,8.5,4.3,1015.9,14.8,225,1.0
2024-10-29,4.0,6.1,0.4,1016.7,20.9,278,0.2
2024-10-30,3.7,8.0,-0.5,1009.5,28.1,240,3.9
2024-10-31,2.6,3.9,1.1,1005.8,27.9,282,0.7
2024-11-01,3.2,5.2,1.6,990.5,15.2,228,25.0
2024-11-02,-0.6,1.6,-2.3,999.0,19.0,321,5.7
2024-11-03,-0.2,1.2,-1.8,1011.1,22.6,282,2.0
2024-11-04,-0.7,-0.1,-1.7,1009.7,25.1,354,5.2
2024-11-05,-1.0,0.2,-2.0,1018.9,18.5,300,0.3
2024-11-06,2.3,5.0,-0.1,1018.3,21.4,279,0.8
2024-11-07,4.7,5.6,3.8,1023.1,18.2,292,0.3
2024-11-08,3.3,4.2,1.7,1029.8,19.1,307,0.2
2024-11-09,3.7,5.3,1.6,1029.5,24.5,283,0.0
2024-11-10,3.0,4.8,1.2,1031.0,13.7,324,0.0
2024-11-11,0.2,1.0,-0.6,1033.1,8.1,115,0.0
2024-11-12,0.6,1.6,-0.2,1031.7,14.2,237,0.0
2024-11-13,0.7,1.7,-0.2,1027.0,13.3,249,0.0
2024-11-14,-0.7,0.3,-1.1,1015.5,17.2,225,0.0
2024-11-15,0.4,1.4,-0.9,1006.9,17.5,268,1.1
2024-11-16,3.9,6.2,1.1,1002.4,25.5,245,2.1
2024-11-17,5.2,6.4,3.8,997.7,22.8,227,0.8
2024-11-18,2.7,3.8,1.4,994.2,25.5,222,6.1
2024-11-19,1.1,2.3,-1.0,1002.3,20.4,225,1.1
2024-11-20,2.0,5.4,0.1,997.8,25.7,168,3.6
2024-11-21,2.4,5.9,-0.2,987.4,28.0,217,18.9
2024-11-22,-1.5,-0.1,-3.0,1000.2,23.0,211,0.7
2024-11-23,-1.5,-0.3,-4.3,1004.4,19.8,220,6.1
2024-11-24,-2.6,-1.5,-5.4,1020.6,15.9,249,0.0
2024-11-25,-2.6,-0.9,-4.3,1028.4,24.3,196,1.0
2024-11-26,-0.8,0.7,-1.7,1022.0,21.3,204,0.1
2024-11-27,-1.6,-0.2,-3.0,1020.8,16.9,199,1.4
2024-11-28,-1.4,0.9,-3.2,1020.7,9.4,240,5.8
2024-11-29,0.5,1.2,-0.2,1025.8,10.5,248,0.0
2024-11-30,0.1,0.5,-0.8,1029.5,15.3,249,0.0
2024-12-01,0.7,1.5,-0.6,1026.1,18.4,248,0.1
2024-12-02,-1.0,0.5,-2.5,1022.5,18.1,228,0.0
2024-12-03,0.7,1.3,0.3,1016.8,17.6,220,0.2
2024-12-04,-1.7,1.0,-4.6,1025.7,18.0,319,0.6
2024-12-05,-5.2,-4.4,-5.5,1037.7,14.3,113,0.0
2024-12-06,-5.0,-4.2,-5.4,1033.9,16.3,133,0.3
2024-12-07,-3.5,-2.5,-4.2,1027.6,15.9,133,2.4
2024-12-08,-1.3,-0.5,-2.3,1026.0,8.9,156,3.0
2024-12-09,-2.1,-0.4,-6.8,1030.8,12.1,331,0.0
2024-12-10,-4.1,-3.2,-6.6,1030.6,15.3,264,0.0
2024-12-11,-2.3,-0.3,-4.2,1016.4,18.0,273,0.0
2024-12-12,-3.6,-1.7,-6.5,1010.2,21.7,308,0.6
2024-12-13,-7.3,-6.2,-9.1,1017.0,25.5,321,0.8
2024-12-14,-3.9,-2.4,-5.9,1010.1,20.0,235,5.0
2024-12-15,-2.9,-1.2,-4.6,994.4,18.8,228,1.6
2024-12-16,-2.9,-0.4,-5.6,988.1,28.3,254,5.0
2024-12-17,-3.1,-1.0,-9.5,989.0,22.9,287,1.2
2024-12-18,-11.3,-8.9,-14.9,1008.3,21.7,314,0.0
2024-12-19,-8.2,1.7,-14.4,1005.7,19.9,183,3.4
2024-12-20,2.3,3.2,1.3,995.4,18.8,214,5.1
2024-12-21,-1.3,1.3,-3.5,1004.8,22.9,238,0.5
2024-12-22,-2.3,-1.4,-3.0,1007.9,22.0,204,0.0
2024-12-23,-4.6,-2.8,-6.3,1012.7,17.2,184,0.0
2024-12-24,-3.5,-2.2,-5.8,1020.5,10.8,221,0.5
2024-12-25,-0.8,0.2,-2.2,1028.4,13.8,253,1.1
2024-12-26,0.6,1.2,0.2,1029.0,14.5,245,0.7
2024-12-27,0.9,1.5,-0.2,1029.6,12.6,285,0.0
2024-12-28,0.1,0.8,-0.2,1027.0,8.0,252,0.0
2024-12-29,-0.3,0.4,-1.4,1019.9,17.7,223,0.0
2024-12-30,0.4,1.7,-0.9,1006.9,29.2,241,1.9
2024-12-31,-1.6,-0.9,-3.0,1006.0,18.8,262,0.4
2025-01-01,-2.3,1.5,-5.7,1003.2,28.1,229,5.3
2025-01-02,0.4,2.5,-3.3,987.1,32.7,249,6.3
2025-01-03,-4.9,-4.0,-6.4,999.7,16.0,241,0.1
2025-01-04,-4.3,-3.8,-5.5,998.8,12.9,176,1.3
2025-01-05,-5.6,-3.9,-7.9,1005.6,20.9,248,0.0
2025-01-06,-5.7,-4.9,-7.1,1013.5,17.2,211,0.0
2025-01-07,-2.5,0.8,-7.8,1006.8,15.3,169,3.1
2025-01-08,1.1,2.0,-0.1,999.7,24.3,213,4.8
2025-01-09,-1.2,-0.2,-2.2,1009.1,20.5,229,0.0
2025-01-10,0.0,1.4,-1.7,1009.8,14.3,153,5.4
2025-01-11,1.4,2.5,-0.9,1004.2,16.5,155,4.1
2025-01-12,-2.2,-1.4,-3.7,1016.6,16.4,222,0.0
2025-01-13,-4.7,-2.2,-7.2,1025.4,14.9,300,0.2
2025-01-14,-2.8,0.9,-7.0,1013.5,21.0,243,1.4
2025-01-15,0.0,1.2,-2.7,1015.4,18.0,311,0.3
2025-01-16,-0.6,1.8,-3.2,1018.1,22.0,265,1.6
2025-01-17,1.8,2.5,0.8,1016.3,23.4,293,0.0
2025-01-18,1.0,2.5,-1.4,1010.5,26.1,284,0.1
2025-01-19,-1.9,-0.4,-3.3,1015.0,21.6,294,0.0
2025-01-20,-0.3,0.9,-3.8,1018.7,21.7,313,0.1
2025-01-21,-6.3,-4.6,-7.8,1030.0,14.8,73,0.8
2025-01-22,-5.5,-2.5,-7.6,1024.3,20.6,159,5.6
2025-01-23,-1.3,-0.1,-2.3,1017.5,14.8,199,1.0
2025-01-24,-1.1,-0.2,-1.8,1017.5,14.5,191,0.2
2025-01-25,-0.2,0.7,-1.0,1017.3,19.2,200,0.4
2025-01-26,1.5,2.7,0.5,1014.2,19.8,215,1.2
2025-01-27,2.3,3.3,1.2,1009.2,18.8,214,1.5
2025-01-28,1.4,2.3,-0.8,1012.4,16.8,201,0.0
2025-01-29,2.2,2.8,1.6,1013.6,15.9,178,0.7
2025-01-30,3.3,4.9,2.0,1015.6,18.3,214,1.7
2025-01-31,2.7,5.3,0.3,1020.6,16.8,214,0.0
2025-02-01,2.2,3.0,0.7,1013.3,20.1,199,2.4
2025-02-02,-1.4,0.5,-3.8,1012.2,19.3,248,1.7
2025-02-03,-2.4,-0.4,-4.0,1014.5,12.7,234,1.7
2025-02-04,-3.6,-2.5,-5.8,1024.7,11.1,313,0.4
2025-02-05,-5.2,-1.9,-7.8,1035.8,11.2,44,0.0
2025-02-06,-1.8,-0.4,-3.0,1041.9,8.5,107,0.0
2025-02-07,-1.8,-0.1,-3.2,1052.2,12.6,70,0.0
2025-02-08,-3.3,-2.5,-4.2,1052.5,9.8,105,0.0
2025-02-09,-5.0,-3.8,-5.8,1046.2,8.3,155,0.0
2025-02-10,-6.8,-5.9,-7.7,1041.0,10.3,28,0.0
2025-02-11,-7.6,-5.8,-8.4,1043.1,9.6,3,0.0
2025-02-12,-8.5,-6.8,-9.7,1035.0,10.4,275,0.0
2025-02-13,-8.2,-7.2,-8.9,1023.3,7.5,257,0.0
2025-02-14,-7.9,-6.1,-9.2,1015.1,13.4,334,0.4
2025-02-15,-9.1,-7.9,-10.1,1014.6,12.4,339,0.8
2025-02-16,-10.6,-9.6,-11.6,1014.1,14.5,326,0.6
2025-02-17,-11.2,-9.0,-12.9,1017.2,15.0,263,0.0
2025-02-18,-10.3,-6.6,-15.1,1018.6,11.7,255,0.0
2025-02-19,-8.2,-6.4,-10.1,1021.5,12.2,303,0.7
2025-02-20,-7.7,-5.4,-10.3,1032.7,8.9,300,0.1
2025-02-21,-8.0,-2.4,-11.9,1038.2,13.2,251,0.0
2025-02-22,-6.7,-2.5,-9.5,1036.0,13.9,243,0.0
2025-02-23,-7.1,-0.6,-12.2,1034.2,8.2,184,0.0
2025-02-24,-7.3,0.8,-13.3,1030.3,6.9,192,0.0
2025-02-25,-4.5,3.0,-11.2,1024.3,7.7,259,0.0
2025-02-26,-1.4,3.2,-5.8,1022.3,12.3,198,0.0
2025-02-27,-4.1,2.5,-8.6,1025.6,11.4,213,0.0
2025-02-28,-2.9,1.3,-7.6,1024.7,12.5,204,0.9
2025-03-01,-0.3,1.9,-2.1,1023.7,11.1,226,2.7
2025-03-02,-0.4,0.9,-1.3,1018.0,14.8,241,0.7
2025-03-03,0.2,2.2,-1.2,1007.1,15.7,249,5.1
2025-03-04,1.3,2.3,-0.4,998.9,23.4,267,6.1
2025-03-05,0.7,2.7,-1.4,1000.8,22.8,266,3.8
2025-03-06,4.0,6.7,2.5,999.4,26.5,269,2.5
2025-03-07,4.7,7.7,-0.8,1011.1,24.3,290,0.0
2025-03-08,3.5,11.2,-3.2,1017.8,20.6,238,0.0
2025-03-09,3.9,9.1,0.2,1015.6,16.1,287,0.0
2025-03-10,1.9,6.9,-2.9,1014.1,14.8,121,0.0
2025-03-11,5.6,10.6,1.7,999.8,16.1,194,1.8
2025-03-12,2.7,4.9,1.6,999.9,11.3,35,7.4
2025-03-13,4.9,10.6,0.9,1002.0,19.4,192,0.1
2025-03-14,5.0,9.5,-1.1,991.7,33.5,225,9.7
2025-03-15,-2.3,1.8,-5.4,1016.0,22.3,281,0.0
2025-03-16,-0.8,4.9,-5.2,1009.1,24.9,243,0.4
2025-03-17,-3.7,-0.1,-6.2,1011.8,20.0,348,0.0
2025-03-18,-3.0,0.6,-7.2,1015.2,12.6,247,0.7
2025-03-19,1.8,6.5,-2.8,1012.6,26.2,258,0.6
2025-03-20,2.4,8.5,-2.5,1020.2,22.1,271,0.0
2025-03-21,3.1,8.2,-1.1,1022.1,14.0,304,0.0
2025-03-22,0.2,4.2,-3.9,1035.5,14.1,66,0.0
2025-03-23,-0.7,5.3,-6.8,1036.3,11.9,122,0.0
2025-03-24,3.7,10.4,-3.3,1027.4,30.6,151,0.1
2025-03-25,3.8,6.3,1.6,1015.4,21.1,192,3.2
2025-03-26,3.6,8.2,-0.2,1012.6,14.2,221,0.7
2025-03-27,4.4,7.8,2.4,1014.5,8.4,275,0.7
2025-03-28,4.9,11.4,-0.9,1018.6,12.1,216,0.0
2025-03-29,5.4,12.9,-1.1,1021.2,12.4,205,0.0
2025-03-30,6.7,11.9,0.8,1018.0,17.9,190,0.0
2025-03-31,8.8,13.9,4.5,1019.6,15.1,129,0.0
2025-04-01,8.2,14.9,3.0,1021.2,15.6,34,0.0
2025-04-02,7.4,13.2,2.2,1021.0,17.4,350,0.0
2025-04-03,8.3,13.9,3.6,1018.8,13.6,321,0.0
2025-04-04,7.0,10.6,3.8,1007.2,24.9,283,0.0
2025-04-05,1.1,4.9,-2.2,1007.0,19.8,27,0.3
2025-04-06,-1.3,1.5,-3.8,1012.3,26.7,39,0.0
2025-04-07,-3.0,-2.4,-3.8,1011.2,25.1,37,6.4
2025-04-08,-2.1,0.6,-3.8,1012.6,27.3,20,1.0
2025-04-09,-0.1,4.5,-3.2,1003.5,25.1,281,0.8
2025-04-10,-0.7,1.2,-2.2,1002.5,17.0,359,3.9
2025-04-11,-1.4,2.5,-5.8,1003.3,21.9,234,1.3
2025-04-12,-0.6,3.8,-4.8,1008.1,19.7,282,2.3
2025-04-13,4.1,11.2,-1.6,1013.7,14.1,271,0.0
2025-04-14,7.4,15.7,-0.6,1019.3,21.2,197,0.0
2025-04-15,10.5,16.1,6.7,1019.8,21.5,233,2.3
2025-04-16,12.0,20.0,3.5,1026.1,14.4,180,0.0
2025-04-17,11.6,17.5,7.8,1021.8,19.2,198,3.6
2025-04-18,15.1,23.1,9.2,1015.5,14.7,221,1.9
2025-04-19,17.9,24.5,12.1,1012.5,17.0,233,0.0
2025-04-20,17.1,22.9,11.9,1011.1,19.6,236,0.0
2025-04-21,16.0,22.9,10.0,1010.7,21.2,229,0.9
2025-04-22,12.9,18.0,8.4,1015.8,14.7,32,0.0
2025-04-23,13.4,20.5,7.3,1013.7,19.6,260,0.2
2025-04-24,10.1,15.3,4.2,1013.9,11.9,10,0.0
2025-04-25,7.5,11.4,1.2,1010.1,20.5,309,2.8
2025-04-26,2.0,6.1,-2.1,1014.7,22.6,317,0.6
2025-04-27,0.7,4.4,-2.3,1023.1,22.4,340,0.5
2025-04-28,3.8,10.9,-3.2,1024.2,26.5,262,0.1
2025-04-29,6.1,10.7,4.3,1008.6,25.7,248,4.8
2025-04-30,5.7,8.2,3.6,1012.8,18.0,319,0.8
2025-05-01,1.6,3.3,0.6,1013.3,27.4,47,10.2
2025-05-02,4.6,11.1,-1.4,1016.5,16.5,340,0.0
2025-05-03,7.7,14.3,2.7,1002.5,21.8,230,2.9
2025-05-04,9.5,14.9,3.8,1000.0,15.8,216,0.6
2025-05-05,5.6,7.8,1.1,1001.7,25.1,274,5.1
2025-05-06,3.8,7.6,-1.8,1012.6,18.9,248,0.3
2025-05-07,5.9,9.6,3.2,1009.8,16.3,251,1.6
2025-05-08,2.8,5.0,0.9,1011.8,18.2,294,6.2
2025-05-09,2.3,6.9,-1.0,1012.0,12.7,257,1.5
2025-05-10,3.6,8.6,-0.5,1013.8,20.4,341,0.8
2025-05-11,2.6,5.2,0.9,1010.9,23.5,306,6.7
2025-05-12,4.7,8.6,1.5,1010.2,15.9,358,4.0
2025-05-13,5.6,10.8,0.9,1009.9,14.6,22,1.0
2025-05-14,8.0,12.9,2.7,1003.7,12.6,254,0.5
2025-05-15,10.4,16.1,3.5,1005.0,19.0,168,0.0
2025-05-16,12.0,17.4,6.8,1012.3,21.7,158,3.2
2025-05-17,12.4,17.5,6.4,1015.1,15.8,113,2.5
2025-05-18,14.8,19.1,10.7,1008.7,20.1,103,0.6
2025-05-19,11.1,12.7,9.9,1004.6,12.0,32,9.5
2025-05-20,12.8,18.3,6.8,1001.6,14.5,308,0.1
2025-05-21,12.2,16.1,8.9,1002.9,18.3,304,0.0
2025-05-22,13.6,20.9,4.3,1011.1,14.8,169,0.2
2025-05-23,17.7,23.6,10.8,1013.7,18.0,175,0.0
2025-05-24,19.4,25.0,12.3,1016.5,17.7,153,0.0
2025-05-25,18.7,23.9,13.7,1017.2,26.3,159,0.3
2025-05-26,19.5,25.3,14.8,1015.9,29.8,162,0.0
2025-05-27,18.8,22.5,15.6,1016.8,21.1,172,0.0
2025-05-28,19.5,25.2,14.1,1015.9,18.1,154,0.0
2025-05-29,19.8,25.6,13.4,1012.8,19.9,145,0.0
2025-05-30,19.5,23.3,15.4,1010.4,18.3,183,0.1
2025-05-31,17.1,22.2,13.1,1009.2,16.5,262,3.4
2025-06-01,13.9,17.1,10.3,1012.4,22.0,303,0.5
2025-06-02,14.9,20.6,7.2,1013.5,16.3,232,1.4
2025-06-03,16.0,19.5,12.7,1010.4,18.6,276,0.4
2025-06-04,15.5,21.5,9.1,1013.4,15.7,314,0.0
2025-06-05,17.7,24.0,7.7,1015.1,15.7,216,0.0
2025-06-06,18.4,24.4,15.1,1010.0,19.6,218,6.2
2025-06-07,18.9,23.5,14.1,1010.8,23.2,247,0.5
2025-06-08,17.2,22.5,12.1,1009.5,20.8,214,8.1
2025-06-09,16.6,21.6,11.9,1005.4,27.7,210,7.0
2025-06-10,12.7,14.7,11.1,1013.0,25.1,249,0.7
2025-06-11,13.2,16.8,7.9,1015.8,11.0,227,0.6
2025-06-12,13.2,16.0,10.3,1012.8,11.9,101,2.0
2025-06-13,14.2,18.5,11.0,1012.8,23.2,4,2.4
2025-06-14,14.4,17.2,12.0,1014.1,27.3,6,2.8
2025-06-15,16.4,21.0,11.1,1012.5,17.8,352,0.0
2025-06-16,17.3,22.5,12.0,1009.8,18.3,316,0.7
2025-06-17,16.5,20.4,13.1,1007.3,8.0,260,8.6
2025-06-18,16.0,19.2,13.5,1005.1,17.0,291,2.7
2025-06-19,13.1,14.9,10.9,999.8,21.1,289,13.5
2025-06-20,12.3,15.9,9.0,1001.7,20.0,321,4.4
2025-06-21,12.4,16.6,6.8,1011.6,18.4,340,0.2
2025-06-22,12.0,15.2,10.2,1007.6,13.0,111,10.6
2025-06-23,13.2,17.4,9.6,1011.8,13.0,82,1.4
2025-06-24,14.0,18.7,10.1,1003.3,28.6,194,1.8
2025-06-25,13.1,15.8,10.4,996.4,26.0,229,7.2
2025-06-26,13.7,17.0,11.6,999.6,22.4,299,2.1
2025-06-27,13.3,18.5,7.7,1009.0,18.9,315,0.2
2025-06-28,14.7,20.2,10.0,1006.4,9.6,151,0.2
2025-06-29,14.1,17.2,11.1,1000.0,25.1,252,11.6
2025-06-30,11.6,14.4,9.6,991.3,29.4,306,10.5
2025-07-01,12.8,15.2,10.8,1001.0,26.7,327,1.2
2025-07-02,14.5,18.5,11.6,1008.9,20.3,332,2.5
2025-07-03,20.0,25.8,12.6,1011.9,16.2,292,0.2
2025-07-04,17.6,19.5,13.4,1010.8,22.3,272,1.3
2025-07-05,14.3,17.5,10.4,1013.7,20.2,281,0.0
2025-07-06,15.4,20.2,12.4,1011.0,21.8,234,2.6
2025-07-07,19.4,25.8,13.5,1008.2,13.2,218,0.3
2025-07-08,21.4,27.1,16.9,1004.2,25.1,197,7.5
2025-07-09,19.5,23.3,13.6,1009.5,16.7,99,1.9
2025-07-10,24.2,31.4,18.0,1009.2,15.1,135,0.0
2025-07-11,24.6,30.6,17.8,1012.6,15.5,113,0.0
2025-07-12,23.6,29.8,19.2,1016.2,20.9,109,2.1
2025-07-13,22.3,27.7,16.8,1016.8,13.8,59,21.8
2025-07-14,20.3,26.2,16.8,1014.1,15.2,63,9.4
2025-07-15,19.5,24.0,16.9,1009.5,9.8,49,4.9
2025-07-16,19.7,24.0,16.1,1006.9,14.4,71,0.5
2025-07-17,20.1,25.0,14.1,1009.3,11.6,62,0.0
2025-07-18,19.0,23.2,14.6,1014.7,16.7,67,0.0
2025-07-19,19.6,25.1,13.4,1014.0,20.5,100,1.9
2025-07-20,18.9,22.1,16.4,1008.9,17.3,97,12.9
2025-07-21,17.4,19.2,15.9,1006.2,16.2,73,16.7
2025-07-22,17.9,21.2,15.4,1005.6,13.8,66,3.7
2025-07-23,19.5,23.8,15.4,1005.8,10.8,42,0.6
2025-07-24,20.6,25.4,14.6,1008.4,9.4,28,0.7
2025-07-25,21.0,25.6,14.6,1011.8,10.5,74,0.4
2025-07-26,19.9,24.8,13.9,1012.6,11.2,117,0.0
2025-07-27,20.2,25.0,15.2,1013.0,14.8,142,0.8
2025-07-28,21.3,26.9,14.1,1013.2,14.0,125,0.0
2025-07-29,22.2,27.3,15.3,1013.4,13.8,123,0.2
2025-07-30,22.7,27.8,16.5,1013.6,15.4,103,0.0
2025-07-31,20.7,24.5,16.1,1010.8,11.7,81,4.2
2025-08-01,19.2,25.3,16.5,1007.8,21.3,94,14.8
2025-08-02,19.3,23.4,16.5,1012.2,14.4,268,0.0
2025-08-03,19.4,25.2,12.6,1018.9,9.4,355,0.0
2025-08-04,19.1,23.3,13.1,1016.9,11.5,35,6.1
2025-08-05,20.4,24.9,16.8,1010.6,17.6,308,3.0
2025-08-06,19.0,23.1,14.9,1012.7,16.3,256,0.1
2025-08-07,16.7,20.4,13.4,1015.7,15.4,278,2.4
2025-08-08,16.0,20.5,10.9,1018.4,11.2,272,0.3
2025-08-09,15.6,19.8,11.7,1017.6,14.1,287,0.1
2025-08-10,17.0,22.2,11.4,1016.2,13.0,272,0.1
2025-08-11,14.8,17.7,12.9,1011.2,12.0,302,6.0
2025-08-12,16.0,20.1,12.9,1014.9,15.2,302,2.6
2025-08-13,15.1,19.8,10.3,1018.0,15.9,299,0.1
2025-08-14,14.5,18.7,10.3,1020.2,22.2,326,1.4
2025-08-15,16.9,22.4,11.4,1022.0,14.4,323,0.0
2025-08-16,15.8,21.0,10.6,1010.1,23.1,225,5.5
2025-08-17,12.6,15.1,9.4,1004.5,10.3,272,4.4
2025-08-18,12.0,16.2,8.2,1007.1,19.3,301,16.4
2025-08-19,15.3,18.3,13.1,1007.9,18.6,293,0.7
2025-08-20,13.2,16.2,10.6,1003.8,21.8,259,5.9
2025-08-21,11.6,15.9,6.8,1007.5,9.2,330,0.5
2025-08-22,11.6,16.9,4.4,1009.4,11.3,181,0.0
2025-08-23,12.4,18.2,5.5,1004.7,9.8,191,0.3
2025-08-24,12.1,17.0,7.3,1003.3,11.2,233,0.5
2025-08-25,9.6,13.3,6.9,1002.4,18.5,226,4.0
2025-08-26,10.2,13.5,7.6,1004.9,17.6,231,0.6
2025-08-27,11.3,15.4,6.8,1010.6,18.6,264,0.3
2025-08-28,12.5,17.5,8.3,1016.2,23.4,258,0.0
2025-08-29,14.2,18.1,9.5,1014.5,14.2,163,1.4
2025-08-30,20.4,26.0,15.6,1009.7,19.7,218,2.2
2025-08-31,20.5,26.8,15.4,1010.6,13.0,225,0.0
2025-09-01,16.4,18.5,13.8,1011.1,18.3,317,6.0
2025-09-02,15.0,19.0,10.7,1014.8,16.1,356,0.0
2025-09-03,13.6,18.9,8.1,1018.1,9.2,9,0.0
2025-09-04,12.6,18.7,6.1,1021.0,10.1,112,0.0
2025-09-05,13.7,20.2,7.6,1022.8,8.0,154,0.0
2025-09-06,14.1,20.5,6.9,1025.7,8.5,93,0.0
2025-09-07,14.1,20.4,7.3,1028.0,8.7,60,0.0
2025-09-08,14.4,20.5,8.1,1027.7,9.6,59,0.0
2025-09-09,15.2,21.6,8.1,1027.4,12.8,92,0.0
2025-09-10,14.8,20.4,8.9,1029.8,10.5,114,0.0
2025-09-11,13.6,20.0,5.7,1029.6,11.6,133,0.0
2025-09-12,13.5,18.6,7.3,1029.5,16.6,134,0.0
2025-09-13,13.3,18.7,8.4,1031.5,14.3,168,0.0
2025-09-14,12.8,18.5,7.2,1030.0,14.9,174,0.0
2025-09-15,14.3,20.8,7.6,1023.2,19.5,168,0.0
2025-09-16,16.0,21.0,10.9,1016.9,25.3,179,0.0
2025-09-17,13.3,15.9,11.8,1013.2,18.0,191,6.2
2025-09-18,11.5,13.6,9.4,1014.1,11.2,201,3.9
2025-09-19,10.7,15.2,8.1,1010.6,18.9,231,4.0
2025-09-20,12.8,15.9,9.6,1015.1,20.0,268,0.0
2025-09-21,16.8,21.4,12.4,1012.2,19.8,233,0.0
2025-09-22,18.2,23.9,15.3,1009.3,23.8,240,0.7
2025-09-23,11.5,13.6,7.9,1013.0,19.5,259,1.1
2025-09-24,7.5,9.8,5.8,1018.6,21.3,290,0.7
2025-09-25,7.1,10.1,3.3,1026.5,17.5,312,0.2
2025-09-26,8.3,13.6,2.7,1030.6,16.8,297,0.0
2025-09-27,9.0,10.4,7.9,1027.2,17.6,334,3.3
2025-09-28,6.5,8.4,4.8,1031.9,22.3,63,0.1
2025-09-29,5.8,8.9,3.4,1037.6,18.9,81,0.0
2025-09-30,4.2,9.4,-0.4,1039.1,9.9,83,0.0
2025-10-01,3.6,10.0,-2.7,1037.0,11.7,38,0.0
2025-10-02,4.9,11.4,0.1,1032.5,12.2,64,0.0
2025-10-03,6.1,10.4,2.8,1030.1,11.3,96,2.5
2025-10-04,7.8,11.8,3.8,1023.8,15.5,134,0.0
2025-10-05,9.5,13.4,6.9,1010.1,15.5,137,0.7
2025-10-06,9.7,13.1,6.1,1013.5,8.9,188,0.1
2025-10-07,10.0,12.1,8.6,1021.1,7.6,33,5.7
2025-10-08,9.6,12.6,7.4,1022.8,6.7,87,0.1
2025-10-09,9.8,13.4,7.2,1017.9,10.1,123,0.5
2025-10-10,8.4,9.4,6.4,1009.0,8.3,39,5.3
2025-10-11,7.6,10.7,5.5,1008.4,16.8,267,0.6
2025-10-12,4.8,7.1,3.0,1004.4,15.5,268,2.7
2025-10-13,3.5,4.2,2.6,1003.5,17.3,343,6.1
2025-10-14,3.1,4.9,2.2,1008.2,13.7,309,7.0
2025-10-15,2.8,4.9,0.6,1012.1,9.8,313,3.8
2025-10-16,4.4,6.8,0.6,1012.9,18.4,228,1.2
2025-10-17,6.3,8.4,2.8,1011.1,18.7,265,4.1
2025-10-18,1.5,5.3,-1.8,1018.9,9.0,45,0.0
2025-10-19,1.6,4.4,-0.3,1020.0,11.4,57,0.0
2025-10-20,1.7,3.4,1.2,1019.1,8.5,26,0.3
2025-10-21,2.1,4.8,1.0,1018.6,9.4,24,0.0
2025-10-22,3.0,5.0,1.2,1019.5,9.4,137,0.0
2025-10-23,3.7,5.3,1.6,1015.3,18.3,170,0.3
2025-10-24,6.4,8.3,4.2,1007.9,15.8,161,1.5
2025-10-25,9.3,11.9,7.7,1002.0,20.7,130,0.0
2025-10-26,6.5,9.8,4.2,998.3,18.5,175,9.4
2025-10-27,5.2,7.1,3.2,1000.6,20.2,168,1.4
2025-10-28,3.5,5.3,1.4,998.1,12.4,220,1.3
2025-10-29,3.4,6.8,0.9,1002.8,10.4,222,0.3
2025-10-30,4.8,7.6,1.8,1011.4,12.4,209,0.4
2025-10-31,5.4,5.9,5.0,1006.1,19.3,109,6.2
2025-11-01,4.8,5.6,4.0,1018.1,11.5,83,1.0
2025-11-02,4.5,7.6,2.2,1022.7,16.3,192,0.0
2025-11-03,5.9,7.6,3.3,1016.4,15.8,188,2.3
2025-11-04,7.4,8.7,5.9,1017.2,17.2,269,2.4
2025-11-05,6.7,9.1,4.2,1023.9,19.4,228,0.0
2025-11-06,8.1,8.9,7.2,1018.3,17.9,245,1.0
2025-11-07,8.3,9.4,7.6,1016.9,16.5,257,1.8
2025-11-08,7.1,8.3,6.2,1017.4,18.6,270,4.6
2025-11-09,4.4,6.1,3.6,1016.7,15.5,240,0.0
2025-11-10,3.2,4.1,2.7,1014.6,11.4,255,0.3
2025-11-11,3.5,5.7,2.0,1016.4,6.8,253,0.0
2025-11-12,3.4,4.6,2.1,1018.9,13.4,82,0.0
2025-11-13,3.9,5.2,3.2,1013.4,25.7,210,0.0
2025-11-14,4.4,8.2,0.6,1004.3,29.1,234,1.1
2025-11-15,-0.8,0.6,-3.9,1008.3,23.2,277,1.3
2025-11-16,-2.2,-0.8,-4.0,1015.1,19.6,222,0.0
2025-11-17,-0.4,1.4,-2.6,1004.3,20.5,186,10.2
2025-11-18,0.4,1.3,-1.5,997.4,26.9,264,11.5
2025-11-19,-1.7,-0.7,-3.6,1013.6,23.5,231,0.9
2025-11-20,-0.8,0.3,-2.3,1019.0,15.8,193,0.6
2025-11-21,-0.5,1.1,-2.5,1017.4,17.7,188,1.1
2025-11-22,-0.3,0.3,-1.0,1018.1,13.0,253,1.4
2025-11-23,-3.8,-0.9,-6.7,1022.9,12.0,220,0.0
2025-11-24,-1.9,-0.4,-3.8,1006.0,17.9,190,11.0
2025-11-25,-1.9,-0.8,-4.1,1013.2,17.3,230,0.5
2025-11-26,-1.4,-0.9,-2.2,1018.6,10.3,51,2.5
2025-11-27,1.1,2.8,-0.9,1015.6,15.5,165,3.0
2025-11-28,-0.2,2.0,-2.2,1018.3,18.2,241,0.0
2025-11-29,-1.0,0.3,-1.9,1020.1,17.6,218,0.0
2025-11-30,0.8,1.6,0.3,1021.2,12.6,209,0.0
2025-12-01,0.6,1.6,-0.9,1021.6,17.1,185,0.0
2025-12-02,-0.4,0.4,-1.1,1024.7,13.5,224,0.0
2025-12-03,-0.0,0.9,-0.6,1028.6,10.7,215,0.0
2025-12-04,1.3,2.3,0.2,1026.9,12.0,196,0.0
2025-12-05,1.3,2.0,0.7,1026.5,11.8,212,0.2
2025-12-06,1.7,2.6,1.4,1027.4,13.0,209,0.1
2025-12-07,0.2,1.4,-0.5,1025.3,15.0,181,0.8
2025-12-08,0.2,0.7,-0.3,1023.7,16.3,178,0.9
2025-12-09,0.0,0.7,-0.5,1015.7,19.9,193,3.6
2025-12-10,0.5,1.5,-0.9,1012.1,15.6,213,0.5
2025-12-11,3.1,4.6,1.6,1006.1,22.5,235,2.1
2025-12-12,-0.2,3.8,-5.1,1007.1,23.5,325,2.1
2025-12-13,-5.8,-4.9,-7.6,1021.5,25.3,320,0.0
2025-12-14,-8.1,-7.4,-9.4,1021.0,15.8,295,0.0
2025-12-15,-4.9,-2.8,-9.4,1014.4,10.0,177,1.1
2025-12-16,0.6,2.0,-2.5,1016.8,17.6,243,1.3
2025-12-17,0.6,2.0,-0.3,1019.9,16.9,242,0.0
2025-12-18,-0.0,0.9,-0.8,1018.8,18.3,263,0.0
2025-12-19,-0.2,0.6,-1.6,1024.1,13.8,243,0.0
2025-12-20,-0.5,0.3,-1.0,1017.6,22.2,234,0.9
2025-12-21,0.8,1.1,0.5,1010.2,17.8,238,3.3
2025-12-22,-1.7,1.0,-7.8,1012.1,21.8,331,4.1
2025-12-23,-11.7,-8.6,-13.9,1027.9,20.3,1,0.0
2025-12-24,-8.8,-3.5,-14.1,1029.3,18.1,275,0.8
2025-12-25,-1.4,1.0,-3.2,1019.4,26.8,273,7.4
2025-12-26,0.3,1.2,-0.6,1005.4,28.4,335,1.7
2025-12-27,-1.6,-0.7,-2.6,1002.5,20.3,289,4.7
2025-12-28,-2.9,-2.1,-3.7,992.8,13.3,42,5.1
2025-12-29,-5.3,-3.8,-6.3,994.9,10.6,233,1.3
2025-12-30,-6.3,-5.2,-7.2,989.1,13.8,61,4.6
2025-12-31,-7.8,-6.7,-10.0,993.7,13.9,354,1.2
2026-01-01,-11.7,-9.7,-15.1,1001.3,13.9,270,0.3
2026-01-02,-12.6,-7.9,-16.3,1000.3,22.9,153,3.4
2026-01-03,-4.7,-2.8,-7.4,995.2,13.8,164,0.6
2026-01-04,-5.1,-2.5,-6.8,1000.0,17.1,225,0.4
2026-01-05,-4.8,-3.8,-7.2,1011.7,15.7,238,0.8
2026-01-06,-6.2,-5.2,-7.3,1025.3,16.2,147,0.9
2026-01-07,-7.1,-6.1,-7.8,1016.9,17.3,135,4.2
2026-01-08,-10.0,-6.2,-13.4,1016.7,18.5,3,0.0
2026-01-09,-13.7,-11.9,-15.1,1007.9,28.5,43,9.0
2026-01-10,-9.4,-5.5,-12.1,1000.6,20.3,76,2.9
2026-01-11,-9.2,-7.4,-12.3,1005.9,12.0,36,1.4
2026-01-12,-7.8,-6.2,-9.6,1011.1,17.3,42,4.5
2026-01-13,-8.2,-7.1,-9.6,1019.5,11.8,49,0.7
2026-01-14,-7.2,-6.3,-7.8,1024.1,9.5,15,0.5
2026-01-15,-6.4,-5.2,-7.5,1026.6,6.1,120,0.0
2026-01-16,-8.9,-6.5,-14.2,1038.2,7.9,213,0.0
2026-01-17,-14.1,-10.9,-18.2,1045.1,14.3,212,0.0
2026-01-18,-11.2,-8.4,-14.9,1042.1,24.5,252,0.0
2026-01-19,-7.8,-6.3,-9.3,1035.7,11.3,281,2.4
2026-01-20,-7.0,-6.3,-7.6,1027.5,8.5,287,0.5
2026-01-21,-6.2,-4.6,-7.2,1022.5,12.0,27,0.1
2026-01-22,-8.1,-6.9,-9.4,1025.5,13.3,75,1.0
2026-01-23,-10.3,-8.9,-12.4,1026.6,10.1,114,0.0
2026-01-24,-14.5,-11.9,-18.8,1027.9,6.1,121,0.0
2026-01-25,-16.8,-13.1,-19.5,1028.6,7.9,226,0.0
2026-01-26,-14.9,-7.2,-22.1,1020.7,27.6,190,7.4
2026-01-27,-9.6,-6.4,-13.1,1013.0,15.1,25,6.2
2026-01-28,-12.3,-11.7,-13.2,1011.3,18.0,53,12.9
2026-01-29,-14.2,-12.1,-17.0,1014.0,19.6,39,4.9
2026-01-30,-18.9,-15.2,-22.2,1023.3,15.2,22,0.0
2026-01-31,-20.2,-17.0,-22.8,1027.3,16.7,24,0.0
2026-02-01,-21.8,-16.4,-25.1,1022.8,20.0,2,1.0
2026-02-02,-16.6,-14.1,-20.0,1013.5,18.5,325,1.1
2026-02-03,-18.2,-13.8,-22.1,1019.2,12.9,317,0.0
2026-02-04,-16.0,-11.8,-22.2,1027.2,11.1,298,0.0
2026-02-05,-19.3,-11.9,-24.5,1027.3,13.6,193,0.0
2026-02-06,-14.1,-9.2,-18.8,1018.4,11.9,170,0.0
2026-02-07,-10.1,-7.3,-13.1,1013.1,13.0,65,0.3
2026-02-08,-11.0,-9.1,-12.4,1017.2,19.9,11,0.3
2026-02-09,-12.1,-10.8,-12.9,1016.7,16.6,297,0.0
2026-02-10,-11.6,-7.4,-14.2,1010.8,15.5,253,0.6
2026-02-11,-10.9,-7.7,-15.9,1001.1,14.3,209,1.2
2026-02-12,-5.0,-3.3,-7.3,993.5,10.4,183,3.7
2026-02-13,-6.2,-4.5,-7.1,995.8,16.9,53,8.6
2026-02-14,-7.9,-6.2,-11.2,997.9,14.5,25,5.3
2026-02-15,-14.5,-10.9,-18.6,1012.7,14.3,339,0.1
2026-02-16,-17.9,-12.9,-22.9,1012.7,16.6,16,0.0
2026-02-17,-14.5,-8.4,-18.8,1016.0,14.1,346,0.0
2026-02-18,-16.6,-9.8,-22.6,1021.7,11.3,96,0.0
2026-02-19,-9.9,-7.3,-12.9,1009.4,16.7,87,10.6
2026-02-20,-9.4,-8.2,-10.5,1010.2,22.8,275,2.4
2026-02-21,-5.0,-0.1,-8.9,1018.1,22.8,267,0.3
2026-02-22,-4.0,-1.2,-6.2,1007.6,27.9,227,2.4
2026-02-23,-5.9,-0.4,-12.9,1011.0,19.8,252,0.0
2026-02-24,-7.0,-3.8,-11.1,1013.4,14.8,79,1.6
2026-02-25,-6.0,-4.7,-7.8,1020.6,15.1,32,0.2
2026-02-26,-9.0,-4.3,-12.4,1031.7,13.7,128,0.0
2026-02-27,-3.5,-0.5,-7.5,1024.0,22.8,217,1.3
2026-02-28,1.4,3.7,-1.2,1018.1,20.4,247,2.5
2026-03-01,2.1,5.7,0.9,1017.5,10.9,211,0.7
2026-03-02,1.6,2.3,0.4,1011.5,17.4,282,0.6
2026-03-03,0.2,1.5,-1.0,1017.4,16.6,325,0.7
2026-03-04,0.0,2.2,-2.5,1010.8,19.0,261,2.5
2026-03-05,0.1,2.2,-1.6,1008.4,16.2,317,1.9
2026-03-06,-2.0,0.3,-5.4,1020.6,15.9,320,0.0
2026-03-07,-0.1,4.7,-4.8,1021.7,20.7,288,0.0
2026-03-08,0.3,4.1,-3.5,1026.3,17.4,299,0.0
2026-03-09,3.2,7.4,0.5,1024.1,17.7,269,0.5
2026-03-10,4.0,8.4,0.4,1019.2,20.9,266,0.0
2026-03-11,3.9,9.7,0.0,1018.6,16.3,225,0.0
2026-03-12,4.5,10.8,0.1,1019.9,16.5,227,0.0
2026-03-13,5.1,12.4,1.6,1022.3,15.9,218,0.0
2026-03-14,4.0,10.2,0.8,1023.4,16.8,189,0.0
2026-03-15,2.5,7.8,-1.8,1025.8,16.6,186,0.0
2026-03-16,1.7,7.6,-2.9,1024.1,14.6,190,0.0
2026-03-17,1.4,8.1,-4.7,1027.9,11.8,179,0.0
2026-03-18,1.9,8.9,-3.0,1031.7,5.2,120,0.0
2026-03-19,2.0,9.4,-5.2,1023.8,11.9,232,0.0
2026-03-20,1.1,7.0,-2.5,1015.5,11.4,303,0.2
2026-03-21,1.6,8.3,-3.5,1023.6,9.8,289,0.0
2026-03-22,3.0,9.8,-2.5,1024.4,11.2,267,0.0
2026-03-23,3.8,11.4,-2.4,1019.8,12.1,235,0.0
2026-03-24,4.4,10.0,0.6,1014.3,14.3,236,0.0
2026-03-25,5.1,12.2,0.2,1008.9,17.7,202,0.0
2026-03-26,5.7,12.1,0.6,1010.5,20.2,179,0.0
2026-03-27,6.1,12.6,0.0,1014.7,11.8,211,0.0
2026-03-28,6.4,13.9,0.1,1017.6,13.9,25,0.0
2026-03-29,6.7,14.5,-0.2,1018.3,9.6,72,0.0
2026-03-30,8.6,16.2,2.2,1013.5,12.6,115,0.0
2026-03-31,8.4,16.5,2.6,1011.0,11.3,78,0.0
2026-04-01,8.7,14.9,2.1,1013.5,16.8,3,0.0
2026-04-02,7.9,14.2,1.6,1011.9,13.9,6,0.0
